{
"type": "FeatureCollection",
"name": "Cadastral_Parcels",
"crs": { "type": "name", "properties": { "name": "urn:ogc:def:crs:OGC:1.3:CRS84" } },
"features": [
{"type":"Feature","properties":{"OBJECTID":117,"ParcelType":1,"P_ID":22339,"ACCOUNT":"3492B010000","TAXID_LOKI":"53492B010000","ACRES":0.80252702,"TAXACRE":1.2,"ORIGACRE":1.2,"FTYPE":"PARCEL","GENOWN":"NATIVE CORP","BUYLEASE":"N","OWNER_1":"EKLUTNA INC","NAME_2":"","MAILING_ADDRESS_LINE_A":"# 201","MAILING_ADDRESS_LINE_B":"16515  CENTERFIELD DR ","MAILING_ADDRESS_CITY":"EAGLE RIVER","MAILING_ADDRESS_STATE":"AK","MAILING_ADDRESS_ZIP":"99577-7719","Buyer_Name":"","Buyer_Name_2":"","Buyer_Mailing_Address_A":"","Buyer_Mailing_Address_B":"","Buyer_Mailing_Address_City":"","Buyer_Mailing_Address_State":"","Buyer_Mailing_Address_Zip":"","MERIDIAN":"S","TWP_NUM":"18","TWP_NS":"N","RNG_NUM":"02","RNG_EW":"E","SECT_NUM":"02","GRIDNAME":"PA","GRIDNUM":"03","LANDVALUE":4600.0,"LANDASSD":0.0,"BLDGVALUE":0.0,"BLDGASSD":0.0,"GENAREA":"3661","NBHD":"B_EXCEPT_A1","TAXZONE":"0020","CITY":"","COMMCOUN":"2","FSA":"004","RSA":"031","SSA_1":"","SSA_2":"","ESN":21,"ECN":15,"ASSMBDISTRICT":"1","VOTINGPRCNT":"29-530","DFIRM":"02170C7300E","SPUD":"Sutton","SUBDNUM":3492,"LEGAL":"MOOSE TWNST                        BLOCK 1","DOC1_DATE":"1988-10-03T00:00:00Z","DOC1_TYPE":"Patent","DOC1_RCRD":"Palmer-Bk 563 Pg 162","DOC2_DATE":null,"DOC2_TYPE":"","DOC2_RCRD":"","LANDUSE":"","RESUNIT":0.0,"MHUNIT":0.0,"DUPLEXUNIT":0.0,"MULTIUNIT":0.0,"GQUNIT":0.0,"MH_PK_UNIT":0.0,"BLDG_USE1":"","BLDG_USE2":"","BLDG_USE3":"","BLDG_USE4":"","BLDG_USE5":"","BLDG_USE6":"","Photo":"https://ecommerce.matsugov.us/assessment/Pages/Photos.aspx?isDLG=1&P_ID=22339","GlobalID":"{FFBFAD67-0395-4406-8163-631585706C42}","Shape_Length":0.0063876730433710107,"Shape_Area":5.5085214764061318e-07},"geometry":{"type":"MultiPolygon","coordinates":[[[[-149.027490976999957,61.678271159000076,0.0],[-149.028932057999981,61.678269411000031,0.0],[-149.028933961999968,61.67867880600005,0.0],[-149.028877633999969,61.67866609400005,0.0],[-149.028580535999964,61.678603701000043,0.0],[-149.02827775999998,61.678547811000044,0.0],[-149.02749160999997,61.678392779000035,0.0],[-149.027490976999957,61.678271159000076,0.0]]],[[[-149.027493967999959,61.678845270000068,0.0],[-149.027492631999962,61.678589238000029,0.0],[-149.02882578699996,61.678843628000038,0.0],[-149.027493967999959,61.678845270000068,0.0]]]]}},
{"type":"Feature","properties":{"OBJECTID":169,"ParcelType":2,"P_ID":30169,"ACCOUNT":"18N02E03D006","TAXID_LOKI":"118N02E03D006","ACRES":36.95291906,"TAXACRE":40.0,"ORIGACRE":40.0,"FTYPE":"PARCEL","GENOWN":"PRIVATE","BUYLEASE":"N","OWNER_1":"HALL MARK DAVID","NAME_2":"","MAILING_ADDRESS_LINE_A":"","MAILING_ADDRESS_LINE_B":"6941 FREITAG DR","MAILING_ADDRESS_CITY":"ANCHORAGE","MAILING_ADDRESS_STATE":"AK","MAILING_ADDRESS_ZIP":"99516","Buyer_Name":"","Buyer_Name_2":"","Buyer_Mailing_Address_A":"","Buyer_Mailing_Address_B":"","Buyer_Mailing_Address_City":"","Buyer_Mailing_Address_State":"","Buyer_Mailing_Address_Zip":"","MERIDIAN":"S","TWP_NUM":"18","TWP_NS":"N","RNG_NUM":"02","RNG_EW":"E","SECT_NUM":"03","GRIDNAME":"PA","GRIDNUM":"03","LANDVALUE":184000.0,"LANDASSD":184000.0,"BLDGVALUE":0.0,"BLDGASSD":0.0,"GENAREA":"3661","NBHD":"A2N16","TAXZONE":"0024","CITY":"","COMMCOUN":"24","FSA":"132","RSA":"","SSA_1":"","SSA_2":"","ESN":19,"ECN":14,"ASSMBDISTRICT":"1","VOTINGPRCNT":"29-505","DFIRM":"02170C7290F","SPUD":null,"SUBDNUM":0,"LEGAL":"TOWNSHIP 18N RANGE 2E              SECTION 3 LOT D6","DOC1_DATE":"1992-11-30T00:00:00Z","DOC1_TYPE":"","DOC1_RCRD":"Palmer-Bk 700 Pg 44","DOC2_DATE":"1995-05-12T00:00:00Z","DOC2_TYPE":"WARRANTY DEED (ALL TYPES)","DOC2_RCRD":"Palmer-Bk 804 Pg 606","LANDUSE":"","RESUNIT":0.0,"MHUNIT":0.0,"DUPLEXUNIT":0.0,"MULTIUNIT":0.0,"GQUNIT":0.0,"MH_PK_UNIT":0.0,"BLDG_USE1":"","BLDG_USE2":"","BLDG_USE3":"","BLDG_USE4":"","BLDG_USE5":"","BLDG_USE6":"","Photo":"https://ecommerce.matsugov.us/assessment/Pages/Photos.aspx?isDLG=1&P_ID=30169","GlobalID":"{2D89A554-6221-4F6F-B1AB-79B0A9E277C0}","Shape_Length":0.031000615370611165,"Shape_Area":2.5345704460784495e-05},"geometry":{"type":"MultiPolygon","coordinates":[[[[-149.065265855999968,61.675260531000049,0.0],[-149.07144691299996,61.675260012000081,0.0],[-149.071162879999974,61.675475963000054,0.0],[-149.070854748999977,61.675906890000078,0.0],[-149.070449514999979,61.67640523700004,0.0],[-149.070068726999978,61.676885484000081,0.0],[-149.069389693999966,61.677570597000056,0.0],[-149.069020016999957,61.678116365000051,0.0],[-149.068515610999981,61.678549904000079,0.0],[-149.068390802999971,61.678825004000032,0.0],[-149.068343373999966,61.678875029000039,0.0],[-149.065256852999966,61.67888270900005,0.0],[-149.065265855999968,61.675260531000049,0.0]]],[[[-149.072115955999976,61.675259108000034,0.0],[-149.072862292999957,61.675257937000083,0.0],[-149.072871225999961,61.678876119000051,0.0],[-149.068841816999964,61.678874736000068,0.0],[-149.068981032999972,61.678666296000074,0.0],[-149.069526688999957,61.678222018000042,0.0],[-149.069875827999965,61.677721710000071,0.0],[-149.070487965999973,61.677088359000038,0.0],[-149.071012780999979,61.676468886000066,0.0],[-149.071371917999983,61.675996370000064,0.0],[-149.071597633999971,61.675646656000083,0.0],[-149.071880769999979,61.675410925000051,0.0],[-149.072115955999976,61.675259108000034,0.0]]]]}},
{"type":"Feature","properties":{"OBJECTID":227,"ParcelType":2,"P_ID":41912,"ACCOUNT":"18N02E03D008","TAXID_LOKI":"118N02E03D008","ACRES":30.38157637,"TAXACRE":30.34,"ORIGACRE":30.9,"FTYPE":"PARCEL","GENOWN":"PRIVATE","BUYLEASE":"N","OWNER_1":"TAYLOR DONOVAN P JR","NAME_2":"","MAILING_ADDRESS_LINE_A":"","MAILING_ADDRESS_LINE_B":"PO BOX 4124","MAILING_ADDRESS_CITY":"PALMER","MAILING_ADDRESS_STATE":"AK","MAILING_ADDRESS_ZIP":"99645","Buyer_Name":"","Buyer_Name_2":"","Buyer_Mailing_Address_A":"","Buyer_Mailing_Address_B":"","Buyer_Mailing_Address_City":"","Buyer_Mailing_Address_State":"","Buyer_Mailing_Address_Zip":"","MERIDIAN":"S","TWP_NUM":"18","TWP_NS":"N","RNG_NUM":"02","RNG_EW":"E","SECT_NUM":"10","GRIDNAME":"PA","GRIDNUM":"03","LANDVALUE":157400.0,"LANDASSD":157400.0,"BLDGVALUE":86500.0,"BLDGASSD":86500.0,"GENAREA":"3661","NBHD":"A2N16","TAXZONE":"0024","CITY":"","COMMCOUN":"24","FSA":"132","RSA":"","SSA_1":"","SSA_2":"","ESN":19,"ECN":14,"ASSMBDISTRICT":"1","VOTINGPRCNT":"29-505","DFIRM":"02170C7290F","SPUD":null,"SUBDNUM":0,"LEGAL":"TOWNSHIP 18N RANGE 2E              SECTION 3 LOT D8","DOC1_DATE":"2017-03-28T00:00:00Z","DOC1_TYPE":"CORRECTIVE DEED","DOC1_RCRD":"Palmer-Bk  Pg ","DOC2_DATE":"2016-12-13T00:00:00Z","DOC2_TYPE":"WARRANTY DEED (ALL TYPES)","DOC2_RCRD":"Palmer-Bk  Pg ","LANDUSE":"","RESUNIT":1.0,"MHUNIT":0.0,"DUPLEXUNIT":0.0,"MULTIUNIT":0.0,"GQUNIT":0.0,"MH_PK_UNIT":0.0,"BLDG_USE1":"1100","BLDG_USE2":"","BLDG_USE3":"","BLDG_USE4":"","BLDG_USE5":"","BLDG_USE6":"","Photo":"https://ecommerce.matsugov.us/assessment/Pages/Photos.aspx?isDLG=1&P_ID=41912","GlobalID":"{DDCA59CB-0600-4578-AB6A-DBB4FF349BCD}","Shape_Length":0.022121287251846859,"Shape_Area":2.0836274110238293e-05},"geometry":{"type":"MultiPolygon","coordinates":[[[[-149.071757654999971,61.671637965000059,0.0],[-149.072855114999982,61.671636822000039,0.0],[-149.072858762999971,61.674314838000043,0.0],[-149.072058831999982,61.674830734000068,0.0],[-149.071497595999972,61.675221474000068,0.0],[-149.07144691299996,61.675260012000081,0.0],[-149.065265855999968,61.675260531000049,0.0],[-149.06521792999996,61.673893925000073,0.0],[-149.070801074999963,61.67163895200008,0.0],[-149.071757654999971,61.671637965000059,0.0]]],[[[-149.072757073999981,61.674845246000075,0.0],[-149.072859894999965,61.674773023000057,0.0],[-149.072862292999957,61.675257937000083,0.0],[-149.072115955999976,61.675259108000034,0.0],[-149.072757073999981,61.674845246000075,0.0]]]]}},
{"type":"Feature","properties":{"OBJECTID":243,"ParcelType":2,"P_ID":44256,"ACCOUNT":"18N03E06B005","TAXID_LOKI":"118N03E06B005","ACRES":30.53778883,"TAXACRE":26.84,"ORIGACRE":36.97,"FTYPE":"PARCEL","GENOWN":"PRIVATE","BUYLEASE":"N","OWNER_1":"MCLAUGHLIN KYLE C & ALANA E","NAME_2":"","MAILING_ADDRESS_LINE_A":"","MAILING_ADDRESS_LINE_B":"10414 N GLENN HWY ","MAILING_ADDRESS_CITY":"PALMER","MAILING_ADDRESS_STATE":"AK","MAILING_ADDRESS_ZIP":"99645","Buyer_Name":"","Buyer_Name_2":"","Buyer_Mailing_Address_A":"","Buyer_Mailing_Address_B":"","Buyer_Mailing_Address_City":"","Buyer_Mailing_Address_State":"","Buyer_Mailing_Address_Zip":"","MERIDIAN":"S","TWP_NUM":"18","TWP_NS":"N","RNG_NUM":"03","RNG_EW":"E","SECT_NUM":"06","GRIDNAME":"PA","GRIDNUM":"02","LANDVALUE":92600.0,"LANDASSD":0.0,"BLDGVALUE":819200.0,"BLDGASSD":626541.0,"GENAREA":"3652","NBHD":"B_EXCEPT_A1","TAXZONE":"0020","CITY":"","COMMCOUN":"2","FSA":"004","RSA":"031","SSA_1":"","SSA_2":"","ESN":22,"ECN":15,"ASSMBDISTRICT":"1","VOTINGPRCNT":"29-530","DFIRM":null,"SPUD":"Sutton","SUBDNUM":0,"LEGAL":"TOWNSHIP 18N RANGE 3E              SECTION 6 LOT B5","DOC1_DATE":"2022-10-05T00:00:00Z","DOC1_TYPE":"WARRANTY DEED (ALL TYPES)","DOC1_RCRD":"Palmer-Bk  Pg ","DOC2_DATE":"2018-05-31T00:00:00Z","DOC2_TYPE":"QUITCLAIM DEED (ALL TYPE)","DOC2_RCRD":"Palmer-Bk  Pg ","LANDUSE":"","RESUNIT":4.0,"MHUNIT":0.0,"DUPLEXUNIT":0.0,"MULTIUNIT":0.0,"GQUNIT":0.0,"MH_PK_UNIT":0.0,"BLDG_USE1":"1100","BLDG_USE2":"1110","BLDG_USE3":"","BLDG_USE4":"","BLDG_USE5":"","BLDG_USE6":"","Photo":"https://ecommerce.matsugov.us/assessment/Pages/Photos.aspx?isDLG=1&P_ID=44256","GlobalID":"{9FC57E19-50A7-4FF1-BAAC-C4CA172B141E}","Shape_Length":0.021820044810816182,"Shape_Area":2.0950632223217237e-05},"geometry":{"type":"MultiPolygon","coordinates":[[[[-148.993996692999957,61.678892142000052,0.0],[-148.996796306999983,61.678887351000071,0.0],[-148.996804292999968,61.68249792000006,0.0],[-148.990201883999958,61.682497844000068,0.0],[-148.990193967999971,61.680805554000074,0.0],[-148.990830491999958,61.680298945000061,0.0],[-148.991001177999976,61.680186949000074,0.0],[-148.991183710999962,61.680079251000052,0.0],[-148.991377609999972,61.679976135000061,0.0],[-148.991582364999971,61.679877872000077,0.0],[-148.991797441999978,61.679784718000064,0.0],[-148.993996692999957,61.678892142000052,0.0]]],[[[-148.990184995999982,61.678887276000069,0.0],[-148.991315002999983,61.678887312000029,0.0],[-148.990676453999981,61.679142324000054,0.0],[-148.990508195999979,61.67921345700006,0.0],[-148.990345057999974,61.679287233000082,0.0],[-148.990187221999975,61.679363568000042,0.0],[-148.990184995999982,61.678887276000069,0.0]]]]}},
{"type":"Feature","properties":{"OBJECTID":288,"ParcelType":2,"P_ID":52133,"ACCOUNT":"18N02E02B006","TAXID_LOKI":"118N02E02B006","ACRES":11.31611956,"TAXACRE":16.85,"ORIGACRE":16.85,"FTYPE":"PARCEL","GENOWN":"STATE","BUYLEASE":"N","OWNER_1":"ALASKA STATE OF","NAME_2":"DEPT OF NATURAL RESOURCES DIV OF LANDS","MAILING_ADDRESS_LINE_A":"","MAILING_ADDRESS_LINE_B":"550 W 7TH AVE ","MAILING_ADDRESS_CITY":"ANCHORAGE","MAILING_ADDRESS_STATE":"AK","MAILING_ADDRESS_ZIP":"99501-3579","Buyer_Name":"","Buyer_Name_2":"","Buyer_Mailing_Address_A":"","Buyer_Mailing_Address_B":"","Buyer_Mailing_Address_City":"","Buyer_Mailing_Address_State":"","Buyer_Mailing_Address_Zip":"","MERIDIAN":"S","TWP_NUM":"18","TWP_NS":"N","RNG_NUM":"02","RNG_EW":"E","SECT_NUM":"03","GRIDNAME":"PA","GRIDNUM":"03","LANDVALUE":34900.0,"LANDASSD":0.0,"BLDGVALUE":0.0,"BLDGASSD":0.0,"GENAREA":"3661","NBHD":"B_EXCEPT_A1","TAXZONE":"0020","CITY":"","COMMCOUN":"2","FSA":"004","RSA":"031","SSA_1":"","SSA_2":"","ESN":22,"ECN":14,"ASSMBDISTRICT":"1","VOTINGPRCNT":"29-505","DFIRM":"02170C7300E","SPUD":"Sutton","SUBDNUM":0,"LEGAL":"TOWNSHIP 18N RANGE 2E              SECTION 2 LOT B6","DOC1_DATE":null,"DOC1_TYPE":"","DOC1_RCRD":"","DOC2_DATE":null,"DOC2_TYPE":"","DOC2_RCRD":"","LANDUSE":"","RESUNIT":0.0,"MHUNIT":0.0,"DUPLEXUNIT":0.0,"MULTIUNIT":0.0,"GQUNIT":0.0,"MH_PK_UNIT":0.0,"BLDG_USE1":"","BLDG_USE2":"","BLDG_USE3":"","BLDG_USE4":"","BLDG_USE5":"","BLDG_USE6":"","Photo":"https://ecommerce.matsugov.us/assessment/Pages/Photos.aspx?isDLG=1&P_ID=52133","GlobalID":"{03D2985B-B112-4C67-81FB-FBDBADE424A7}","Shape_Length":0.021603782441147051,"Shape_Area":7.7632243852547141e-06},"geometry":{"type":"MultiPolygon","coordinates":[[[[-149.046288919999967,61.684312422000062,0.0],[-149.04628785099996,61.682916767000052,0.0],[-149.04666497499997,61.682874216000073,0.0],[-149.047332103999963,61.683451429000058,0.0],[-149.047887970999966,61.683536626000034,0.0],[-149.050306069999976,61.683055551000052,0.0],[-149.051314696999981,61.683110888000044,0.0],[-149.052328274999979,61.683409745000063,0.0],[-149.054053942999957,61.684307804000071,0.0],[-149.050059037999972,61.684312795000039,0.0],[-149.046288919999967,61.684312422000062,0.0]]],[[[-149.055774800999984,61.68430578300007,0.0],[-149.057162625999979,61.683892330000049,0.0],[-149.057615483999967,61.683903352000073,0.0],[-149.057615459999965,61.684102344000053,0.0],[-149.057615436999981,61.684302952000053,0.0],[-149.05654377999997,61.684304465000082,0.0],[-149.055774800999984,61.68430578300007,0.0]]]]}},
{"type":"Feature","properties":{"OBJECTID":59404,"ParcelType":2,"P_ID":60809,"ACCOUNT":"18N03E16A001","TAXID_LOKI":"118N03E16A001","ACRES":639.89994177999995,"TAXACRE":640.0,"ORIGACRE":640.0,"FTYPE":"PARCEL","GENOWN":"NATIVE CORP","BUYLEASE":"N","OWNER_1":"CHICKALOON MOOSE CRK NV A","NAME_2":"","MAILING_ADDRESS_LINE_A":"","MAILING_ADDRESS_LINE_B":"PO BOX 875046","MAILING_ADDRESS_CITY":"WASILLA","MAILING_ADDRESS_STATE":"AK","MAILING_ADDRESS_ZIP":"99687-5046","Buyer_Name":"","Buyer_Name_2":"","Buyer_Mailing_Address_A":"","Buyer_Mailing_Address_B":"","Buyer_Mailing_Address_City":"","Buyer_Mailing_Address_State":"","Buyer_Mailing_Address_Zip":"","MERIDIAN":"S","TWP_NUM":"18","TWP_NS":"N","RNG_NUM":"03","RNG_EW":"E","SECT_NUM":"16","GRIDNAME":"PA","GRIDNUM":"02","LANDVALUE":294400.0,"LANDASSD":0.0,"BLDGVALUE":0.0,"BLDGASSD":0.0,"GENAREA":"3654","NBHD":"A1N10","TAXZONE":"0021","CITY":"","COMMCOUN":null,"FSA":"","RSA":"","SSA_1":"","SSA_2":"","ESN":23,"ECN":14,"ASSMBDISTRICT":"1","VOTINGPRCNT":"25-315","DFIRM":null,"SPUD":null,"SUBDNUM":0,"LEGAL":"TOWNSHIP 18N RANGE 3E              SECTION 16 LOT A1","DOC1_DATE":"1993-10-28T00:00:00Z","DOC1_TYPE":"Patent","DOC1_RCRD":"Palmer-Bk 739 Pg 256","DOC2_DATE":null,"DOC2_TYPE":"","DOC2_RCRD":"","LANDUSE":"","RESUNIT":0.0,"MHUNIT":0.0,"DUPLEXUNIT":0.0,"MULTIUNIT":0.0,"GQUNIT":0.0,"MH_PK_UNIT":0.0,"BLDG_USE1":"","BLDG_USE2":"","BLDG_USE3":"","BLDG_USE4":"","BLDG_USE5":"","BLDG_USE6":"","Photo":"https://ecommerce.matsugov.us/assessment/Pages/Photos.aspx?isDLG=1&P_ID=60809","GlobalID":"{AAE9AA8F-7251-4161-B841-E4BE7DC9C0B3}","Shape_Length":0.08961331564784783,"Shape_Area":0.00043851160899093596},"geometry":{"type":"MultiPolygon","coordinates":[[[[-148.906363085999971,61.642891967000082,0.0],[-148.936721544999983,61.642891444000043,0.0],[-148.936777654999958,61.657332446000055,0.0],[-148.906657780999979,61.65733308800003,0.0],[-148.906404909999964,61.657332907000068,0.0],[-148.906363085999971,61.642891967000082,0.0]]]]}},
{"type":"Feature","properties":{"OBJECTID":59444,"ParcelType":2,"P_ID":38492,"ACCOUNT":"18N03E08C002","TAXID_LOKI":"118N03E08C002","ACRES":4.18817835,"TAXACRE":4.06,"ORIGACRE":4.06,"FTYPE":"PARCEL","GENOWN":"PRIVATE","BUYLEASE":"N","OWNER_1":"NAKAMURA KEVIN","NAME_2":"","MAILING_ADDRESS_LINE_A":"","MAILING_ADDRESS_LINE_B":"95-309  ALAOKI PL ","MAILING_ADDRESS_CITY":"MILILANI","MAILING_ADDRESS_STATE":"HI","MAILING_ADDRESS_ZIP":"96789","Buyer_Name":"","Buyer_Name_2":"","Buyer_Mailing_Address_A":"","Buyer_Mailing_Address_B":"","Buyer_Mailing_Address_City":"","Buyer_Mailing_Address_State":"","Buyer_Mailing_Address_Zip":"","MERIDIAN":"S","TWP_NUM":"18","TWP_NS":"N","RNG_NUM":"03","RNG_EW":"E","SECT_NUM":"08","GRIDNAME":"PA","GRIDNUM":"02","LANDVALUE":25500.0,"LANDASSD":25500.0,"BLDGVALUE":0.0,"BLDGASSD":0.0,"GENAREA":"3654","NBHD":"A1N10","TAXZONE":"0025","CITY":"","COMMCOUN":"15","FSA":"900","RSA":"019","SSA_1":"","SSA_2":"","ESN":23,"ECN":14,"ASSMBDISTRICT":"1","VOTINGPRCNT":"25-315","DFIRM":null,"SPUD":null,"SUBDNUM":0,"LEGAL":"TOWNSHIP 18N RANGE 3E              SECTION 8 LOT C2","DOC1_DATE":"2025-02-05T00:00:00Z","DOC1_TYPE":"QUITCLAIM DEED (ALL TYPE)","DOC1_RCRD":"Palmer-Bk  Pg ","DOC2_DATE":"2005-11-18T00:00:00Z","DOC2_TYPE":"QUITCLAIM DEED (ALL TYPE)","DOC2_RCRD":"Palmer-Bk  Pg 0","LANDUSE":"","RESUNIT":0.0,"MHUNIT":0.0,"DUPLEXUNIT":0.0,"MULTIUNIT":0.0,"GQUNIT":0.0,"MH_PK_UNIT":0.0,"BLDG_USE1":"","BLDG_USE2":"","BLDG_USE3":"","BLDG_USE4":"","BLDG_USE5":"","BLDG_USE6":"","Photo":"https://ecommerce.matsugov.us/assessment/Pages/Photos.aspx?isDLG=1&P_ID=38492","GlobalID":"{71041480-085A-40D3-9EA3-ED4AEDB69ED8}","Shape_Length":0.0076561715466706599,"Shape_Area":2.8714210401067793e-06},"geometry":{"type":"MultiPolygon","coordinates":[[[[-148.953733957999958,61.664052004000041,0.0],[-148.955248934999958,61.663475241000071,0.0],[-148.957067107999961,61.66456647800004,0.0],[-148.956440230999959,61.664844327000083,0.0],[-148.955959246999981,61.665286919000039,0.0],[-148.955824975999974,61.665308200000027,0.0],[-148.954629718999968,61.664590295000039,0.0],[-148.953733957999958,61.664052004000041,0.0]]]]}},
{"type":"Feature","properties":{"OBJECTID":59662,"ParcelType":2,"P_ID":29614,"ACCOUNT":"18N03E08A001","TAXID_LOKI":"118N03E08A001","ACRES":317.54848262000002,"TAXACRE":320.0,"ORIGACRE":320.0,"FTYPE":"PARCEL","GENOWN":"BOROUGH","BUYLEASE":"N","OWNER_1":"MATANUSKA-SUSITNA BOROUGH","NAME_2":"","MAILING_ADDRESS_LINE_A":"","MAILING_ADDRESS_LINE_B":"350 E DAHLIA AVE ","MAILING_ADDRESS_CITY":"PALMER","MAILING_ADDRESS_STATE":"AK","MAILING_ADDRESS_ZIP":"99645-6488","Buyer_Name":"","Buyer_Name_2":"","Buyer_Mailing_Address_A":"","Buyer_Mailing_Address_B":"","Buyer_Mailing_Address_City":"","Buyer_Mailing_Address_State":"","Buyer_Mailing_Address_Zip":"","MERIDIAN":"S","TWP_NUM":"18","TWP_NS":"N","RNG_NUM":"03","RNG_EW":"E","SECT_NUM":"08","GRIDNAME":"PA","GRIDNUM":"02","LANDVALUE":182200.0,"LANDASSD":0.0,"BLDGVALUE":0.0,"BLDGASSD":0.0,"GENAREA":"3654","NBHD":"A1N10","TAXZONE":"0021","CITY":"","COMMCOUN":"15","FSA":"","RSA":"","SSA_1":"","SSA_2":"","ESN":23,"ECN":14,"ASSMBDISTRICT":"1","VOTINGPRCNT":"25-315","DFIRM":null,"SPUD":null,"SUBDNUM":0,"LEGAL":"TOWNSHIP 18N RANGE 3E              SECTION 8 LOT A1","DOC1_DATE":null,"DOC1_TYPE":"","DOC1_RCRD":"","DOC2_DATE":null,"DOC2_TYPE":"","DOC2_RCRD":"","LANDUSE":"","RESUNIT":0.0,"MHUNIT":0.0,"DUPLEXUNIT":0.0,"MULTIUNIT":0.0,"GQUNIT":0.0,"MH_PK_UNIT":0.0,"BLDG_USE1":"","BLDG_USE2":"","BLDG_USE3":"","BLDG_USE4":"","BLDG_USE5":"","BLDG_USE6":"","Photo":"https://ecommerce.matsugov.us/assessment/Pages/Photos.aspx?isDLG=1&P_ID=29614","GlobalID":"{C647A18C-013A-44B1-AE11-DAD0A77D04E2}","Shape_Length":0.059072744911728793,"Shape_Area":0.00021771330047826854},"geometry":{"type":"MultiPolygon","coordinates":[[[[-148.936777654999958,61.657332446000055,0.0],[-148.951826761999968,61.657333059000052,0.0],[-148.951893336999973,61.664593575000083,0.0],[-148.952028239999976,61.671719525000071,0.0],[-148.944431037999976,61.671746683000038,0.0],[-148.936833829999983,61.671773421000069,0.0],[-148.936777654999958,61.657332446000055,0.0]]]]}},
{"type":"Feature","properties":{"OBJECTID":59674,"ParcelType":2,"P_ID":27303,"ACCOUNT":"18N03E09A001","TAXID_LOKI":"118N03E09A001","ACRES":639.89574330999994,"TAXACRE":640.0,"ORIGACRE":640.0,"FTYPE":"PARCEL","GENOWN":"NATIVE CORP","BUYLEASE":"N","OWNER_1":"CHICKALOON MOOSE CRK NV A","NAME_2":"","MAILING_ADDRESS_LINE_A":"","MAILING_ADDRESS_LINE_B":"PO BOX 875046","MAILING_ADDRESS_CITY":"WASILLA","MAILING_ADDRESS_STATE":"AK","MAILING_ADDRESS_ZIP":"99687-5046","Buyer_Name":"","Buyer_Name_2":"","Buyer_Mailing_Address_A":"","Buyer_Mailing_Address_B":"","Buyer_Mailing_Address_City":"","Buyer_Mailing_Address_State":"","Buyer_Mailing_Address_Zip":"","MERIDIAN":"S","TWP_NUM":"18","TWP_NS":"N","RNG_NUM":"03","RNG_EW":"E","SECT_NUM":"09","GRIDNAME":"PA","GRIDNUM":"02","LANDVALUE":331200.0,"LANDASSD":0.0,"BLDGVALUE":0.0,"BLDGASSD":0.0,"GENAREA":"3654","NBHD":"A1N10","TAXZONE":"0021","CITY":"","COMMCOUN":null,"FSA":"","RSA":"","SSA_1":"","SSA_2":"","ESN":23,"ECN":14,"ASSMBDISTRICT":"1","VOTINGPRCNT":"25-315","DFIRM":null,"SPUD":null,"SUBDNUM":0,"LEGAL":"TOWNSHIP 18N RANGE 3E              SECTION 9 LOT A1","DOC1_DATE":"1993-10-28T00:00:00Z","DOC1_TYPE":"Patent","DOC1_RCRD":"Palmer-Bk 739 Pg 256","DOC2_DATE":null,"DOC2_TYPE":"","DOC2_RCRD":"","LANDUSE":"","RESUNIT":0.0,"MHUNIT":0.0,"DUPLEXUNIT":0.0,"MULTIUNIT":0.0,"GQUNIT":0.0,"MH_PK_UNIT":0.0,"BLDG_USE1":"","BLDG_USE2":"","BLDG_USE3":"","BLDG_USE4":"","BLDG_USE5":"","BLDG_USE6":"","Photo":"https://ecommerce.matsugov.us/assessment/Pages/Photos.aspx?isDLG=1&P_ID=27303","GlobalID":"{830E3C74-CA76-46E1-8AAF-74EA3C972744}","Shape_Length":0.089641854032268251,"Shape_Area":0.00043871162779758681},"geometry":{"type":"MultiPolygon","coordinates":[[[[-148.906657780999979,61.65733308800003,0.0],[-148.936777654999958,61.657332446000055,0.0],[-148.936833829999983,61.671773421000069,0.0],[-148.906446779999982,61.671773821000045,0.0],[-148.906404909999964,61.657332907000068,0.0],[-148.906657780999979,61.65733308800003,0.0]]]]}},
{"type":"Feature","properties":{"OBJECTID":59702,"ParcelType":2,"P_ID":14481,"ACCOUNT":"18N02E03D009","TAXID_LOKI":"118N02E03D009","ACRES":6.44662064,"TAXACRE":6.42,"ORIGACRE":6.42,"FTYPE":"PARCEL","GENOWN":"PRIVATE","BUYLEASE":"N","OWNER_1":"RIGGS GEORGE ELI","NAME_2":"","MAILING_ADDRESS_LINE_A":"","MAILING_ADDRESS_LINE_B":"PO BOX 599","MAILING_ADDRESS_CITY":"PALMER","MAILING_ADDRESS_STATE":"AK","MAILING_ADDRESS_ZIP":"99645","Buyer_Name":"","Buyer_Name_2":"","Buyer_Mailing_Address_A":"","Buyer_Mailing_Address_B":"","Buyer_Mailing_Address_City":"","Buyer_Mailing_Address_State":"","Buyer_Mailing_Address_Zip":"","MERIDIAN":"S","TWP_NUM":"18","TWP_NS":"N","RNG_NUM":"02","RNG_EW":"E","SECT_NUM":"03","GRIDNAME":"PA","GRIDNUM":"03","LANDVALUE":59100.0,"LANDASSD":59100.0,"BLDGVALUE":101700.0,"BLDGASSD":101700.0,"GENAREA":"3661","NBHD":"A2N17","TAXZONE":"0021","CITY":"","COMMCOUN":"24","FSA":"","RSA":"","SSA_1":"","SSA_2":"","ESN":23,"ECN":14,"ASSMBDISTRICT":"1","VOTINGPRCNT":"29-505","DFIRM":"02170C7290F","SPUD":null,"SUBDNUM":0,"LEGAL":"TOWNSHIP 18N RANGE 2E              SECTION 3 LOT D9","DOC1_DATE":"1900-01-01T00:00:00Z","DOC1_TYPE":"LISTING INFORMATION ONLY","DOC1_RCRD":"Palmer-Bk  Pg ","DOC2_DATE":"2021-12-07T00:00:00Z","DOC2_TYPE":"WARRANTY DEED (ALL TYPES)","DOC2_RCRD":"Palmer-Bk  Pg ","LANDUSE":"","RESUNIT":0.0,"MHUNIT":0.0,"DUPLEXUNIT":0.0,"MULTIUNIT":0.0,"GQUNIT":0.0,"MH_PK_UNIT":0.0,"BLDG_USE1":"6600","BLDG_USE2":"","BLDG_USE3":"","BLDG_USE4":"","BLDG_USE5":"","BLDG_USE6":"","Photo":"https://ecommerce.matsugov.us/assessment/Pages/Photos.aspx?isDLG=1&P_ID=14481","GlobalID":"{09109F68-D41F-4ACD-A442-3CFC74706FCA}","Shape_Length":0.01163009665525961,"Shape_Area":4.42086794148072e-06},"geometry":{"type":"MultiPolygon","coordinates":[[[[-149.069087479999979,61.671640706000062,0.0],[-149.069910130999972,61.671639867000067,0.0],[-149.06521408499998,61.67353653300006,0.0],[-149.06523673999996,61.671644567000044,0.0],[-149.069087479999979,61.671640706000062,0.0]]]]}},
{"type":"Feature","properties":{"OBJECTID":59703,"ParcelType":2,"P_ID":17103,"ACCOUNT":"18N02E02C012","TAXID_LOKI":"118N02E02C012","ACRES":7.31828429,"TAXACRE":5.73,"ORIGACRE":5.73,"FTYPE":"PARCEL","GENOWN":"PRIVATE","BUYLEASE":"N","OWNER_1":"WILLIAMS JESSE T","NAME_2":"MATANUSKA-SUSITNA BOROUGH","MAILING_ADDRESS_LINE_A":"","MAILING_ADDRESS_LINE_B":"24224  TEMPLE DR ","MAILING_ADDRESS_CITY":"CHUGIAK","MAILING_ADDRESS_STATE":"AK","MAILING_ADDRESS_ZIP":"99567","Buyer_Name":"","Buyer_Name_2":"","Buyer_Mailing_Address_A":"","Buyer_Mailing_Address_B":"","Buyer_Mailing_Address_City":"","Buyer_Mailing_Address_State":"","Buyer_Mailing_Address_Zip":"","MERIDIAN":"S","TWP_NUM":"18","TWP_NS":"N","RNG_NUM":"02","RNG_EW":"E","SECT_NUM":"02","GRIDNAME":"PA","GRIDNUM":"03","LANDVALUE":2900.0,"LANDASSD":2900.0,"BLDGVALUE":0.0,"BLDGASSD":0.0,"GENAREA":"3661","NBHD":"AG_LAND","TAXZONE":"0019","CITY":"","COMMCOUN":"24","FSA":"900","RSA":"031","SSA_1":"","SSA_2":"","ESN":23,"ECN":14,"ASSMBDISTRICT":"1","VOTINGPRCNT":"29-505","DFIRM":"02170C7300E","SPUD":null,"SUBDNUM":0,"LEGAL":"TOWNSHIP 18N RANGE 2E              SECTION 2 LOT C12","DOC1_DATE":"2014-06-12T00:00:00Z","DOC1_TYPE":"WARRANTY DEED (ALL TYPES)","DOC1_RCRD":"Palmer-Bk  Pg ","DOC2_DATE":"2010-01-21T00:00:00Z","DOC2_TYPE":"WARRANTY DEED (ALL TYPES)","DOC2_RCRD":"Palmer-Bk  Pg ","LANDUSE":"","RESUNIT":0.0,"MHUNIT":0.0,"DUPLEXUNIT":0.0,"MULTIUNIT":0.0,"GQUNIT":0.0,"MH_PK_UNIT":0.0,"BLDG_USE1":"","BLDG_USE2":"","BLDG_USE3":"","BLDG_USE4":"","BLDG_USE5":"","BLDG_USE6":"","Photo":"https://ecommerce.matsugov.us/assessment/Pages/Photos.aspx?isDLG=1&P_ID=17103","GlobalID":"{B2A75CC2-BF16-42A3-A05A-1547803A68EF}","Shape_Length":0.010441180148350063,"Shape_Area":5.0188524163411168e-06},"geometry":{"type":"MultiPolygon","coordinates":[[[[-149.056547445999968,61.672099933000027,0.0],[-149.057616828999983,61.671804273000078,0.0],[-149.05761684099997,61.671804318000056,0.0],[-149.057616646999975,61.673461514000053,0.0],[-149.055720331999964,61.673462793000056,0.0],[-149.053817759999959,61.673463994000031,0.0],[-149.053810486999964,61.672335601000043,0.0],[-149.053810486999964,61.67233555200005,0.0],[-149.056547445999968,61.672099933000027,0.0]]]]}},
{"type":"Feature","properties":{"OBJECTID":59705,"ParcelType":2,"P_ID":15432,"ACCOUNT":"18N02E02C013","TAXID_LOKI":"118N02E02C013","ACRES":5.52959466,"TAXACRE":6.26,"ORIGACRE":6.26,"FTYPE":"PARCEL","GENOWN":"PRIVATE","BUYLEASE":"N","OWNER_1":"WILLIAMS JESSE T","NAME_2":"MATANUSKA-SUSITNA BOROUGH","MAILING_ADDRESS_LINE_A":"","MAILING_ADDRESS_LINE_B":"24224  TEMPLE DR ","MAILING_ADDRESS_CITY":"CHUGIAK","MAILING_ADDRESS_STATE":"AK","MAILING_ADDRESS_ZIP":"99567","Buyer_Name":"","Buyer_Name_2":"","Buyer_Mailing_Address_A":"","Buyer_Mailing_Address_B":"","Buyer_Mailing_Address_City":"","Buyer_Mailing_Address_State":"","Buyer_Mailing_Address_Zip":"","MERIDIAN":"S","TWP_NUM":"18","TWP_NS":"N","RNG_NUM":"02","RNG_EW":"E","SECT_NUM":"02","GRIDNAME":"PA","GRIDNUM":"03","LANDVALUE":3100.0,"LANDASSD":3100.0,"BLDGVALUE":0.0,"BLDGASSD":0.0,"GENAREA":"3661","NBHD":"AG_LAND","TAXZONE":"0019","CITY":"","COMMCOUN":"24","FSA":"900","RSA":"031","SSA_1":"","SSA_2":"","ESN":23,"ECN":14,"ASSMBDISTRICT":"1","VOTINGPRCNT":"29-505","DFIRM":"02170C7300E","SPUD":null,"SUBDNUM":0,"LEGAL":"TOWNSHIP 18N RANGE 2E              SECTION 2 LOT C13","DOC1_DATE":"2014-06-12T00:00:00Z","DOC1_TYPE":"WARRANTY DEED (ALL TYPES)","DOC1_RCRD":"Palmer-Bk  Pg ","DOC2_DATE":"2010-01-21T00:00:00Z","DOC2_TYPE":"WARRANTY DEED (ALL TYPES)","DOC2_RCRD":"Palmer-Bk  Pg ","LANDUSE":"","RESUNIT":0.0,"MHUNIT":0.0,"DUPLEXUNIT":0.0,"MULTIUNIT":0.0,"GQUNIT":0.0,"MH_PK_UNIT":0.0,"BLDG_USE1":"","BLDG_USE2":"","BLDG_USE3":"","BLDG_USE4":"","BLDG_USE5":"","BLDG_USE6":"","Photo":"https://ecommerce.matsugov.us/assessment/Pages/Photos.aspx?isDLG=1&P_ID=15432","GlobalID":"{B3CC2071-D25E-4AC7-9068-10126259CE1E}","Shape_Length":0.0095977547989919663,"Shape_Area":3.7921904054388352e-06},"geometry":{"type":"MultiPolygon","coordinates":[[[[-149.053016243999963,61.672403919000033,0.0],[-149.053810486999964,61.67233555200005,0.0],[-149.053810486999964,61.672335601000043,0.0],[-149.053817759999959,61.673463994000031,0.0],[-149.051948449999969,61.673465129000078,0.0],[-149.050022729999966,61.67346625700003,0.0],[-149.050039412999979,61.672570886000074,0.0],[-149.050039413999968,61.672570840000049,0.0],[-149.053016243999963,61.672403919000033,0.0]]]]}},
{"type":"Feature","properties":{"OBJECTID":59710,"ParcelType":2,"P_ID":37012,"ACCOUNT":"18N03E06C001","TAXID_LOKI":"118N03E06C001","ACRES":9.60071301,"TAXACRE":9.61,"ORIGACRE":9.61,"FTYPE":"PARCEL","GENOWN":"PRIVATE","BUYLEASE":"N","OWNER_1":"DEVILBISS JOINT REV TR","NAME_2":"","MAILING_ADDRESS_LINE_A":"","MAILING_ADDRESS_LINE_B":"17855 E HARDING DR ","MAILING_ADDRESS_CITY":"PALMER","MAILING_ADDRESS_STATE":"AK","MAILING_ADDRESS_ZIP":"99645-8714","Buyer_Name":"","Buyer_Name_2":"","Buyer_Mailing_Address_A":"","Buyer_Mailing_Address_B":"","Buyer_Mailing_Address_City":"","Buyer_Mailing_Address_State":"","Buyer_Mailing_Address_Zip":"","MERIDIAN":"S","TWP_NUM":"18","TWP_NS":"N","RNG_NUM":"03","RNG_EW":"E","SECT_NUM":"06","GRIDNAME":"PA","GRIDNUM":"02","LANDVALUE":4800.0,"LANDASSD":4800.0,"BLDGVALUE":0.0,"BLDGASSD":0.0,"GENAREA":"3654","NBHD":"AG_LAND","TAXZONE":"0026","CITY":"","COMMCOUN":"15","FSA":"132","RSA":"019","SSA_1":"","SSA_2":"","ESN":24,"ECN":14,"ASSMBDISTRICT":"1","VOTINGPRCNT":"25-315","DFIRM":null,"SPUD":null,"SUBDNUM":0,"LEGAL":"TOWNSHIP 18N RANGE 3E              SECTION 6 LOT C1","DOC1_DATE":"2018-03-12T00:00:00Z","DOC1_TYPE":"QUITCLAIM DEED (ALL TYPE)","DOC1_RCRD":"Palmer-Bk  Pg ","DOC2_DATE":"2017-05-17T00:00:00Z","DOC2_TYPE":"QUITCLAIM DEED (ALL TYPE)","DOC2_RCRD":"Palmer-Bk  Pg ","LANDUSE":"","RESUNIT":0.0,"MHUNIT":0.0,"DUPLEXUNIT":0.0,"MULTIUNIT":0.0,"GQUNIT":0.0,"MH_PK_UNIT":0.0,"BLDG_USE1":"","BLDG_USE2":"","BLDG_USE3":"","BLDG_USE4":"","BLDG_USE5":"","BLDG_USE6":"","Photo":"https://ecommerce.matsugov.us/assessment/Pages/Photos.aspx?isDLG=1&P_ID=37012","GlobalID":"{5483FB3C-9EE8-4BF4-9E04-AA706E0D3B3E}","Shape_Length":0.01499378894428152,"Shape_Area":6.5840824233453451e-06},"geometry":{"type":"MultiPolygon","coordinates":[[[[-148.99015885999998,61.673300336000068,0.0],[-148.990151771999962,61.671666134000077,0.0],[-148.996634769999957,61.671666208000033,0.0],[-148.994487091999957,61.67266922400006,0.0],[-148.99348725599998,61.672473632000049,0.0],[-148.993179151999982,61.672696012000074,0.0],[-148.991095070999961,61.673305011000082,0.0],[-148.99015885999998,61.673300336000068,0.0]]]]}},
{"type":"Feature","properties":{"OBJECTID":59728,"ParcelType":2,"P_ID":22833,"ACCOUNT":"18N03E06C002","TAXID_LOKI":"118N03E06C002","ACRES":17.84952851,"TAXACRE":16.79,"ORIGACRE":16.79,"FTYPE":"PARCEL","GENOWN":"PRIVATE","BUYLEASE":"N","OWNER_1":"CICHOSZ JEFFREY A & WINNIE S","NAME_2":"","MAILING_ADDRESS_LINE_A":"","MAILING_ADDRESS_LINE_B":"PO BOX 242554","MAILING_ADDRESS_CITY":"ANCHORAGE","MAILING_ADDRESS_STATE":"AK","MAILING_ADDRESS_ZIP":"99524-2554","Buyer_Name":"","Buyer_Name_2":"","Buyer_Mailing_Address_A":"","Buyer_Mailing_Address_B":"","Buyer_Mailing_Address_City":"","Buyer_Mailing_Address_State":"","Buyer_Mailing_Address_Zip":"","MERIDIAN":"S","TWP_NUM":"18","TWP_NS":"N","RNG_NUM":"03","RNG_EW":"E","SECT_NUM":"06","GRIDNAME":"PA","GRIDNUM":"02","LANDVALUE":8400.0,"LANDASSD":8400.0,"BLDGVALUE":0.0,"BLDGASSD":0.0,"GENAREA":"3654","NBHD":"AG_LAND","TAXZONE":"0026","CITY":"","COMMCOUN":"15","FSA":"132","RSA":"019","SSA_1":"","SSA_2":"","ESN":24,"ECN":14,"ASSMBDISTRICT":"1","VOTINGPRCNT":"25-315","DFIRM":null,"SPUD":null,"SUBDNUM":0,"LEGAL":"TOWNSHIP 18N RANGE 3E              SECTION 6 LOT C2","DOC1_DATE":"2026-04-06T00:00:00Z","DOC1_TYPE":"QUITCLAIM DEED (ALL TYPE)","DOC1_RCRD":"Palmer-Bk  Pg ","DOC2_DATE":"2025-06-09T00:00:00Z","DOC2_TYPE":"WARRANTY DEED (ALL TYPES)","DOC2_RCRD":"Palmer-Bk  Pg ","LANDUSE":"","RESUNIT":0.0,"MHUNIT":0.0,"DUPLEXUNIT":0.0,"MULTIUNIT":0.0,"GQUNIT":0.0,"MH_PK_UNIT":0.0,"BLDG_USE1":"","BLDG_USE2":"","BLDG_USE3":"","BLDG_USE4":"","BLDG_USE5":"","BLDG_USE6":"","Photo":"https://ecommerce.matsugov.us/assessment/Pages/Photos.aspx?isDLG=1&P_ID=22833","GlobalID":"{FD79A295-B50F-44DB-AA47-EDA50E20D879}","Shape_Length":0.018822921612505331,"Shape_Area":1.2241095517222453e-05},"geometry":{"type":"MultiPolygon","coordinates":[[[[-148.982562442999978,61.67359514900005,0.0],[-148.982554261999979,61.671665657000062,0.0],[-148.990151771999962,61.671666134000077,0.0],[-148.99015885999998,61.673300336000068,0.0],[-148.987787482999977,61.673290052000027,0.0],[-148.985177468999979,61.673066808000044,0.0],[-148.983277549999968,61.673506764000081,0.0],[-148.982562442999978,61.67359514900005,0.0]]]]}},
{"type":"Feature","properties":{"OBJECTID":59792,"ParcelType":2,"P_ID":77329,"ACCOUNT":"18N02E02C009","TAXID_LOKI":"118N02E02C009","ACRES":4.0961681,"TAXACRE":4.05,"ORIGACRE":4.05,"FTYPE":"PARCEL","GENOWN":"STATE","BUYLEASE":"N","OWNER_1":"ALASKA STATE OF","NAME_2":"","MAILING_ADDRESS_LINE_A":"% DEPT OF TRANS & PUB FAC","MAILING_ADDRESS_LINE_B":"PO BOX 196900","MAILING_ADDRESS_CITY":"ANCHORAGE","MAILING_ADDRESS_STATE":"AK","MAILING_ADDRESS_ZIP":"99519-6900","Buyer_Name":"","Buyer_Name_2":"","Buyer_Mailing_Address_A":"","Buyer_Mailing_Address_B":"","Buyer_Mailing_Address_City":"","Buyer_Mailing_Address_State":"","Buyer_Mailing_Address_Zip":"","MERIDIAN":"S","TWP_NUM":"18","TWP_NS":"N","RNG_NUM":"02","RNG_EW":"E","SECT_NUM":"02","GRIDNAME":"PA","GRIDNUM":"03","LANDVALUE":33800.0,"LANDASSD":0.0,"BLDGVALUE":9500.0,"BLDGASSD":0.0,"GENAREA":"3661","NBHD":"B_EXCEPT_A1","TAXZONE":"0019","CITY":"","COMMCOUN":"24","FSA":"900","RSA":"031","SSA_1":"","SSA_2":"","ESN":23,"ECN":14,"ASSMBDISTRICT":"1","VOTINGPRCNT":"29-505","DFIRM":"02170C7300E","SPUD":null,"SUBDNUM":0,"LEGAL":"TOWNSHIP 18N RANGE 2E              SECTION 2 LOT C9","DOC1_DATE":"2021-03-18T00:00:00Z","DOC1_TYPE":"WARRANTY DEED (ALL TYPES)","DOC1_RCRD":"Palmer-Bk  Pg ","DOC2_DATE":"2020-08-06T00:00:00Z","DOC2_TYPE":"WARRANTY DEED (ALL TYPES)","DOC2_RCRD":"Palmer-Bk  Pg ","LANDUSE":"","RESUNIT":0.0,"MHUNIT":0.0,"DUPLEXUNIT":0.0,"MULTIUNIT":0.0,"GQUNIT":0.0,"MH_PK_UNIT":0.0,"BLDG_USE1":"","BLDG_USE2":"","BLDG_USE3":"","BLDG_USE4":"","BLDG_USE5":"","BLDG_USE6":"","Photo":"https://ecommerce.matsugov.us/assessment/Pages/Photos.aspx?isDLG=1&P_ID=77329","GlobalID":"{4E68C5A3-A2FD-41BB-A7FE-7F99738A3EDD}","Shape_Length":0.0067633964942607752,"Shape_Area":2.8092537359073027e-06},"geometry":{"type":"MultiPolygon","coordinates":[[[[-149.055720331999964,61.673462793000056,0.0],[-149.057616646999975,61.673461514000053,0.0],[-149.057616493999973,61.674858616000051,0.0],[-149.055718656999971,61.675027440000065,0.0],[-149.055720331999964,61.673462793000056,0.0]]]]}},
{"type":"Feature","properties":{"OBJECTID":59796,"ParcelType":2,"P_ID":88144,"ACCOUNT":"18N02E03D011","TAXID_LOKI":"118N02E03D011","ACRES":32.48082122,"TAXACRE":28.71,"ORIGACRE":28.71,"FTYPE":"PARCEL","GENOWN":"PRIVATE","BUYLEASE":"N","OWNER_1":"LAYBOURN BRADLEY K TR / TRE","NAME_2":"MAGIERA LAURIE J TR / TRE","MAILING_ADDRESS_LINE_A":"","MAILING_ADDRESS_LINE_B":"PO BOX 875486","MAILING_ADDRESS_CITY":"WASILLA","MAILING_ADDRESS_STATE":"AK","MAILING_ADDRESS_ZIP":"99687-5486","Buyer_Name":"","Buyer_Name_2":"","Buyer_Mailing_Address_A":"","Buyer_Mailing_Address_B":"","Buyer_Mailing_Address_City":"","Buyer_Mailing_Address_State":"","Buyer_Mailing_Address_Zip":"","MERIDIAN":"S","TWP_NUM":"18","TWP_NS":"N","RNG_NUM":"02","RNG_EW":"E","SECT_NUM":"03","GRIDNAME":"PA","GRIDNUM":"03","LANDVALUE":127100.0,"LANDASSD":127100.0,"BLDGVALUE":0.0,"BLDGASSD":0.0,"GENAREA":"3661","NBHD":"A2N17","TAXZONE":"0021","CITY":"","COMMCOUN":"24","FSA":"","RSA":"","SSA_1":"","SSA_2":"","ESN":23,"ECN":14,"ASSMBDISTRICT":"1","VOTINGPRCNT":"29-505","DFIRM":"02170C7300E","SPUD":null,"SUBDNUM":0,"LEGAL":"TOWNSHIP 18N RANGE 2E              SECTION 3 LOT D11","DOC1_DATE":"2024-12-03T00:00:00Z","DOC1_TYPE":"QUITCLAIM DEED (ALL TYPE)","DOC1_RCRD":"Palmer-Bk  Pg ","DOC2_DATE":"2017-07-27T00:00:00Z","DOC2_TYPE":"WARRANTY DEED (ALL TYPES)","DOC2_RCRD":"Palmer-Bk  Pg ","LANDUSE":"","RESUNIT":0.0,"MHUNIT":0.0,"DUPLEXUNIT":0.0,"MULTIUNIT":0.0,"GQUNIT":0.0,"MH_PK_UNIT":0.0,"BLDG_USE1":"","BLDG_USE2":"","BLDG_USE3":"","BLDG_USE4":"","BLDG_USE5":"","BLDG_USE6":"","Photo":"https://ecommerce.matsugov.us/assessment/Pages/Photos.aspx?isDLG=1&P_ID=88144","GlobalID":"{F5906C64-6039-40D9-97FB-9C18E4C34B29}","Shape_Length":0.020810862427103644,"Shape_Area":2.2314108646772362e-05},"geometry":{"type":"MultiPolygon","coordinates":[[[[-149.061207260999964,61.671648493000077,0.0],[-149.06523673999996,61.671644567000044,0.0],[-149.06521408499998,61.67353653300006,0.0],[-149.064411389999975,61.673860690000083,0.0],[-149.064120223999964,61.673974141000031,0.0],[-149.063820841999984,61.674082656000053,0.0],[-149.063513610999962,61.674186100000043,0.0],[-149.063198912999979,61.674284345000046,0.0],[-149.062877135999969,61.674377269000047,0.0],[-149.062548681999971,61.674464759000045,0.0],[-149.062213953999958,61.674546704000079,0.0],[-149.061873365999958,61.674623003000079,0.0],[-149.061527340999959,61.674693563000062,0.0],[-149.061176307999972,61.67475829600005,0.0],[-149.060820697999958,61.674817122000036,0.0],[-149.060460954999968,61.674869969000042,0.0],[-149.060097521999978,61.674916769000049,0.0],[-149.059730849999966,61.67495746600008,0.0],[-149.059361390999982,61.674992010000039,0.0],[-149.05761646299996,61.67514004700007,0.0],[-149.057616493999973,61.674858616000051,0.0],[-149.057616646999975,61.673461514000053,0.0],[-149.05761684099997,61.671804318000056,0.0],[-149.057616828999983,61.671804273000078,0.0],[-149.05761685799996,61.671651936000046,0.0],[-149.057616846999963,61.671651891000067,0.0],[-149.059471136999974,61.671650148000083,0.0],[-149.059471253999959,61.671650148000083,0.0],[-149.061207260999964,61.671648493000077,0.0]]]]}},
{"type":"Feature","properties":{"OBJECTID":59801,"ParcelType":2,"P_ID":78938,"ACCOUNT":"18N02E02C010","TAXID_LOKI":"118N02E02C010","ACRES":4.55796585,"TAXACRE":4.5,"ORIGACRE":4.5,"FTYPE":"PARCEL","GENOWN":"PRIVATE","BUYLEASE":"N","OWNER_1":"WILLIAMS JESSE T","NAME_2":"MATANUSKA-SUSITNA BOROUGH","MAILING_ADDRESS_LINE_A":"","MAILING_ADDRESS_LINE_B":"24224  TEMPLE DR ","MAILING_ADDRESS_CITY":"CHUGIAK","MAILING_ADDRESS_STATE":"AK","MAILING_ADDRESS_ZIP":"99567","Buyer_Name":"","Buyer_Name_2":"","Buyer_Mailing_Address_A":"","Buyer_Mailing_Address_B":"","Buyer_Mailing_Address_City":"","Buyer_Mailing_Address_State":"","Buyer_Mailing_Address_Zip":"","MERIDIAN":"S","TWP_NUM":"18","TWP_NS":"N","RNG_NUM":"02","RNG_EW":"E","SECT_NUM":"02","GRIDNAME":"PA","GRIDNUM":"03","LANDVALUE":2300.0,"LANDASSD":2300.0,"BLDGVALUE":0.0,"BLDGASSD":0.0,"GENAREA":"3661","NBHD":"AG_LAND","TAXZONE":"0019","CITY":"","COMMCOUN":"24","FSA":"900","RSA":"031","SSA_1":"","SSA_2":"","ESN":23,"ECN":14,"ASSMBDISTRICT":"1","VOTINGPRCNT":"29-505","DFIRM":"02170C7300E","SPUD":null,"SUBDNUM":0,"LEGAL":"TOWNSHIP 18N RANGE 2E              SECTION 2 LOT C10","DOC1_DATE":"2014-06-12T00:00:00Z","DOC1_TYPE":"WARRANTY DEED (ALL TYPES)","DOC1_RCRD":"Palmer-Bk  Pg ","DOC2_DATE":"2010-01-21T00:00:00Z","DOC2_TYPE":"WARRANTY DEED (ALL TYPES)","DOC2_RCRD":"Palmer-Bk  Pg ","LANDUSE":"","RESUNIT":0.0,"MHUNIT":0.0,"DUPLEXUNIT":0.0,"MULTIUNIT":0.0,"GQUNIT":0.0,"MH_PK_UNIT":0.0,"BLDG_USE1":"","BLDG_USE2":"","BLDG_USE3":"","BLDG_USE4":"","BLDG_USE5":"","BLDG_USE6":"","Photo":"https://ecommerce.matsugov.us/assessment/Pages/Photos.aspx?isDLG=1&P_ID=78938","GlobalID":"{F926074A-9D4A-403E-A538-DC752320926D}","Shape_Length":0.0070967629770375389,"Shape_Area":3.1259736038671846e-06},"geometry":{"type":"MultiPolygon","coordinates":[[[[-149.053817759999959,61.673463994000031,0.0],[-149.055720331999964,61.673462793000056,0.0],[-149.055718656999971,61.675027440000065,0.0],[-149.053827246999958,61.675194718000057,0.0],[-149.053817759999959,61.673463994000031,0.0]]]]}},
{"type":"Feature","properties":{"OBJECTID":59805,"ParcelType":2,"P_ID":49596,"ACCOUNT":"18N02E03D010","TAXID_LOKI":"118N02E03D010","ACRES":4.51146667,"TAXACRE":4.51,"ORIGACRE":4.51,"FTYPE":"PARCEL","GENOWN":"PRIVATE","BUYLEASE":"N","OWNER_1":"LAYBOURN BRADLEY K TR / TRE","NAME_2":"MAGIERA LAURIE J TR / TRE","MAILING_ADDRESS_LINE_A":"","MAILING_ADDRESS_LINE_B":"PO BOX 875486","MAILING_ADDRESS_CITY":"WASILLA","MAILING_ADDRESS_STATE":"AK","MAILING_ADDRESS_ZIP":"99687-5486","Buyer_Name":"","Buyer_Name_2":"","Buyer_Mailing_Address_A":"","Buyer_Mailing_Address_B":"","Buyer_Mailing_Address_City":"","Buyer_Mailing_Address_State":"","Buyer_Mailing_Address_Zip":"","MERIDIAN":"S","TWP_NUM":"18","TWP_NS":"N","RNG_NUM":"02","RNG_EW":"E","SECT_NUM":"03","GRIDNAME":"PA","GRIDNUM":"03","LANDVALUE":49800.0,"LANDASSD":49800.0,"BLDGVALUE":0.0,"BLDGASSD":0.0,"GENAREA":"3661","NBHD":"A2N16","TAXZONE":"0024","CITY":"","COMMCOUN":"24","FSA":"132","RSA":"","SSA_1":"","SSA_2":"","ESN":19,"ECN":14,"ASSMBDISTRICT":"1","VOTINGPRCNT":"29-505","DFIRM":"02170C7290F","SPUD":null,"SUBDNUM":0,"LEGAL":"TOWNSHIP 18N RANGE 2E              SECTION 3 LOT D10","DOC1_DATE":"2024-12-03T00:00:00Z","DOC1_TYPE":"QUITCLAIM DEED (ALL TYPE)","DOC1_RCRD":"Palmer-Bk  Pg ","DOC2_DATE":"2017-07-27T00:00:00Z","DOC2_TYPE":"WARRANTY DEED (ALL TYPES)","DOC2_RCRD":"Palmer-Bk  Pg ","LANDUSE":"","RESUNIT":0.0,"MHUNIT":0.0,"DUPLEXUNIT":0.0,"MULTIUNIT":0.0,"GQUNIT":0.0,"MH_PK_UNIT":0.0,"BLDG_USE1":"","BLDG_USE2":"","BLDG_USE3":"","BLDG_USE4":"","BLDG_USE5":"","BLDG_USE6":"","Photo":"https://ecommerce.matsugov.us/assessment/Pages/Photos.aspx?isDLG=1&P_ID=49596","GlobalID":"{B49C1C91-4F42-4068-AD78-DEFC86CE4379}","Shape_Length":0.013274119157218772,"Shape_Area":3.0511816496914143e-06},"geometry":{"type":"MultiPolygon","coordinates":[[[[-149.064784067999966,61.674069133000046,0.0],[-149.06521792999996,61.673893925000073,0.0],[-149.065265855999968,61.675260531000049,0.0],[-149.062607981999975,61.675264021000032,0.0],[-149.05938150999998,61.675268187000029,0.0],[-149.059462511999982,61.675261285000033,0.0],[-149.059851837999958,61.675224884000045,0.0],[-149.060238229999982,61.675181998000028,0.0],[-149.060621204999961,61.675132681000036,0.0],[-149.061000293999967,61.675076994000051,0.0],[-149.061375025999979,61.675015004000045,0.0],[-149.061744935999968,61.674946791000082,0.0],[-149.062109567999983,61.674872437000033,0.0],[-149.06246846999997,61.674792034000063,0.0],[-149.062821197999966,61.67470568300007,0.0],[-149.063167315999976,61.67461349000007,0.0],[-149.063506393999972,61.67451556900005,0.0],[-149.06383801299998,61.674412041000039,0.0],[-149.064161763999977,61.674303035000037,0.0],[-149.064477246999957,61.674188685000047,0.0],[-149.064784067999966,61.674069133000046,0.0]]]]}},
{"type":"Feature","properties":{"OBJECTID":59806,"ParcelType":2,"P_ID":71905,"ACCOUNT":"18N02E02C015","TAXID_LOKI":"118N02E02C015","ACRES":1.40387851,"TAXACRE":1.54,"ORIGACRE":1.54,"FTYPE":"PARCEL","GENOWN":"PRIVATE","BUYLEASE":"N","OWNER_1":"WILLIAMS JESSE T","NAME_2":"MATANUSKA-SUSITNA BOROUGH","MAILING_ADDRESS_LINE_A":"","MAILING_ADDRESS_LINE_B":"24224  TEMPLE DR ","MAILING_ADDRESS_CITY":"CHUGIAK","MAILING_ADDRESS_STATE":"AK","MAILING_ADDRESS_ZIP":"99567","Buyer_Name":"","Buyer_Name_2":"","Buyer_Mailing_Address_A":"","Buyer_Mailing_Address_B":"","Buyer_Mailing_Address_City":"","Buyer_Mailing_Address_State":"","Buyer_Mailing_Address_Zip":"","MERIDIAN":"S","TWP_NUM":"18","TWP_NS":"N","RNG_NUM":"02","RNG_EW":"E","SECT_NUM":"02","GRIDNAME":"PA","GRIDNUM":"03","LANDVALUE":0.0,"LANDASSD":0.0,"BLDGVALUE":0.0,"BLDGASSD":0.0,"GENAREA":"3661","NBHD":"AG_LAND","TAXZONE":"0019","CITY":"","COMMCOUN":"24","FSA":"900","RSA":"031","SSA_1":"","SSA_2":"","ESN":23,"ECN":14,"ASSMBDISTRICT":"1","VOTINGPRCNT":"29-505","DFIRM":"02170C7300E","SPUD":null,"SUBDNUM":0,"LEGAL":"TOWNSHIP 18N RANGE 2E              SECTION 2 LOT C15","DOC1_DATE":"2014-06-12T00:00:00Z","DOC1_TYPE":"WARRANTY DEED (ALL TYPES)","DOC1_RCRD":"Palmer-Bk  Pg ","DOC2_DATE":"2010-01-21T00:00:00Z","DOC2_TYPE":"WARRANTY DEED (ALL TYPES)","DOC2_RCRD":"Palmer-Bk  Pg ","LANDUSE":"","RESUNIT":0.0,"MHUNIT":0.0,"DUPLEXUNIT":0.0,"MULTIUNIT":0.0,"GQUNIT":0.0,"MH_PK_UNIT":0.0,"BLDG_USE1":"","BLDG_USE2":"","BLDG_USE3":"","BLDG_USE4":"","BLDG_USE5":"","BLDG_USE6":"","Photo":"https://ecommerce.matsugov.us/assessment/Pages/Photos.aspx?isDLG=1&P_ID=71905","GlobalID":"{1A69792B-72CD-4BC3-B38B-7917E5E11811}","Shape_Length":0.0097958548773223117,"Shape_Area":9.6278959763466249e-07},"geometry":{"type":"MultiPolygon","coordinates":[[[[-149.055718656999971,61.675027440000065,0.0],[-149.057616493999973,61.674858616000051,0.0],[-149.05761646299996,61.67514004700007,0.0],[-149.057616446999958,61.675270409000063,0.0],[-149.052933621999983,61.675273737000055,0.0],[-149.053827246999958,61.675194718000057,0.0],[-149.055718656999971,61.675027440000065,0.0]]]]}},
{"type":"Feature","properties":{"OBJECTID":59807,"ParcelType":2,"P_ID":70292,"ACCOUNT":"18N02E02C011","TAXID_LOKI":"118N02E02C011","ACRES":4.8883302,"TAXACRE":4.91,"ORIGACRE":4.91,"FTYPE":"PARCEL","GENOWN":"PRIVATE","BUYLEASE":"N","OWNER_1":"WILLIAMS JESSE T","NAME_2":"MATANUSKA-SUSITNA BOROUGH","MAILING_ADDRESS_LINE_A":"","MAILING_ADDRESS_LINE_B":"24224  TEMPLE DR ","MAILING_ADDRESS_CITY":"CHUGIAK","MAILING_ADDRESS_STATE":"AK","MAILING_ADDRESS_ZIP":"99567","Buyer_Name":"","Buyer_Name_2":"","Buyer_Mailing_Address_A":"","Buyer_Mailing_Address_B":"","Buyer_Mailing_Address_City":"","Buyer_Mailing_Address_State":"","Buyer_Mailing_Address_Zip":"","MERIDIAN":"S","TWP_NUM":"18","TWP_NS":"N","RNG_NUM":"02","RNG_EW":"E","SECT_NUM":"02","GRIDNAME":"PA","GRIDNUM":"03","LANDVALUE":2500.0,"LANDASSD":2500.0,"BLDGVALUE":0.0,"BLDGASSD":0.0,"GENAREA":"3661","NBHD":"AG_LAND","TAXZONE":"0019","CITY":"","COMMCOUN":"24","FSA":"900","RSA":"031","SSA_1":"","SSA_2":"","ESN":23,"ECN":14,"ASSMBDISTRICT":"1","VOTINGPRCNT":"29-505","DFIRM":"02170C7300E","SPUD":null,"SUBDNUM":0,"LEGAL":"TOWNSHIP 18N RANGE 2E              SECTION 2 LOT C11","DOC1_DATE":"1900-01-01T00:00:00Z","DOC1_TYPE":"LISTING INFORMATION EXP","DOC1_RCRD":"Palmer-Bk  Pg ","DOC2_DATE":"2014-06-12T00:00:00Z","DOC2_TYPE":"WARRANTY DEED (ALL TYPES)","DOC2_RCRD":"Palmer-Bk  Pg ","LANDUSE":"","RESUNIT":0.0,"MHUNIT":0.0,"DUPLEXUNIT":0.0,"MULTIUNIT":0.0,"GQUNIT":0.0,"MH_PK_UNIT":0.0,"BLDG_USE1":"","BLDG_USE2":"","BLDG_USE3":"","BLDG_USE4":"","BLDG_USE5":"","BLDG_USE6":"","Photo":"https://ecommerce.matsugov.us/assessment/Pages/Photos.aspx?isDLG=1&P_ID=70292","GlobalID":"{384AE678-2D1B-4520-B865-A70D8369E4AF}","Shape_Length":0.0072879271304807335,"Shape_Area":3.3525565894341771e-06},"geometry":{"type":"MultiPolygon","coordinates":[[[[-149.051948449999969,61.673465129000078,0.0],[-149.053817759999959,61.673463994000031,0.0],[-149.053827246999958,61.675194718000057,0.0],[-149.052933621999983,61.675273737000055,0.0],[-149.051952126999964,61.67527438500008,0.0],[-149.051948449999969,61.673465129000078,0.0]]]]}},
{"type":"Feature","properties":{"OBJECTID":59809,"ParcelType":2,"P_ID":5669,"ACCOUNT":"18N02E02C008","TAXID_LOKI":"118N02E02C008","ACRES":5.07858481,"TAXACRE":5.0,"ORIGACRE":5.0,"FTYPE":"PARCEL","GENOWN":"BOROUGH","BUYLEASE":"N","OWNER_1":"MATANUSKA-SUSITNA BOROUGH","NAME_2":"","MAILING_ADDRESS_LINE_A":"","MAILING_ADDRESS_LINE_B":"350 E DAHLIA AVE ","MAILING_ADDRESS_CITY":"PALMER","MAILING_ADDRESS_STATE":"AK","MAILING_ADDRESS_ZIP":"99645-6488","Buyer_Name":"","Buyer_Name_2":"","Buyer_Mailing_Address_A":"","Buyer_Mailing_Address_B":"","Buyer_Mailing_Address_City":"","Buyer_Mailing_Address_State":"","Buyer_Mailing_Address_Zip":"","MERIDIAN":"S","TWP_NUM":"18","TWP_NS":"N","RNG_NUM":"02","RNG_EW":"E","SECT_NUM":"02","GRIDNAME":"PA","GRIDNUM":"03","LANDVALUE":8100.0,"LANDASSD":0.0,"BLDGVALUE":0.0,"BLDGASSD":0.0,"GENAREA":"3661","NBHD":"B_EXCEPT_A1","TAXZONE":"0019","CITY":"","COMMCOUN":"24","FSA":"900","RSA":"031","SSA_1":"","SSA_2":"","ESN":23,"ECN":14,"ASSMBDISTRICT":"1","VOTINGPRCNT":"29-505","DFIRM":"02170C7300E","SPUD":null,"SUBDNUM":0,"LEGAL":"TOWNSHIP 18N RANGE 2E              SECTION 2 LOT C8","DOC1_DATE":"2007-01-10T00:00:00Z","DOC1_TYPE":"Patent","DOC1_RCRD":"Palmer-Bk  Pg ","DOC2_DATE":null,"DOC2_TYPE":"","DOC2_RCRD":"","LANDUSE":"","RESUNIT":0.0,"MHUNIT":0.0,"DUPLEXUNIT":0.0,"MULTIUNIT":0.0,"GQUNIT":0.0,"MH_PK_UNIT":0.0,"BLDG_USE1":"","BLDG_USE2":"","BLDG_USE3":"","BLDG_USE4":"","BLDG_USE5":"","BLDG_USE6":"","Photo":"https://ecommerce.matsugov.us/assessment/Pages/Photos.aspx?isDLG=1&P_ID=5669","GlobalID":"{C92C6F54-781E-4018-B9B5-FCD4CC7C8B3C}","Shape_Length":0.0074687523340259444,"Shape_Area":3.4830358539460446e-06},"geometry":{"type":"MultiPolygon","coordinates":[[[[-149.050022729999966,61.67346625700003,0.0],[-149.051948449999969,61.673465129000078,0.0],[-149.051952126999964,61.67527438500008,0.0],[-149.050027717999967,61.675275613000053,0.0],[-149.050022729999966,61.67346625700003,0.0]]]]}},
{"type":"Feature","properties":{"OBJECTID":59815,"ParcelType":2,"P_ID":69560,"ACCOUNT":"18N02E02C014","TAXID_LOKI":"118N02E02C014","ACRES":29.0397705,"TAXACRE":29.99,"ORIGACRE":29.99,"FTYPE":"PARCEL","GENOWN":"PRIVATE","BUYLEASE":"N","OWNER_1":"WILLIAMS JESSE T","NAME_2":"MATANUSKA-SUSITNA BOROUGH","MAILING_ADDRESS_LINE_A":"","MAILING_ADDRESS_LINE_B":"24224  TEMPLE DR ","MAILING_ADDRESS_CITY":"CHUGIAK","MAILING_ADDRESS_STATE":"AK","MAILING_ADDRESS_ZIP":"99567","Buyer_Name":"","Buyer_Name_2":"","Buyer_Mailing_Address_A":"","Buyer_Mailing_Address_B":"","Buyer_Mailing_Address_City":"","Buyer_Mailing_Address_State":"","Buyer_Mailing_Address_Zip":"","MERIDIAN":"S","TWP_NUM":"18","TWP_NS":"N","RNG_NUM":"02","RNG_EW":"E","SECT_NUM":"02","GRIDNAME":"PA","GRIDNUM":"03","LANDVALUE":15000.0,"LANDASSD":15000.0,"BLDGVALUE":0.0,"BLDGASSD":0.0,"GENAREA":"3661","NBHD":"AG_LAND","TAXZONE":"0019","CITY":"","COMMCOUN":"24","FSA":"900","RSA":"031","SSA_1":"","SSA_2":"","ESN":23,"ECN":14,"ASSMBDISTRICT":"1","VOTINGPRCNT":"29-505","DFIRM":"02170C7300E","SPUD":null,"SUBDNUM":0,"LEGAL":"TOWNSHIP 18N RANGE 2E              SECTION 2 LOT C14","DOC1_DATE":"2014-06-12T00:00:00Z","DOC1_TYPE":"WARRANTY DEED (ALL TYPES)","DOC1_RCRD":"Palmer-Bk  Pg ","DOC2_DATE":"2010-01-21T00:00:00Z","DOC2_TYPE":"WARRANTY DEED (ALL TYPES)","DOC2_RCRD":"Palmer-Bk  Pg ","LANDUSE":"","RESUNIT":0.0,"MHUNIT":0.0,"DUPLEXUNIT":0.0,"MULTIUNIT":0.0,"GQUNIT":0.0,"MH_PK_UNIT":0.0,"BLDG_USE1":"","BLDG_USE2":"","BLDG_USE3":"","BLDG_USE4":"","BLDG_USE5":"","BLDG_USE6":"","Photo":"https://ecommerce.matsugov.us/assessment/Pages/Photos.aspx?isDLG=1&P_ID=69560","GlobalID":"{8E077EE3-3030-47CF-8F39-D515BD709D35}","Shape_Length":0.020712113209937103,"Shape_Area":1.9915817404901529e-05},"geometry":{"type":"MultiPolygon","coordinates":[[[[-149.042419483999964,61.675279956000054,0.0],[-149.042413940999978,61.672520588000054,0.0],[-149.042413934999956,61.672520543000076,0.0],[-149.046368129999962,61.672776611000074,0.0],[-149.050039413999968,61.672570840000049,0.0],[-149.050039412999979,61.672570886000074,0.0],[-149.050022729999966,61.67346625700003,0.0],[-149.050027717999967,61.675275613000053,0.0],[-149.042419483999964,61.675279956000054,0.0]]]]}},
{"type":"Feature","properties":{"OBJECTID":59817,"ParcelType":1,"P_ID":77856,"ACCOUNT":"3492B17L010","TAXID_LOKI":"53492B17L010","ACRES":0.06892988,"TAXACRE":0.07,"ORIGACRE":0.07,"FTYPE":"PARCEL","GENOWN":"FEDERAL","BUYLEASE":"N","OWNER_1":"UNITED STATES OF AMERICA","NAME_2":"DEPT OF INTERIOR BUREAU OF LAND MANAGEME","MAILING_ADDRESS_LINE_A":"% FIELD MGR/ANCH FLD OFFC","MAILING_ADDRESS_LINE_B":"6881 ABBOT LOOP RD","MAILING_ADDRESS_CITY":"ANCHORAGE","MAILING_ADDRESS_STATE":"AK","MAILING_ADDRESS_ZIP":"99507","Buyer_Name":"","Buyer_Name_2":"","Buyer_Mailing_Address_A":"","Buyer_Mailing_Address_B":"","Buyer_Mailing_Address_City":"","Buyer_Mailing_Address_State":"","Buyer_Mailing_Address_Zip":"","MERIDIAN":"S","TWP_NUM":"18","TWP_NS":"N","RNG_NUM":"02","RNG_EW":"E","SECT_NUM":"02","GRIDNAME":"PA","GRIDNUM":"03","LANDVALUE":600.0,"LANDASSD":0.0,"BLDGVALUE":0.0,"BLDGASSD":0.0,"GENAREA":"3661","NBHD":"B_EXCEPT_A1","TAXZONE":"0020","CITY":"","COMMCOUN":"2","FSA":"004","RSA":"031","SSA_1":"","SSA_2":"","ESN":21,"ECN":15,"ASSMBDISTRICT":"1","VOTINGPRCNT":"29-530","DFIRM":"02170C7300E","SPUD":"Sutton","SUBDNUM":3492,"LEGAL":"MOOSE TWNST                        BLOCK 17 LOT 10","DOC1_DATE":null,"DOC1_TYPE":"","DOC1_RCRD":"","DOC2_DATE":null,"DOC2_TYPE":"","DOC2_RCRD":"","LANDUSE":"","RESUNIT":0.0,"MHUNIT":0.0,"DUPLEXUNIT":0.0,"MULTIUNIT":0.0,"GQUNIT":0.0,"MH_PK_UNIT":0.0,"BLDG_USE1":"","BLDG_USE2":"","BLDG_USE3":"","BLDG_USE4":"","BLDG_USE5":"","BLDG_USE6":"","Photo":"https://ecommerce.matsugov.us/assessment/Pages/Photos.aspx?isDLG=1&P_ID=77856","GlobalID":"{13F2CF5B-B6E4-434C-AF8D-6808F79C228B}","Shape_Length":0.0013131205299519433,"Shape_Area":4.7275297053854299e-08},"geometry":{"type":"MultiPolygon","coordinates":[[[[-149.032536327999964,61.675301038000043,0.0],[-149.033110557999976,61.675300373000027,0.0],[-149.033110939999972,61.675382700000057,0.0],[-149.032536706999963,61.675383366000062,0.0],[-149.032536327999964,61.675301038000043,0.0]]]]}},
{"type":"Feature","properties":{"OBJECTID":59819,"ParcelType":1,"P_ID":30973,"ACCOUNT":"3492B18L011","TAXID_LOKI":"53492B18L011","ACRES":0.06893268,"TAXACRE":0.07,"ORIGACRE":0.07,"FTYPE":"PARCEL","GENOWN":"NATIVE CORP","BUYLEASE":"N","OWNER_1":"EKLUTNA INC","NAME_2":"","MAILING_ADDRESS_LINE_A":"# 201","MAILING_ADDRESS_LINE_B":"16515  CENTERFIELD DR ","MAILING_ADDRESS_CITY":"EAGLE RIVER","MAILING_ADDRESS_STATE":"AK","MAILING_ADDRESS_ZIP":"99577-7719","Buyer_Name":"","Buyer_Name_2":"","Buyer_Mailing_Address_A":"","Buyer_Mailing_Address_B":"","Buyer_Mailing_Address_City":"","Buyer_Mailing_Address_State":"","Buyer_Mailing_Address_Zip":"","MERIDIAN":"S","TWP_NUM":"18","TWP_NS":"N","RNG_NUM":"02","RNG_EW":"E","SECT_NUM":"02","GRIDNAME":"PA","GRIDNUM":"03","LANDVALUE":600.0,"LANDASSD":0.0,"BLDGVALUE":0.0,"BLDGASSD":0.0,"GENAREA":"3661","NBHD":"B_EXCEPT_A1","TAXZONE":"0020","CITY":"","COMMCOUN":"2","FSA":"004","RSA":"031","SSA_1":"","SSA_2":"","ESN":21,"ECN":15,"ASSMBDISTRICT":"1","VOTINGPRCNT":"29-530","DFIRM":"02170C7300E","SPUD":"Sutton","SUBDNUM":3492,"LEGAL":"MOOSE TWNST                        BLOCK 18 LOT 11","DOC1_DATE":"1988-10-03T00:00:00Z","DOC1_TYPE":"Patent","DOC1_RCRD":"Palmer-Bk 563 Pg 162","DOC2_DATE":null,"DOC2_TYPE":"","DOC2_RCRD":"","LANDUSE":"","RESUNIT":0.0,"MHUNIT":0.0,"DUPLEXUNIT":0.0,"MULTIUNIT":0.0,"GQUNIT":0.0,"MH_PK_UNIT":0.0,"BLDG_USE1":"","BLDG_USE2":"","BLDG_USE3":"","BLDG_USE4":"","BLDG_USE5":"","BLDG_USE6":"","Photo":"https://ecommerce.matsugov.us/assessment/Pages/Photos.aspx?isDLG=1&P_ID=30973","GlobalID":"{2101D172-84C9-4077-ABF9-BA7BBD46F4D9}","Shape_Length":0.0013131284438848143,"Shape_Area":4.7277339397485165e-08},"geometry":{"type":"MultiPolygon","coordinates":[[[[-149.031560136999957,61.675302151000039,0.0],[-149.032134366999969,61.675301499000057,0.0],[-149.032134742999972,61.675383828000065,0.0],[-149.031560508999974,61.675384484000062,0.0],[-149.031560136999957,61.675302151000039,0.0]]]]}},
{"type":"Feature","properties":{"OBJECTID":59821,"ParcelType":1,"P_ID":83661,"ACCOUNT":"3492B18L010","TAXID_LOKI":"53492B18L010","ACRES":0.06893525,"TAXACRE":0.07,"ORIGACRE":0.07,"FTYPE":"PARCEL","GENOWN":"NATIVE CORP","BUYLEASE":"N","OWNER_1":"EKLUTNA INC","NAME_2":"","MAILING_ADDRESS_LINE_A":"# 201","MAILING_ADDRESS_LINE_B":"16515  CENTERFIELD DR ","MAILING_ADDRESS_CITY":"EAGLE RIVER","MAILING_ADDRESS_STATE":"AK","MAILING_ADDRESS_ZIP":"99577-7719","Buyer_Name":"","Buyer_Name_2":"","Buyer_Mailing_Address_A":"","Buyer_Mailing_Address_B":"","Buyer_Mailing_Address_City":"","Buyer_Mailing_Address_State":"","Buyer_Mailing_Address_Zip":"","MERIDIAN":"S","TWP_NUM":"18","TWP_NS":"N","RNG_NUM":"02","RNG_EW":"E","SECT_NUM":"02","GRIDNAME":"PA","GRIDNUM":"03","LANDVALUE":600.0,"LANDASSD":0.0,"BLDGVALUE":0.0,"BLDGASSD":0.0,"GENAREA":"3661","NBHD":"B_EXCEPT_A1","TAXZONE":"0020","CITY":"","COMMCOUN":"2","FSA":"004","RSA":"031","SSA_1":"","SSA_2":"","ESN":21,"ECN":15,"ASSMBDISTRICT":"1","VOTINGPRCNT":"29-530","DFIRM":"02170C7300E","SPUD":"Sutton","SUBDNUM":3492,"LEGAL":"MOOSE TWNST                        BLOCK 18 LOT 10","DOC1_DATE":"1988-10-03T00:00:00Z","DOC1_TYPE":"Patent","DOC1_RCRD":"Palmer-Bk 563 Pg 162","DOC2_DATE":null,"DOC2_TYPE":"","DOC2_RCRD":"","LANDUSE":"","RESUNIT":0.0,"MHUNIT":0.0,"DUPLEXUNIT":0.0,"MULTIUNIT":0.0,"GQUNIT":0.0,"MH_PK_UNIT":0.0,"BLDG_USE1":"","BLDG_USE2":"","BLDG_USE3":"","BLDG_USE4":"","BLDG_USE5":"","BLDG_USE6":"","Photo":"https://ecommerce.matsugov.us/assessment/Pages/Photos.aspx?isDLG=1&P_ID=83661","GlobalID":"{D1996F4A-2417-4768-90CD-7CEFFFF14AEA}","Shape_Length":0.0013131393995991316,"Shape_Area":4.7279017218041671e-08},"geometry":{"type":"MultiPolygon","coordinates":[[[[-149.030871055999967,61.675302927000075,0.0],[-149.031445289999965,61.675302282000075,0.0],[-149.031445661999982,61.675384614000052,0.0],[-149.030871425999976,61.675385262000077,0.0],[-149.030871055999967,61.675302927000075,0.0]]]]}},
{"type":"Feature","properties":{"OBJECTID":59826,"ParcelType":1,"P_ID":42734,"ACCOUNT":"3492B17L011","TAXID_LOKI":"53492B17L011","ACRES":0.11487901,"TAXACRE":0.11,"ORIGACRE":0.11,"FTYPE":"PARCEL","GENOWN":"NATIVE CORP","BUYLEASE":"N","OWNER_1":"EKLUTNA INC","NAME_2":"","MAILING_ADDRESS_LINE_A":"# 201","MAILING_ADDRESS_LINE_B":"16515  CENTERFIELD DR ","MAILING_ADDRESS_CITY":"EAGLE RIVER","MAILING_ADDRESS_STATE":"AK","MAILING_ADDRESS_ZIP":"99577-7719","Buyer_Name":"","Buyer_Name_2":"","Buyer_Mailing_Address_A":"","Buyer_Mailing_Address_B":"","Buyer_Mailing_Address_City":"","Buyer_Mailing_Address_State":"","Buyer_Mailing_Address_Zip":"","MERIDIAN":"S","TWP_NUM":"18","TWP_NS":"N","RNG_NUM":"02","RNG_EW":"E","SECT_NUM":"02","GRIDNAME":"PA","GRIDNUM":"03","LANDVALUE":800.0,"LANDASSD":0.0,"BLDGVALUE":0.0,"BLDGASSD":0.0,"GENAREA":"3661","NBHD":"B_EXCEPT_A1","TAXZONE":"0020","CITY":"","COMMCOUN":"2","FSA":"004","RSA":"031","SSA_1":"","SSA_2":"","ESN":21,"ECN":15,"ASSMBDISTRICT":"1","VOTINGPRCNT":"29-530","DFIRM":"02170C7300E","SPUD":"Sutton","SUBDNUM":3492,"LEGAL":"MOOSE TWNST                        BLOCK 17 LOT 11","DOC1_DATE":"1988-10-03T00:00:00Z","DOC1_TYPE":"Patent","DOC1_RCRD":"Palmer-Bk 563 Pg 162","DOC2_DATE":null,"DOC2_TYPE":"","DOC2_RCRD":"","LANDUSE":"","RESUNIT":0.0,"MHUNIT":0.0,"DUPLEXUNIT":0.0,"MULTIUNIT":0.0,"GQUNIT":0.0,"MH_PK_UNIT":0.0,"BLDG_USE1":"","BLDG_USE2":"","BLDG_USE3":"","BLDG_USE4":"","BLDG_USE5":"","BLDG_USE6":"","Photo":"https://ecommerce.matsugov.us/assessment/Pages/Photos.aspx?isDLG=1&P_ID=42734","GlobalID":"{8F743BE0-8B99-44E1-9CEC-BA714D81253F}","Shape_Length":0.0014228827799369428,"Shape_Area":7.8789806487807019e-08},"geometry":{"type":"MultiPolygon","coordinates":[[[[-149.033225403999978,61.67530023900008,0.0],[-149.033799631999983,61.675299565000046,0.0],[-149.033800274999976,61.675436772000069,0.0],[-149.033226040999978,61.675437449000071,0.0],[-149.033225403999978,61.67530023900008,0.0]]]]}},
{"type":"Feature","properties":{"OBJECTID":59832,"ParcelType":1,"P_ID":34740,"ACCOUNT":"3492B19L007","TAXID_LOKI":"53492B19L007","ACRES":0.11489811,"TAXACRE":0.11,"ORIGACRE":0.11,"FTYPE":"PARCEL","GENOWN":"NATIVE CORP","BUYLEASE":"N","OWNER_1":"EKLUTNA INC","NAME_2":"","MAILING_ADDRESS_LINE_A":"# 201","MAILING_ADDRESS_LINE_B":"16515  CENTERFIELD DR ","MAILING_ADDRESS_CITY":"EAGLE RIVER","MAILING_ADDRESS_STATE":"AK","MAILING_ADDRESS_ZIP":"99577-7719","Buyer_Name":"","Buyer_Name_2":"","Buyer_Mailing_Address_A":"","Buyer_Mailing_Address_B":"","Buyer_Mailing_Address_City":"","Buyer_Mailing_Address_State":"","Buyer_Mailing_Address_Zip":"","MERIDIAN":"S","TWP_NUM":"18","TWP_NS":"N","RNG_NUM":"02","RNG_EW":"E","SECT_NUM":"02","GRIDNAME":"PA","GRIDNUM":"03","LANDVALUE":800.0,"LANDASSD":0.0,"BLDGVALUE":0.0,"BLDGASSD":0.0,"GENAREA":"3661","NBHD":"B_EXCEPT_A1","TAXZONE":"0020","CITY":"","COMMCOUN":"2","FSA":"004","RSA":"031","SSA_1":"","SSA_2":"","ESN":21,"ECN":15,"ASSMBDISTRICT":"1","VOTINGPRCNT":"29-530","DFIRM":"02170C7300E","SPUD":"Sutton","SUBDNUM":3492,"LEGAL":"MOOSE TWNST                        BLOCK 19 LOT 7","DOC1_DATE":"1988-10-03T00:00:00Z","DOC1_TYPE":"Patent","DOC1_RCRD":"Palmer-Bk 563 Pg 162","DOC2_DATE":null,"DOC2_TYPE":"","DOC2_RCRD":"","LANDUSE":"","RESUNIT":0.0,"MHUNIT":0.0,"DUPLEXUNIT":0.0,"MULTIUNIT":0.0,"GQUNIT":0.0,"MH_PK_UNIT":0.0,"BLDG_USE1":"","BLDG_USE2":"","BLDG_USE3":"","BLDG_USE4":"","BLDG_USE5":"","BLDG_USE6":"","Photo":"https://ecommerce.matsugov.us/assessment/Pages/Photos.aspx?isDLG=1&P_ID=34740","GlobalID":"{E2F59087-9658-4830-8BEF-053701859CEB}","Shape_Length":0.0014229394304463906,"Shape_Area":7.8802853269143651e-08},"geometry":{"type":"MultiPolygon","coordinates":[[[[-149.029952277999968,61.675303950000057,0.0],[-149.030526513999973,61.67530331100005,0.0],[-149.030527126999971,61.675440539000078,0.0],[-149.029952885999961,61.675441181000053,0.0],[-149.029952277999968,61.675303950000057,0.0]]]]}},
{"type":"Feature","properties":{"OBJECTID":59834,"ParcelType":1,"P_ID":15842,"ACCOUNT":"3492B19L006","TAXID_LOKI":"53492B19L006","ACRES":0.11490242,"TAXACRE":0.11,"ORIGACRE":0.11,"FTYPE":"PARCEL","GENOWN":"NATIVE CORP","BUYLEASE":"N","OWNER_1":"EKLUTNA INC","NAME_2":"","MAILING_ADDRESS_LINE_A":"# 201","MAILING_ADDRESS_LINE_B":"16515  CENTERFIELD DR ","MAILING_ADDRESS_CITY":"EAGLE RIVER","MAILING_ADDRESS_STATE":"AK","MAILING_ADDRESS_ZIP":"99577-7719","Buyer_Name":"","Buyer_Name_2":"","Buyer_Mailing_Address_A":"","Buyer_Mailing_Address_B":"","Buyer_Mailing_Address_City":"","Buyer_Mailing_Address_State":"","Buyer_Mailing_Address_Zip":"","MERIDIAN":"S","TWP_NUM":"18","TWP_NS":"N","RNG_NUM":"02","RNG_EW":"E","SECT_NUM":"02","GRIDNAME":"PA","GRIDNUM":"03","LANDVALUE":800.0,"LANDASSD":0.0,"BLDGVALUE":0.0,"BLDGASSD":0.0,"GENAREA":"3661","NBHD":"B_EXCEPT_A1","TAXZONE":"0020","CITY":"","COMMCOUN":"2","FSA":"004","RSA":"031","SSA_1":"","SSA_2":"","ESN":21,"ECN":15,"ASSMBDISTRICT":"1","VOTINGPRCNT":"29-530","DFIRM":"02170C7300E","SPUD":"Sutton","SUBDNUM":3492,"LEGAL":"MOOSE TWNST                        BLOCK 19 LOT 6","DOC1_DATE":"1988-10-03T00:00:00Z","DOC1_TYPE":"Patent","DOC1_RCRD":"Palmer-Bk 563 Pg 162","DOC2_DATE":null,"DOC2_TYPE":"","DOC2_RCRD":"","LANDUSE":"","RESUNIT":0.0,"MHUNIT":0.0,"DUPLEXUNIT":0.0,"MULTIUNIT":0.0,"GQUNIT":0.0,"MH_PK_UNIT":0.0,"BLDG_USE1":"","BLDG_USE2":"","BLDG_USE3":"","BLDG_USE4":"","BLDG_USE5":"","BLDG_USE6":"","Photo":"https://ecommerce.matsugov.us/assessment/Pages/Photos.aspx?isDLG=1&P_ID=15842","GlobalID":"{4EC52BF4-A5CD-43FB-8D1F-8CB49CA47A48}","Shape_Length":0.0014229543848075766,"Shape_Area":7.8805843741703921e-08},"geometry":{"type":"MultiPolygon","coordinates":[[[[-149.029263189999966,61.675304711000081,0.0],[-149.029837429999958,61.675304077000078,0.0],[-149.02983803799998,61.675441309000064,0.0],[-149.029263794999963,61.675441947000081,0.0],[-149.029263189999966,61.675304711000081,0.0]]]]}},
{"type":"Feature","properties":{"OBJECTID":59835,"ParcelType":1,"P_ID":45151,"ACCOUNT":"3492B17L009","TAXID_LOKI":"53492B17L009","ACRES":0.06892937,"TAXACRE":0.07,"ORIGACRE":0.07,"FTYPE":"PARCEL","GENOWN":"NATIVE CORP","BUYLEASE":"N","OWNER_1":"EKLUTNA INC","NAME_2":"","MAILING_ADDRESS_LINE_A":"# 201","MAILING_ADDRESS_LINE_B":"16515  CENTERFIELD DR ","MAILING_ADDRESS_CITY":"EAGLE RIVER","MAILING_ADDRESS_STATE":"AK","MAILING_ADDRESS_ZIP":"99577-7719","Buyer_Name":"","Buyer_Name_2":"","Buyer_Mailing_Address_A":"","Buyer_Mailing_Address_B":"","Buyer_Mailing_Address_City":"","Buyer_Mailing_Address_State":"","Buyer_Mailing_Address_Zip":"","MERIDIAN":"S","TWP_NUM":"18","TWP_NS":"N","RNG_NUM":"02","RNG_EW":"E","SECT_NUM":"02","GRIDNAME":"PA","GRIDNUM":"03","LANDVALUE":600.0,"LANDASSD":0.0,"BLDGVALUE":0.0,"BLDGASSD":0.0,"GENAREA":"3661","NBHD":"B_EXCEPT_A1","TAXZONE":"0020","CITY":"","COMMCOUN":"2","FSA":"004","RSA":"031","SSA_1":"","SSA_2":"","ESN":21,"ECN":15,"ASSMBDISTRICT":"1","VOTINGPRCNT":"29-530","DFIRM":"02170C7300E","SPUD":"Sutton","SUBDNUM":3492,"LEGAL":"MOOSE TWNST                        BLOCK 17 LOT 9","DOC1_DATE":"1988-10-03T00:00:00Z","DOC1_TYPE":"Patent","DOC1_RCRD":"Palmer-Bk 563 Pg 162","DOC2_DATE":null,"DOC2_TYPE":"","DOC2_RCRD":"","LANDUSE":"","RESUNIT":0.0,"MHUNIT":0.0,"DUPLEXUNIT":0.0,"MULTIUNIT":0.0,"GQUNIT":0.0,"MH_PK_UNIT":0.0,"BLDG_USE1":"","BLDG_USE2":"","BLDG_USE3":"","BLDG_USE4":"","BLDG_USE5":"","BLDG_USE6":"","Photo":"https://ecommerce.matsugov.us/assessment/Pages/Photos.aspx?isDLG=1&P_ID=45151","GlobalID":"{B37F2604-A33B-49C6-B603-055D53424912}","Shape_Length":0.0013131255333878533,"Shape_Area":4.7275257476302744e-08},"geometry":{"type":"MultiPolygon","coordinates":[[[[-149.032536706999963,61.675383366000062,0.0],[-149.033110939999972,61.675382700000057,0.0],[-149.033111321999968,61.67546502600004,0.0],[-149.032537085999962,61.675465694000081,0.0],[-149.032536706999963,61.675383366000062,0.0]]]]}},
{"type":"Feature","properties":{"OBJECTID":59837,"ParcelType":1,"P_ID":21423,"ACCOUNT":"3492B18L012","TAXID_LOKI":"53492B18L012","ACRES":0.06893255,"TAXACRE":0.07,"ORIGACRE":0.07,"FTYPE":"PARCEL","GENOWN":"NATIVE CORP","BUYLEASE":"N","OWNER_1":"EKLUTNA INC","NAME_2":"","MAILING_ADDRESS_LINE_A":"# 201","MAILING_ADDRESS_LINE_B":"16515  CENTERFIELD DR ","MAILING_ADDRESS_CITY":"EAGLE RIVER","MAILING_ADDRESS_STATE":"AK","MAILING_ADDRESS_ZIP":"99577-7719","Buyer_Name":"","Buyer_Name_2":"","Buyer_Mailing_Address_A":"","Buyer_Mailing_Address_B":"","Buyer_Mailing_Address_City":"","Buyer_Mailing_Address_State":"","Buyer_Mailing_Address_Zip":"","MERIDIAN":"S","TWP_NUM":"18","TWP_NS":"N","RNG_NUM":"02","RNG_EW":"E","SECT_NUM":"02","GRIDNAME":"PA","GRIDNUM":"03","LANDVALUE":600.0,"LANDASSD":0.0,"BLDGVALUE":0.0,"BLDGASSD":0.0,"GENAREA":"3661","NBHD":"B_EXCEPT_A1","TAXZONE":"0020","CITY":"","COMMCOUN":"2","FSA":"004","RSA":"031","SSA_1":"","SSA_2":"","ESN":21,"ECN":15,"ASSMBDISTRICT":"1","VOTINGPRCNT":"29-530","DFIRM":"02170C7300E","SPUD":"Sutton","SUBDNUM":3492,"LEGAL":"MOOSE TWNST                        BLOCK 18 LOT 12","DOC1_DATE":"1988-10-03T00:00:00Z","DOC1_TYPE":"Patent","DOC1_RCRD":"Palmer-Bk 563 Pg 162","DOC2_DATE":null,"DOC2_TYPE":"","DOC2_RCRD":"","LANDUSE":"","RESUNIT":0.0,"MHUNIT":0.0,"DUPLEXUNIT":0.0,"MULTIUNIT":0.0,"GQUNIT":0.0,"MH_PK_UNIT":0.0,"BLDG_USE1":"","BLDG_USE2":"","BLDG_USE3":"","BLDG_USE4":"","BLDG_USE5":"","BLDG_USE6":"","Photo":"https://ecommerce.matsugov.us/assessment/Pages/Photos.aspx?isDLG=1&P_ID=21423","GlobalID":"{01F8A20F-2817-46C0-96F3-22EE881C5D03}","Shape_Length":0.0013131344631594638,"Shape_Area":4.7277342343983789e-08},"geometry":{"type":"MultiPolygon","coordinates":[[[[-149.031560508999974,61.675384484000062,0.0],[-149.032134742999972,61.675383828000065,0.0],[-149.032135119999964,61.675466158000063,0.0],[-149.031560882999969,61.67546681500005,0.0],[-149.031560508999974,61.675384484000062,0.0]]]]}},
{"type":"Feature","properties":{"OBJECTID":59839,"ParcelType":1,"P_ID":45017,"ACCOUNT":"3492B18L009","TAXID_LOKI":"53492B18L009","ACRES":0.06893499,"TAXACRE":0.07,"ORIGACRE":0.07,"FTYPE":"PARCEL","GENOWN":"NATIVE CORP","BUYLEASE":"N","OWNER_1":"EKLUTNA INC","NAME_2":"","MAILING_ADDRESS_LINE_A":"# 201","MAILING_ADDRESS_LINE_B":"16515  CENTERFIELD DR ","MAILING_ADDRESS_CITY":"EAGLE RIVER","MAILING_ADDRESS_STATE":"AK","MAILING_ADDRESS_ZIP":"99577-7719","Buyer_Name":"","Buyer_Name_2":"","Buyer_Mailing_Address_A":"","Buyer_Mailing_Address_B":"","Buyer_Mailing_Address_City":"","Buyer_Mailing_Address_State":"","Buyer_Mailing_Address_Zip":"","MERIDIAN":"S","TWP_NUM":"18","TWP_NS":"N","RNG_NUM":"02","RNG_EW":"E","SECT_NUM":"02","GRIDNAME":"PA","GRIDNUM":"03","LANDVALUE":600.0,"LANDASSD":0.0,"BLDGVALUE":0.0,"BLDGASSD":0.0,"GENAREA":"3661","NBHD":"B_EXCEPT_A1","TAXZONE":"0020","CITY":"","COMMCOUN":"2","FSA":"004","RSA":"031","SSA_1":"","SSA_2":"","ESN":21,"ECN":15,"ASSMBDISTRICT":"1","VOTINGPRCNT":"29-530","DFIRM":"02170C7300E","SPUD":"Sutton","SUBDNUM":3492,"LEGAL":"MOOSE TWNST                        BLOCK 18 LOT 9","DOC1_DATE":"1988-10-03T00:00:00Z","DOC1_TYPE":"Patent","DOC1_RCRD":"Palmer-Bk 563 Pg 162","DOC2_DATE":null,"DOC2_TYPE":"","DOC2_RCRD":"","LANDUSE":"","RESUNIT":0.0,"MHUNIT":0.0,"DUPLEXUNIT":0.0,"MULTIUNIT":0.0,"GQUNIT":0.0,"MH_PK_UNIT":0.0,"BLDG_USE1":"","BLDG_USE2":"","BLDG_USE3":"","BLDG_USE4":"","BLDG_USE5":"","BLDG_USE6":"","Photo":"https://ecommerce.matsugov.us/assessment/Pages/Photos.aspx?isDLG=1&P_ID=45017","GlobalID":"{A08C0798-D55B-4F28-912E-24B6D28B5267}","Shape_Length":0.0013131443962268933,"Shape_Area":4.7278977364474319e-08},"geometry":{"type":"MultiPolygon","coordinates":[[[[-149.030871425999976,61.675385262000077,0.0],[-149.031445661999982,61.675384614000052,0.0],[-149.03144603399997,61.675466946000029,0.0],[-149.030871793999978,61.675467596000033,0.0],[-149.030871425999976,61.675385262000077,0.0]]]]}},
{"type":"Feature","properties":{"OBJECTID":59845,"ParcelType":1,"P_ID":11954,"ACCOUNT":"3492B17L008","TAXID_LOKI":"53492B17L008","ACRES":0.0689296,"TAXACRE":0.07,"ORIGACRE":0.07,"FTYPE":"PARCEL","GENOWN":"NATIVE CORP","BUYLEASE":"N","OWNER_1":"EKLUTNA INC","NAME_2":"","MAILING_ADDRESS_LINE_A":"# 201","MAILING_ADDRESS_LINE_B":"16515  CENTERFIELD DR ","MAILING_ADDRESS_CITY":"EAGLE RIVER","MAILING_ADDRESS_STATE":"AK","MAILING_ADDRESS_ZIP":"99577-7719","Buyer_Name":"","Buyer_Name_2":"","Buyer_Mailing_Address_A":"","Buyer_Mailing_Address_B":"","Buyer_Mailing_Address_City":"","Buyer_Mailing_Address_State":"","Buyer_Mailing_Address_Zip":"","MERIDIAN":"S","TWP_NUM":"18","TWP_NS":"N","RNG_NUM":"02","RNG_EW":"E","SECT_NUM":"02","GRIDNAME":"PA","GRIDNUM":"03","LANDVALUE":600.0,"LANDASSD":0.0,"BLDGVALUE":0.0,"BLDGASSD":0.0,"GENAREA":"3661","NBHD":"B_EXCEPT_A1","TAXZONE":"0020","CITY":"","COMMCOUN":"2","FSA":"004","RSA":"031","SSA_1":"","SSA_2":"","ESN":21,"ECN":15,"ASSMBDISTRICT":"1","VOTINGPRCNT":"29-530","DFIRM":"02170C7300E","SPUD":"Sutton","SUBDNUM":3492,"LEGAL":"MOOSE TWNST                        BLOCK 17 LOT 8","DOC1_DATE":"1988-10-03T00:00:00Z","DOC1_TYPE":"Patent","DOC1_RCRD":"Palmer-Bk 563 Pg 162","DOC2_DATE":null,"DOC2_TYPE":"","DOC2_RCRD":"","LANDUSE":"","RESUNIT":0.0,"MHUNIT":0.0,"DUPLEXUNIT":0.0,"MULTIUNIT":0.0,"GQUNIT":0.0,"MH_PK_UNIT":0.0,"BLDG_USE1":"","BLDG_USE2":"","BLDG_USE3":"","BLDG_USE4":"","BLDG_USE5":"","BLDG_USE6":"","Photo":"https://ecommerce.matsugov.us/assessment/Pages/Photos.aspx?isDLG=1&P_ID=11954","GlobalID":"{0A517C07-DE71-4529-947D-EAA697EEB893}","Shape_Length":0.0013131325334216487,"Shape_Area":4.7275546046590862e-08},"geometry":{"type":"MultiPolygon","coordinates":[[[[-149.032537085999962,61.675465694000081,0.0],[-149.033111321999968,61.67546502600004,0.0],[-149.033111703999964,61.675547352000081,0.0],[-149.032537463999972,61.675548022000044,0.0],[-149.032537085999962,61.675465694000081,0.0]]]]}},
{"type":"Feature","properties":{"OBJECTID":59846,"ParcelType":2,"P_ID":67322,"ACCOUNT":"18N02E02C003","TAXID_LOKI":"118N02E02C003","ACRES":0.78907138,"TAXACRE":0.6,"ORIGACRE":0.6,"FTYPE":"PARCEL","GENOWN":"PRIVATE","BUYLEASE":"N","OWNER_1":"WHITE WENDELON A & WHITE K M","NAME_2":"WHITE JASON D & SCOTT JAMES R","MAILING_ADDRESS_LINE_A":"","MAILING_ADDRESS_LINE_B":"12923  KALINOSKI  ","MAILING_ADDRESS_CITY":"SAINT HEDWIG","MAILING_ADDRESS_STATE":"TX","MAILING_ADDRESS_ZIP":"78152","Buyer_Name":"","Buyer_Name_2":"","Buyer_Mailing_Address_A":"","Buyer_Mailing_Address_B":"","Buyer_Mailing_Address_City":"","Buyer_Mailing_Address_State":"","Buyer_Mailing_Address_Zip":"","MERIDIAN":"S","TWP_NUM":"18","TWP_NS":"N","RNG_NUM":"02","RNG_EW":"E","SECT_NUM":"02","GRIDNAME":"PA","GRIDNUM":"03","LANDVALUE":2300.0,"LANDASSD":2300.0,"BLDGVALUE":0.0,"BLDGASSD":0.0,"GENAREA":"3661","NBHD":"B_EXCEPT_A1","TAXZONE":"0019","CITY":"","COMMCOUN":"24","FSA":"900","RSA":"031","SSA_1":"","SSA_2":"","ESN":23,"ECN":14,"ASSMBDISTRICT":"1","VOTINGPRCNT":"29-505","DFIRM":"02170C7300E","SPUD":null,"SUBDNUM":0,"LEGAL":"TOWNSHIP 18N RANGE 2E              SECTION 2 LOT C3","DOC1_DATE":"2021-07-01T00:00:00Z","DOC1_TYPE":"QUITCLAIM DEED (ALL TYPE)","DOC1_RCRD":"Palmer-Bk  Pg ","DOC2_DATE":"2016-06-06T00:00:00Z","DOC2_TYPE":"QUITCLAIM DEED (ALL TYPE)","DOC2_RCRD":"Palmer-Bk  Pg ","LANDUSE":"","RESUNIT":0.0,"MHUNIT":0.0,"DUPLEXUNIT":0.0,"MULTIUNIT":0.0,"GQUNIT":0.0,"MH_PK_UNIT":0.0,"BLDG_USE1":"","BLDG_USE2":"","BLDG_USE3":"","BLDG_USE4":"","BLDG_USE5":"","BLDG_USE6":"","Photo":"https://ecommerce.matsugov.us/assessment/Pages/Photos.aspx?isDLG=1&P_ID=67322","GlobalID":"{BA2D6554-1EDE-4059-9C48-94E6F9FF2ED6}","Shape_Length":0.0062255748659985977,"Shape_Area":5.0774900989960112e-07},"geometry":{"type":"MultiPolygon","coordinates":[[[[-149.050027717999967,61.675275613000053,0.0],[-149.051952126999964,61.67527438500008,0.0],[-149.052933621999983,61.675273737000055,0.0],[-149.052466512999956,61.675315040000044,0.0],[-149.051972903999967,61.675373562000061,0.0],[-149.051482825999983,61.675438444000065,0.0],[-149.05099664399998,61.675509637000062,0.0],[-149.050514715999981,61.675587089000032,0.0],[-149.050037398999962,61.675670742000079,0.0],[-149.050027717999967,61.675275613000053,0.0]]]]}},
{"type":"Feature","properties":{"OBJECTID":59847,"ParcelType":1,"P_ID":71377,"ACCOUNT":"3492B18L013","TAXID_LOKI":"53492B18L013","ACRES":0.06893305,"TAXACRE":0.07,"ORIGACRE":0.07,"FTYPE":"PARCEL","GENOWN":"NATIVE CORP","BUYLEASE":"N","OWNER_1":"EKLUTNA INC","NAME_2":"","MAILING_ADDRESS_LINE_A":"# 201","MAILING_ADDRESS_LINE_B":"16515  CENTERFIELD DR ","MAILING_ADDRESS_CITY":"EAGLE RIVER","MAILING_ADDRESS_STATE":"AK","MAILING_ADDRESS_ZIP":"99577-7719","Buyer_Name":"","Buyer_Name_2":"","Buyer_Mailing_Address_A":"","Buyer_Mailing_Address_B":"","Buyer_Mailing_Address_City":"","Buyer_Mailing_Address_State":"","Buyer_Mailing_Address_Zip":"","MERIDIAN":"S","TWP_NUM":"18","TWP_NS":"N","RNG_NUM":"02","RNG_EW":"E","SECT_NUM":"02","GRIDNAME":"PA","GRIDNUM":"03","LANDVALUE":600.0,"LANDASSD":0.0,"BLDGVALUE":0.0,"BLDGASSD":0.0,"GENAREA":"3661","NBHD":"B_EXCEPT_A1","TAXZONE":"0020","CITY":"","COMMCOUN":"2","FSA":"004","RSA":"031","SSA_1":"","SSA_2":"","ESN":21,"ECN":15,"ASSMBDISTRICT":"1","VOTINGPRCNT":"29-530","DFIRM":"02170C7300E","SPUD":"Sutton","SUBDNUM":3492,"LEGAL":"MOOSE TWNST                        BLOCK 18 LOT 13","DOC1_DATE":"1988-10-03T00:00:00Z","DOC1_TYPE":"Patent","DOC1_RCRD":"Palmer-Bk 563 Pg 162","DOC2_DATE":null,"DOC2_TYPE":"","DOC2_RCRD":"","LANDUSE":"","RESUNIT":0.0,"MHUNIT":0.0,"DUPLEXUNIT":0.0,"MULTIUNIT":0.0,"GQUNIT":0.0,"MH_PK_UNIT":0.0,"BLDG_USE1":"","BLDG_USE2":"","BLDG_USE3":"","BLDG_USE4":"","BLDG_USE5":"","BLDG_USE6":"","Photo":"https://ecommerce.matsugov.us/assessment/Pages/Photos.aspx?isDLG=1&P_ID=71377","GlobalID":"{7F45800C-655C-450D-9688-58A0E41D53CC}","Shape_Length":0.0013131394632276293,"Shape_Area":4.7277548608474075e-08},"geometry":{"type":"MultiPolygon","coordinates":[[[[-149.031560882999969,61.67546681500005,0.0],[-149.032135119999964,61.675466158000063,0.0],[-149.032135495999967,61.675548487000071,0.0],[-149.031561256999964,61.675549147000083,0.0],[-149.031560882999969,61.67546681500005,0.0]]]]}},
{"type":"Feature","properties":{"OBJECTID":59849,"ParcelType":1,"P_ID":78081,"ACCOUNT":"3492B18L008","TAXID_LOKI":"53492B18L008","ACRES":0.06893551,"TAXACRE":0.07,"ORIGACRE":0.07,"FTYPE":"PARCEL","GENOWN":"NATIVE CORP","BUYLEASE":"N","OWNER_1":"EKLUTNA INC","NAME_2":"","MAILING_ADDRESS_LINE_A":"# 201","MAILING_ADDRESS_LINE_B":"16515  CENTERFIELD DR ","MAILING_ADDRESS_CITY":"EAGLE RIVER","MAILING_ADDRESS_STATE":"AK","MAILING_ADDRESS_ZIP":"99577-7719","Buyer_Name":"","Buyer_Name_2":"","Buyer_Mailing_Address_A":"","Buyer_Mailing_Address_B":"","Buyer_Mailing_Address_City":"","Buyer_Mailing_Address_State":"","Buyer_Mailing_Address_Zip":"","MERIDIAN":"S","TWP_NUM":"18","TWP_NS":"N","RNG_NUM":"02","RNG_EW":"E","SECT_NUM":"02","GRIDNAME":"PA","GRIDNUM":"03","LANDVALUE":600.0,"LANDASSD":0.0,"BLDGVALUE":0.0,"BLDGASSD":0.0,"GENAREA":"3661","NBHD":"B_EXCEPT_A1","TAXZONE":"0020","CITY":"","COMMCOUN":"2","FSA":"004","RSA":"031","SSA_1":"","SSA_2":"","ESN":21,"ECN":15,"ASSMBDISTRICT":"1","VOTINGPRCNT":"29-530","DFIRM":"02170C7300E","SPUD":"Sutton","SUBDNUM":3492,"LEGAL":"MOOSE TWNST                        BLOCK 18 LOT 8","DOC1_DATE":"1988-10-03T00:00:00Z","DOC1_TYPE":"Patent","DOC1_RCRD":"Palmer-Bk 563 Pg 162","DOC2_DATE":null,"DOC2_TYPE":"","DOC2_RCRD":"","LANDUSE":"","RESUNIT":0.0,"MHUNIT":0.0,"DUPLEXUNIT":0.0,"MULTIUNIT":0.0,"GQUNIT":0.0,"MH_PK_UNIT":0.0,"BLDG_USE1":"","BLDG_USE2":"","BLDG_USE3":"","BLDG_USE4":"","BLDG_USE5":"","BLDG_USE6":"","Photo":"https://ecommerce.matsugov.us/assessment/Pages/Photos.aspx?isDLG=1&P_ID=78081","GlobalID":"{3B7DC8B0-60F5-407E-95AB-D2C9A7559B89}","Shape_Length":0.0013131504244842328,"Shape_Area":4.7279472900734361e-08},"geometry":{"type":"MultiPolygon","coordinates":[[[[-149.030871793999978,61.675467596000033,0.0],[-149.03144603399997,61.675466946000029,0.0],[-149.031446406999976,61.675549278000062,0.0],[-149.030872165999966,61.675549931000035,0.0],[-149.030871793999978,61.675467596000033,0.0]]]]}},
{"type":"Feature","properties":{"OBJECTID":59850,"ParcelType":1,"P_ID":28951,"ACCOUNT":"3492B17L012","TAXID_LOKI":"53492B17L012","ACRES":0.11487924,"TAXACRE":0.11,"ORIGACRE":0.11,"FTYPE":"PARCEL","GENOWN":"NATIVE CORP","BUYLEASE":"N","OWNER_1":"EKLUTNA INC","NAME_2":"","MAILING_ADDRESS_LINE_A":"# 201","MAILING_ADDRESS_LINE_B":"16515  CENTERFIELD DR ","MAILING_ADDRESS_CITY":"EAGLE RIVER","MAILING_ADDRESS_STATE":"AK","MAILING_ADDRESS_ZIP":"99577-7719","Buyer_Name":"","Buyer_Name_2":"","Buyer_Mailing_Address_A":"","Buyer_Mailing_Address_B":"","Buyer_Mailing_Address_City":"","Buyer_Mailing_Address_State":"","Buyer_Mailing_Address_Zip":"","MERIDIAN":"S","TWP_NUM":"18","TWP_NS":"N","RNG_NUM":"02","RNG_EW":"E","SECT_NUM":"02","GRIDNAME":"PA","GRIDNUM":"03","LANDVALUE":800.0,"LANDASSD":0.0,"BLDGVALUE":0.0,"BLDGASSD":0.0,"GENAREA":"3661","NBHD":"B_EXCEPT_A1","TAXZONE":"0020","CITY":"","COMMCOUN":"2","FSA":"004","RSA":"031","SSA_1":"","SSA_2":"","ESN":21,"ECN":15,"ASSMBDISTRICT":"1","VOTINGPRCNT":"29-530","DFIRM":"02170C7300E","SPUD":"Sutton","SUBDNUM":3492,"LEGAL":"MOOSE TWNST                        BLOCK 17 LOT 12","DOC1_DATE":"1988-10-03T00:00:00Z","DOC1_TYPE":"Patent","DOC1_RCRD":"Palmer-Bk 563 Pg 162","DOC2_DATE":null,"DOC2_TYPE":"","DOC2_RCRD":"","LANDUSE":"","RESUNIT":0.0,"MHUNIT":0.0,"DUPLEXUNIT":0.0,"MULTIUNIT":0.0,"GQUNIT":0.0,"MH_PK_UNIT":0.0,"BLDG_USE1":"","BLDG_USE2":"","BLDG_USE3":"","BLDG_USE4":"","BLDG_USE5":"","BLDG_USE6":"","Photo":"https://ecommerce.matsugov.us/assessment/Pages/Photos.aspx?isDLG=1&P_ID=28951","GlobalID":"{0A666282-454C-49EA-9E6B-F76770FCB07A}","Shape_Length":0.0014228917916325827,"Shape_Area":7.8789989146872051e-08},"geometry":{"type":"MultiPolygon","coordinates":[[[[-149.033226040999978,61.675437449000071,0.0],[-149.033800274999976,61.675436772000069,0.0],[-149.033800917999969,61.675573978000045,0.0],[-149.033226678999966,61.675574658000073,0.0],[-149.033226040999978,61.675437449000071,0.0]]]]}},
{"type":"Feature","properties":{"OBJECTID":59853,"ParcelType":1,"P_ID":77968,"ACCOUNT":"3492B19L008","TAXID_LOKI":"53492B19L008","ACRES":0.11489778,"TAXACRE":0.11,"ORIGACRE":0.11,"FTYPE":"PARCEL","GENOWN":"NATIVE CORP","BUYLEASE":"N","OWNER_1":"EKLUTNA INC","NAME_2":"","MAILING_ADDRESS_LINE_A":"# 201","MAILING_ADDRESS_LINE_B":"16515  CENTERFIELD DR ","MAILING_ADDRESS_CITY":"EAGLE RIVER","MAILING_ADDRESS_STATE":"AK","MAILING_ADDRESS_ZIP":"99577-7719","Buyer_Name":"","Buyer_Name_2":"","Buyer_Mailing_Address_A":"","Buyer_Mailing_Address_B":"","Buyer_Mailing_Address_City":"","Buyer_Mailing_Address_State":"","Buyer_Mailing_Address_Zip":"","MERIDIAN":"S","TWP_NUM":"18","TWP_NS":"N","RNG_NUM":"02","RNG_EW":"E","SECT_NUM":"02","GRIDNAME":"PA","GRIDNUM":"03","LANDVALUE":800.0,"LANDASSD":0.0,"BLDGVALUE":0.0,"BLDGASSD":0.0,"GENAREA":"3661","NBHD":"B_EXCEPT_A1","TAXZONE":"0020","CITY":"","COMMCOUN":"2","FSA":"004","RSA":"031","SSA_1":"","SSA_2":"","ESN":21,"ECN":15,"ASSMBDISTRICT":"1","VOTINGPRCNT":"29-530","DFIRM":"02170C7300E","SPUD":"Sutton","SUBDNUM":3492,"LEGAL":"MOOSE TWNST                        BLOCK 19 LOT 8","DOC1_DATE":"1988-10-03T00:00:00Z","DOC1_TYPE":"Patent","DOC1_RCRD":"Palmer-Bk 563 Pg 162","DOC2_DATE":null,"DOC2_TYPE":"","DOC2_RCRD":"","LANDUSE":"","RESUNIT":0.0,"MHUNIT":0.0,"DUPLEXUNIT":0.0,"MULTIUNIT":0.0,"GQUNIT":0.0,"MH_PK_UNIT":0.0,"BLDG_USE1":"","BLDG_USE2":"","BLDG_USE3":"","BLDG_USE4":"","BLDG_USE5":"","BLDG_USE6":"","Photo":"https://ecommerce.matsugov.us/assessment/Pages/Photos.aspx?isDLG=1&P_ID=77968","GlobalID":"{3696D064-139C-4418-836F-AE75F8C5D0F3}","Shape_Length":0.0014229454605405661,"Shape_Area":7.8802613176256922e-08},"geometry":{"type":"MultiPolygon","coordinates":[[[[-149.029952885999961,61.675441181000053,0.0],[-149.030527126999971,61.675440539000078,0.0],[-149.030527741999975,61.675577765000071,0.0],[-149.02995349699998,61.67557841100006,0.0],[-149.029952885999961,61.675441181000053,0.0]]]]}},
{"type":"Feature","properties":{"OBJECTID":59854,"ParcelType":1,"P_ID":80146,"ACCOUNT":"3492B19L005","TAXID_LOKI":"53492B19L005","ACRES":0.11490227,"TAXACRE":0.11,"ORIGACRE":0.11,"FTYPE":"PARCEL","GENOWN":"NATIVE CORP","BUYLEASE":"N","OWNER_1":"EKLUTNA INC","NAME_2":"","MAILING_ADDRESS_LINE_A":"# 201","MAILING_ADDRESS_LINE_B":"16515  CENTERFIELD DR ","MAILING_ADDRESS_CITY":"EAGLE RIVER","MAILING_ADDRESS_STATE":"AK","MAILING_ADDRESS_ZIP":"99577-7719","Buyer_Name":"","Buyer_Name_2":"","Buyer_Mailing_Address_A":"","Buyer_Mailing_Address_B":"","Buyer_Mailing_Address_City":"","Buyer_Mailing_Address_State":"","Buyer_Mailing_Address_Zip":"","MERIDIAN":"S","TWP_NUM":"18","TWP_NS":"N","RNG_NUM":"02","RNG_EW":"E","SECT_NUM":"02","GRIDNAME":"PA","GRIDNUM":"03","LANDVALUE":800.0,"LANDASSD":0.0,"BLDGVALUE":0.0,"BLDGASSD":0.0,"GENAREA":"3661","NBHD":"B_EXCEPT_A1","TAXZONE":"0020","CITY":"","COMMCOUN":"2","FSA":"004","RSA":"031","SSA_1":"","SSA_2":"","ESN":21,"ECN":15,"ASSMBDISTRICT":"1","VOTINGPRCNT":"29-530","DFIRM":"02170C7300E","SPUD":"Sutton","SUBDNUM":3492,"LEGAL":"MOOSE TWNST                        BLOCK 19 LOT 5","DOC1_DATE":"1988-10-03T00:00:00Z","DOC1_TYPE":"Patent","DOC1_RCRD":"Palmer-Bk 563 Pg 162","DOC2_DATE":null,"DOC2_TYPE":"","DOC2_RCRD":"","LANDUSE":"","RESUNIT":0.0,"MHUNIT":0.0,"DUPLEXUNIT":0.0,"MULTIUNIT":0.0,"GQUNIT":0.0,"MH_PK_UNIT":0.0,"BLDG_USE1":"","BLDG_USE2":"","BLDG_USE3":"","BLDG_USE4":"","BLDG_USE5":"","BLDG_USE6":"","Photo":"https://ecommerce.matsugov.us/assessment/Pages/Photos.aspx?isDLG=1&P_ID=80146","GlobalID":"{8EFB921C-366E-442A-A25C-4EE41BAB7771}","Shape_Length":0.0014229593981204243,"Shape_Area":7.8805752552205936e-08},"geometry":{"type":"MultiPolygon","coordinates":[[[[-149.029263794999963,61.675441947000081,0.0],[-149.02983803799998,61.675441309000064,0.0],[-149.029838646999963,61.67557854000006,0.0],[-149.02926439999996,61.675579182000035,0.0],[-149.029263794999963,61.675441947000081,0.0]]]]}},
{"type":"Feature","properties":{"OBJECTID":59856,"ParcelType":1,"P_ID":4056,"ACCOUNT":"3492B17L007","TAXID_LOKI":"53492B17L007","ACRES":0.06892936,"TAXACRE":0.07,"ORIGACRE":0.07,"FTYPE":"PARCEL","GENOWN":"NATIVE CORP","BUYLEASE":"N","OWNER_1":"EKLUTNA INC","NAME_2":"","MAILING_ADDRESS_LINE_A":"# 201","MAILING_ADDRESS_LINE_B":"16515  CENTERFIELD DR ","MAILING_ADDRESS_CITY":"EAGLE RIVER","MAILING_ADDRESS_STATE":"AK","MAILING_ADDRESS_ZIP":"99577-7719","Buyer_Name":"","Buyer_Name_2":"","Buyer_Mailing_Address_A":"","Buyer_Mailing_Address_B":"","Buyer_Mailing_Address_City":"","Buyer_Mailing_Address_State":"","Buyer_Mailing_Address_Zip":"","MERIDIAN":"S","TWP_NUM":"18","TWP_NS":"N","RNG_NUM":"02","RNG_EW":"E","SECT_NUM":"02","GRIDNAME":"PA","GRIDNUM":"03","LANDVALUE":600.0,"LANDASSD":0.0,"BLDGVALUE":0.0,"BLDGASSD":0.0,"GENAREA":"3661","NBHD":"B_EXCEPT_A1","TAXZONE":"0020","CITY":"","COMMCOUN":"2","FSA":"004","RSA":"031","SSA_1":"","SSA_2":"","ESN":21,"ECN":15,"ASSMBDISTRICT":"1","VOTINGPRCNT":"29-530","DFIRM":"02170C7300E","SPUD":"Sutton","SUBDNUM":3492,"LEGAL":"MOOSE TWNST                        BLOCK 17 LOT 7","DOC1_DATE":"1988-10-03T00:00:00Z","DOC1_TYPE":"Patent","DOC1_RCRD":"Palmer-Bk 563 Pg 162","DOC2_DATE":null,"DOC2_TYPE":"","DOC2_RCRD":"","LANDUSE":"","RESUNIT":0.0,"MHUNIT":0.0,"DUPLEXUNIT":0.0,"MULTIUNIT":0.0,"GQUNIT":0.0,"MH_PK_UNIT":0.0,"BLDG_USE1":"","BLDG_USE2":"","BLDG_USE3":"","BLDG_USE4":"","BLDG_USE5":"","BLDG_USE6":"","Photo":"https://ecommerce.matsugov.us/assessment/Pages/Photos.aspx?isDLG=1&P_ID=4056","GlobalID":"{B4FF530A-FA3F-4427-9A71-E2C025DE9C83}","Shape_Length":0.0013131375484772652,"Shape_Area":4.7275507531338068e-08},"geometry":{"type":"MultiPolygon","coordinates":[[[[-149.032537463999972,61.675548022000044,0.0],[-149.033111703999964,61.675547352000081,0.0],[-149.03311208599996,61.675629677000074,0.0],[-149.032537843999961,61.675630350000063,0.0],[-149.032537463999972,61.675548022000044,0.0]]]]}},
{"type":"Feature","properties":{"OBJECTID":59858,"ParcelType":1,"P_ID":88590,"ACCOUNT":"3492B18L014","TAXID_LOKI":"53492B18L014","ACRES":0.0689328,"TAXACRE":0.07,"ORIGACRE":0.07,"FTYPE":"PARCEL","GENOWN":"NATIVE CORP","BUYLEASE":"N","OWNER_1":"EKLUTNA INC","NAME_2":"","MAILING_ADDRESS_LINE_A":"# 201","MAILING_ADDRESS_LINE_B":"16515  CENTERFIELD DR ","MAILING_ADDRESS_CITY":"EAGLE RIVER","MAILING_ADDRESS_STATE":"AK","MAILING_ADDRESS_ZIP":"99577-7719","Buyer_Name":"","Buyer_Name_2":"","Buyer_Mailing_Address_A":"","Buyer_Mailing_Address_B":"","Buyer_Mailing_Address_City":"","Buyer_Mailing_Address_State":"","Buyer_Mailing_Address_Zip":"","MERIDIAN":"S","TWP_NUM":"18","TWP_NS":"N","RNG_NUM":"02","RNG_EW":"E","SECT_NUM":"02","GRIDNAME":"PA","GRIDNUM":"03","LANDVALUE":600.0,"LANDASSD":0.0,"BLDGVALUE":0.0,"BLDGASSD":0.0,"GENAREA":"3661","NBHD":"B_EXCEPT_A1","TAXZONE":"0020","CITY":"","COMMCOUN":"2","FSA":"004","RSA":"031","SSA_1":"","SSA_2":"","ESN":21,"ECN":15,"ASSMBDISTRICT":"1","VOTINGPRCNT":"29-530","DFIRM":"02170C7300E","SPUD":"Sutton","SUBDNUM":3492,"LEGAL":"MOOSE TWNST                        BLOCK 18 LOT 14","DOC1_DATE":"1988-10-03T00:00:00Z","DOC1_TYPE":"Patent","DOC1_RCRD":"Palmer-Bk 563 Pg 162","DOC2_DATE":null,"DOC2_TYPE":"","DOC2_RCRD":"","LANDUSE":"","RESUNIT":0.0,"MHUNIT":0.0,"DUPLEXUNIT":0.0,"MULTIUNIT":0.0,"GQUNIT":0.0,"MH_PK_UNIT":0.0,"BLDG_USE1":"","BLDG_USE2":"","BLDG_USE3":"","BLDG_USE4":"","BLDG_USE5":"","BLDG_USE6":"","Photo":"https://ecommerce.matsugov.us/assessment/Pages/Photos.aspx?isDLG=1&P_ID=88590","GlobalID":"{245EA63F-E419-47C3-90D7-B120BB3DFEE9}","Shape_Length":0.001313146468918137,"Shape_Area":4.7278083638345494e-08},"geometry":{"type":"MultiPolygon","coordinates":[[[[-149.031561256999964,61.675549147000083,0.0],[-149.032135495999967,61.675548487000071,0.0],[-149.032135872999959,61.675630817000069,0.0],[-149.03156162999997,61.67563147900006,0.0],[-149.031561256999964,61.675549147000083,0.0]]]]}},
{"type":"Feature","properties":{"OBJECTID":59859,"ParcelType":1,"P_ID":85241,"ACCOUNT":"3492B18L007","TAXID_LOKI":"53492B18L007","ACRES":0.06893487,"TAXACRE":0.07,"ORIGACRE":0.07,"FTYPE":"PARCEL","GENOWN":"NATIVE CORP","BUYLEASE":"N","OWNER_1":"EKLUTNA INC","NAME_2":"","MAILING_ADDRESS_LINE_A":"# 201","MAILING_ADDRESS_LINE_B":"16515  CENTERFIELD DR ","MAILING_ADDRESS_CITY":"EAGLE RIVER","MAILING_ADDRESS_STATE":"AK","MAILING_ADDRESS_ZIP":"99577-7719","Buyer_Name":"","Buyer_Name_2":"","Buyer_Mailing_Address_A":"","Buyer_Mailing_Address_B":"","Buyer_Mailing_Address_City":"","Buyer_Mailing_Address_State":"","Buyer_Mailing_Address_Zip":"","MERIDIAN":"S","TWP_NUM":"18","TWP_NS":"N","RNG_NUM":"02","RNG_EW":"E","SECT_NUM":"02","GRIDNAME":"PA","GRIDNUM":"03","LANDVALUE":600.0,"LANDASSD":0.0,"BLDGVALUE":0.0,"BLDGASSD":0.0,"GENAREA":"3661","NBHD":"B_EXCEPT_A1","TAXZONE":"0020","CITY":"","COMMCOUN":"2","FSA":"004","RSA":"031","SSA_1":"","SSA_2":"","ESN":21,"ECN":15,"ASSMBDISTRICT":"1","VOTINGPRCNT":"29-530","DFIRM":"02170C7300E","SPUD":"Sutton","SUBDNUM":3492,"LEGAL":"MOOSE TWNST                        BLOCK 18 LOT 7","DOC1_DATE":"1988-10-03T00:00:00Z","DOC1_TYPE":"Patent","DOC1_RCRD":"Palmer-Bk 563 Pg 162","DOC2_DATE":null,"DOC2_TYPE":"","DOC2_RCRD":"","LANDUSE":"","RESUNIT":0.0,"MHUNIT":0.0,"DUPLEXUNIT":0.0,"MULTIUNIT":0.0,"GQUNIT":0.0,"MH_PK_UNIT":0.0,"BLDG_USE1":"","BLDG_USE2":"","BLDG_USE3":"","BLDG_USE4":"","BLDG_USE5":"","BLDG_USE6":"","Photo":"https://ecommerce.matsugov.us/assessment/Pages/Photos.aspx?isDLG=1&P_ID=85241","GlobalID":"{27D4E636-88DD-445B-8BBD-94B6CE6B60DD}","Shape_Length":0.0013131544256548393,"Shape_Area":4.7279392204117346e-08},"geometry":{"type":"MultiPolygon","coordinates":[[[[-149.030872165999966,61.675549931000035,0.0],[-149.031446406999976,61.675549278000062,0.0],[-149.031446780999971,61.675631610000039,0.0],[-149.030872535999976,61.675632265000047,0.0],[-149.030872165999966,61.675549931000035,0.0]]]]}},
{"type":"Feature","properties":{"OBJECTID":59867,"ParcelType":2,"P_ID":51412,"ACCOUNT":"18N03E06D004","TAXID_LOKI":"118N03E06D004","ACRES":32.63357768,"TAXACRE":32.03,"ORIGACRE":32.03,"FTYPE":"PARCEL","GENOWN":"PRIVATE","BUYLEASE":"N","OWNER_1":"PEABODY WILLIAM & MILLICENT TR","NAME_2":"PEABODY WILLIAM P & M E TRES","MAILING_ADDRESS_LINE_A":"","MAILING_ADDRESS_LINE_B":"7933 N LUCKY CIR ","MAILING_ADDRESS_CITY":"PALMER","MAILING_ADDRESS_STATE":"AK","MAILING_ADDRESS_ZIP":"99645","Buyer_Name":"","Buyer_Name_2":"","Buyer_Mailing_Address_A":"","Buyer_Mailing_Address_B":"","Buyer_Mailing_Address_City":"","Buyer_Mailing_Address_State":"","Buyer_Mailing_Address_Zip":"","MERIDIAN":"S","TWP_NUM":"18","TWP_NS":"N","RNG_NUM":"03","RNG_EW":"E","SECT_NUM":"06","GRIDNAME":"PA","GRIDNUM":"02","LANDVALUE":16000.0,"LANDASSD":16000.0,"BLDGVALUE":0.0,"BLDGASSD":0.0,"GENAREA":"3654","NBHD":"AG_LAND","TAXZONE":"0025","CITY":"","COMMCOUN":"15","FSA":"900","RSA":"019","SSA_1":"","SSA_2":"","ESN":23,"ECN":14,"ASSMBDISTRICT":"1","VOTINGPRCNT":"25-315","DFIRM":null,"SPUD":null,"SUBDNUM":0,"LEGAL":"TOWNSHIP 18N RANGE 3E              SECTION 6 LOT D4","DOC1_DATE":"2026-02-06T00:00:00Z","DOC1_TYPE":"QUITCLAIM DEED (ALL TYPE)","DOC1_RCRD":"Palmer-Bk  Pg ","DOC2_DATE":"2021-11-22T00:00:00Z","DOC2_TYPE":"WARRANTY DEED (ALL TYPES)","DOC2_RCRD":"Palmer-Bk  Pg ","LANDUSE":"","RESUNIT":0.0,"MHUNIT":0.0,"DUPLEXUNIT":0.0,"MULTIUNIT":0.0,"GQUNIT":0.0,"MH_PK_UNIT":0.0,"BLDG_USE1":"","BLDG_USE2":"","BLDG_USE3":"","BLDG_USE4":"","BLDG_USE5":"","BLDG_USE6":"","Photo":"https://ecommerce.matsugov.us/assessment/Pages/Photos.aspx?isDLG=1&P_ID=51412","GlobalID":"{4BEB59BA-F09E-4CF6-8A3B-1052C9540273}","Shape_Length":0.021082604062131818,"Shape_Area":2.2380214578833329e-05},"geometry":{"type":"MultiPolygon","coordinates":[[[[-148.974956755999983,61.67166475700003,0.0],[-148.982554261999979,61.671665657000062,0.0],[-148.982562442999978,61.67359514900005,0.0],[-148.981657711999958,61.673713224000039,0.0],[-148.980628061999965,61.67398980300004,0.0],[-148.979622147999976,61.674555629000054,0.0],[-148.978900636999981,61.674589388000072,0.0],[-148.977565153999961,61.675097699000048,0.0],[-148.977442422999957,61.675206636000041,0.0],[-148.977364664999982,61.675275655000064,0.0],[-148.977364609999967,61.675275655000064,0.0],[-148.974971685999975,61.675275326000076,0.0],[-148.974956755999983,61.67166475700003,0.0]]]]}},
{"type":"Feature","properties":{"OBJECTID":59868,"ParcelType":1,"P_ID":36180,"ACCOUNT":"3492B17L013","TAXID_LOKI":"53492B17L013","ACRES":0.11487908,"TAXACRE":0.11,"ORIGACRE":0.11,"FTYPE":"PARCEL","GENOWN":"NATIVE CORP","BUYLEASE":"N","OWNER_1":"EKLUTNA INC","NAME_2":"","MAILING_ADDRESS_LINE_A":"# 201","MAILING_ADDRESS_LINE_B":"16515  CENTERFIELD DR ","MAILING_ADDRESS_CITY":"EAGLE RIVER","MAILING_ADDRESS_STATE":"AK","MAILING_ADDRESS_ZIP":"99577-7719","Buyer_Name":"","Buyer_Name_2":"","Buyer_Mailing_Address_A":"","Buyer_Mailing_Address_B":"","Buyer_Mailing_Address_City":"","Buyer_Mailing_Address_State":"","Buyer_Mailing_Address_Zip":"","MERIDIAN":"S","TWP_NUM":"18","TWP_NS":"N","RNG_NUM":"02","RNG_EW":"E","SECT_NUM":"02","GRIDNAME":"PA","GRIDNUM":"03","LANDVALUE":800.0,"LANDASSD":0.0,"BLDGVALUE":0.0,"BLDGASSD":0.0,"GENAREA":"3661","NBHD":"B_EXCEPT_A1","TAXZONE":"0020","CITY":"","COMMCOUN":"2","FSA":"004","RSA":"031","SSA_1":"","SSA_2":"","ESN":21,"ECN":15,"ASSMBDISTRICT":"1","VOTINGPRCNT":"29-530","DFIRM":"02170C7300E","SPUD":"Sutton","SUBDNUM":3492,"LEGAL":"MOOSE TWNST                        BLOCK 17 LOT 13","DOC1_DATE":"1988-10-03T00:00:00Z","DOC1_TYPE":"Patent","DOC1_RCRD":"Palmer-Bk 563 Pg 162","DOC2_DATE":null,"DOC2_TYPE":"","DOC2_RCRD":"","LANDUSE":"","RESUNIT":0.0,"MHUNIT":0.0,"DUPLEXUNIT":0.0,"MULTIUNIT":0.0,"GQUNIT":0.0,"MH_PK_UNIT":0.0,"BLDG_USE1":"","BLDG_USE2":"","BLDG_USE3":"","BLDG_USE4":"","BLDG_USE5":"","BLDG_USE6":"","Photo":"https://ecommerce.matsugov.us/assessment/Pages/Photos.aspx?isDLG=1&P_ID=36180","GlobalID":"{6E85E2E4-EE83-4D7D-BDD8-148AD6F54967}","Shape_Length":0.0014229018081389675,"Shape_Area":7.8790677804247182e-08},"geometry":{"type":"MultiPolygon","coordinates":[[[[-149.033226678999966,61.675574658000073,0.0],[-149.033800917999969,61.675573978000045,0.0],[-149.033801561999979,61.675711184000079,0.0],[-149.033227317999973,61.675711867000075,0.0],[-149.033226678999966,61.675574658000073,0.0]]]]}},
{"type":"Feature","properties":{"OBJECTID":59869,"ParcelType":1,"P_ID":72085,"ACCOUNT":"3492B17L006","TAXID_LOKI":"53492B17L006","ACRES":0.06892997,"TAXACRE":0.07,"ORIGACRE":0.07,"FTYPE":"PARCEL","GENOWN":"NATIVE CORP","BUYLEASE":"N","OWNER_1":"EKLUTNA INC","NAME_2":"","MAILING_ADDRESS_LINE_A":"# 201","MAILING_ADDRESS_LINE_B":"16515  CENTERFIELD DR ","MAILING_ADDRESS_CITY":"EAGLE RIVER","MAILING_ADDRESS_STATE":"AK","MAILING_ADDRESS_ZIP":"99577-7719","Buyer_Name":"","Buyer_Name_2":"","Buyer_Mailing_Address_A":"","Buyer_Mailing_Address_B":"","Buyer_Mailing_Address_City":"","Buyer_Mailing_Address_State":"","Buyer_Mailing_Address_Zip":"","MERIDIAN":"S","TWP_NUM":"18","TWP_NS":"N","RNG_NUM":"02","RNG_EW":"E","SECT_NUM":"02","GRIDNAME":"PA","GRIDNUM":"03","LANDVALUE":600.0,"LANDASSD":0.0,"BLDGVALUE":0.0,"BLDGASSD":0.0,"GENAREA":"3661","NBHD":"B_EXCEPT_A1","TAXZONE":"0020","CITY":"","COMMCOUN":"2","FSA":"004","RSA":"031","SSA_1":"","SSA_2":"","ESN":21,"ECN":15,"ASSMBDISTRICT":"1","VOTINGPRCNT":"29-530","DFIRM":"02170C7300E","SPUD":"Sutton","SUBDNUM":3492,"LEGAL":"MOOSE TWNST                        BLOCK 17 LOT 6","DOC1_DATE":"1988-10-03T00:00:00Z","DOC1_TYPE":"Patent","DOC1_RCRD":"Palmer-Bk 563 Pg 162","DOC2_DATE":null,"DOC2_TYPE":"","DOC2_RCRD":"","LANDUSE":"","RESUNIT":0.0,"MHUNIT":0.0,"DUPLEXUNIT":0.0,"MULTIUNIT":0.0,"GQUNIT":0.0,"MH_PK_UNIT":0.0,"BLDG_USE1":"","BLDG_USE2":"","BLDG_USE3":"","BLDG_USE4":"","BLDG_USE5":"","BLDG_USE6":"","Photo":"https://ecommerce.matsugov.us/assessment/Pages/Photos.aspx?isDLG=1&P_ID=72085","GlobalID":"{D53EAE16-0702-4C5D-BE84-256BC5776150}","Shape_Length":0.0013131445543659078,"Shape_Area":4.7276042583220691e-08},"geometry":{"type":"MultiPolygon","coordinates":[[[[-149.032537843999961,61.675630350000063,0.0],[-149.03311208599996,61.675629677000074,0.0],[-149.033112468999974,61.675712003000058,0.0],[-149.03253822299996,61.675712678000082,0.0],[-149.032537843999961,61.675630350000063,0.0]]]]}},
{"type":"Feature","properties":{"OBJECTID":59871,"ParcelType":1,"P_ID":29655,"ACCOUNT":"3492B18L015","TAXID_LOKI":"53492B18L015","ACRES":0.06893266,"TAXACRE":0.07,"ORIGACRE":0.07,"FTYPE":"PARCEL","GENOWN":"NATIVE CORP","BUYLEASE":"N","OWNER_1":"EKLUTNA INC","NAME_2":"","MAILING_ADDRESS_LINE_A":"# 201","MAILING_ADDRESS_LINE_B":"16515  CENTERFIELD DR ","MAILING_ADDRESS_CITY":"EAGLE RIVER","MAILING_ADDRESS_STATE":"AK","MAILING_ADDRESS_ZIP":"99577-7719","Buyer_Name":"","Buyer_Name_2":"","Buyer_Mailing_Address_A":"","Buyer_Mailing_Address_B":"","Buyer_Mailing_Address_City":"","Buyer_Mailing_Address_State":"","Buyer_Mailing_Address_Zip":"","MERIDIAN":"S","TWP_NUM":"18","TWP_NS":"N","RNG_NUM":"02","RNG_EW":"E","SECT_NUM":"02","GRIDNAME":"PA","GRIDNUM":"03","LANDVALUE":600.0,"LANDASSD":0.0,"BLDGVALUE":0.0,"BLDGASSD":0.0,"GENAREA":"3661","NBHD":"B_EXCEPT_A1","TAXZONE":"0020","CITY":"","COMMCOUN":"2","FSA":"004","RSA":"031","SSA_1":"","SSA_2":"","ESN":21,"ECN":15,"ASSMBDISTRICT":"1","VOTINGPRCNT":"29-530","DFIRM":"02170C7300E","SPUD":"Sutton","SUBDNUM":3492,"LEGAL":"MOOSE TWNST                        BLOCK 18 LOT 15","DOC1_DATE":"1988-10-03T00:00:00Z","DOC1_TYPE":"Patent","DOC1_RCRD":"Palmer-Bk 563 Pg 162","DOC2_DATE":null,"DOC2_TYPE":"","DOC2_RCRD":"","LANDUSE":"","RESUNIT":0.0,"MHUNIT":0.0,"DUPLEXUNIT":0.0,"MULTIUNIT":0.0,"GQUNIT":0.0,"MH_PK_UNIT":0.0,"BLDG_USE1":"","BLDG_USE2":"","BLDG_USE3":"","BLDG_USE4":"","BLDG_USE5":"","BLDG_USE6":"","Photo":"https://ecommerce.matsugov.us/assessment/Pages/Photos.aspx?isDLG=1&P_ID=29655","GlobalID":"{3DBF2926-F3A6-4A21-ADE0-955973374F6B}","Shape_Length":0.0013131524826883827,"Shape_Area":4.7277840136440018e-08},"geometry":{"type":"MultiPolygon","coordinates":[[[[-149.03156162999997,61.67563147900006,0.0],[-149.032135872999959,61.675630817000069,0.0],[-149.032136250999969,61.675713146000078,0.0],[-149.031562003999966,61.675713810000047,0.0],[-149.03156162999997,61.67563147900006,0.0]]]]}},
{"type":"Feature","properties":{"OBJECTID":59872,"ParcelType":1,"P_ID":19237,"ACCOUNT":"3492B18L006","TAXID_LOKI":"53492B18L006","ACRES":0.0689355,"TAXACRE":0.07,"ORIGACRE":0.07,"FTYPE":"PARCEL","GENOWN":"NATIVE CORP","BUYLEASE":"N","OWNER_1":"EKLUTNA INC","NAME_2":"","MAILING_ADDRESS_LINE_A":"# 201","MAILING_ADDRESS_LINE_B":"16515  CENTERFIELD DR ","MAILING_ADDRESS_CITY":"EAGLE RIVER","MAILING_ADDRESS_STATE":"AK","MAILING_ADDRESS_ZIP":"99577-7719","Buyer_Name":"","Buyer_Name_2":"","Buyer_Mailing_Address_A":"","Buyer_Mailing_Address_B":"","Buyer_Mailing_Address_City":"","Buyer_Mailing_Address_State":"","Buyer_Mailing_Address_Zip":"","MERIDIAN":"S","TWP_NUM":"18","TWP_NS":"N","RNG_NUM":"02","RNG_EW":"E","SECT_NUM":"02","GRIDNAME":"PA","GRIDNUM":"03","LANDVALUE":600.0,"LANDASSD":0.0,"BLDGVALUE":0.0,"BLDGASSD":0.0,"GENAREA":"3661","NBHD":"B_EXCEPT_A1","TAXZONE":"0020","CITY":"","COMMCOUN":"2","FSA":"004","RSA":"031","SSA_1":"","SSA_2":"","ESN":21,"ECN":15,"ASSMBDISTRICT":"1","VOTINGPRCNT":"29-530","DFIRM":"02170C7300E","SPUD":"Sutton","SUBDNUM":3492,"LEGAL":"MOOSE TWNST                        BLOCK 18 LOT 6","DOC1_DATE":"1988-10-03T00:00:00Z","DOC1_TYPE":"Patent","DOC1_RCRD":"Palmer-Bk 563 Pg 162","DOC2_DATE":null,"DOC2_TYPE":"","DOC2_RCRD":"","LANDUSE":"","RESUNIT":0.0,"MHUNIT":0.0,"DUPLEXUNIT":0.0,"MULTIUNIT":0.0,"GQUNIT":0.0,"MH_PK_UNIT":0.0,"BLDG_USE1":"","BLDG_USE2":"","BLDG_USE3":"","BLDG_USE4":"","BLDG_USE5":"","BLDG_USE6":"","Photo":"https://ecommerce.matsugov.us/assessment/Pages/Photos.aspx?isDLG=1&P_ID=19237","GlobalID":"{BBDCA2A7-4678-47A6-984E-DE51F34C5B6D}","Shape_Length":0.0013131614438129213,"Shape_Area":4.7279682113223273e-08},"geometry":{"type":"MultiPolygon","coordinates":[[[[-149.030872535999976,61.675632265000047,0.0],[-149.031446780999971,61.675631610000039,0.0],[-149.031447155999956,61.675713942000073,0.0],[-149.030872907999964,61.675714599000059,0.0],[-149.030872535999976,61.675632265000047,0.0]]]]}},
{"type":"Feature","properties":{"OBJECTID":59873,"ParcelType":1,"P_ID":33194,"ACCOUNT":"3492B19L009","TAXID_LOKI":"53492B19L009","ACRES":0.11489782,"TAXACRE":0.11,"ORIGACRE":0.11,"FTYPE":"PARCEL","GENOWN":"NATIVE CORP","BUYLEASE":"N","OWNER_1":"EKLUTNA INC","NAME_2":"","MAILING_ADDRESS_LINE_A":"# 201","MAILING_ADDRESS_LINE_B":"16515  CENTERFIELD DR ","MAILING_ADDRESS_CITY":"EAGLE RIVER","MAILING_ADDRESS_STATE":"AK","MAILING_ADDRESS_ZIP":"99577-7719","Buyer_Name":"","Buyer_Name_2":"","Buyer_Mailing_Address_A":"","Buyer_Mailing_Address_B":"","Buyer_Mailing_Address_City":"","Buyer_Mailing_Address_State":"","Buyer_Mailing_Address_Zip":"","MERIDIAN":"S","TWP_NUM":"18","TWP_NS":"N","RNG_NUM":"02","RNG_EW":"E","SECT_NUM":"02","GRIDNAME":"PA","GRIDNUM":"03","LANDVALUE":800.0,"LANDASSD":0.0,"BLDGVALUE":0.0,"BLDGASSD":0.0,"GENAREA":"3661","NBHD":"B_EXCEPT_A1","TAXZONE":"0020","CITY":"","COMMCOUN":"2","FSA":"004","RSA":"031","SSA_1":"","SSA_2":"","ESN":21,"ECN":15,"ASSMBDISTRICT":"1","VOTINGPRCNT":"29-530","DFIRM":"02170C7300E","SPUD":"Sutton","SUBDNUM":3492,"LEGAL":"MOOSE TWNST                        BLOCK 19 LOT 9","DOC1_DATE":"1988-10-03T00:00:00Z","DOC1_TYPE":"Patent","DOC1_RCRD":"Palmer-Bk 563 Pg 162","DOC2_DATE":null,"DOC2_TYPE":"","DOC2_RCRD":"","LANDUSE":"","RESUNIT":0.0,"MHUNIT":0.0,"DUPLEXUNIT":0.0,"MULTIUNIT":0.0,"GQUNIT":0.0,"MH_PK_UNIT":0.0,"BLDG_USE1":"","BLDG_USE2":"","BLDG_USE3":"","BLDG_USE4":"","BLDG_USE5":"","BLDG_USE6":"","Photo":"https://ecommerce.matsugov.us/assessment/Pages/Photos.aspx?isDLG=1&P_ID=33194","GlobalID":"{B86F5DB1-8D7F-46A7-9890-833F9101563E}","Shape_Length":0.0014229544740097019,"Shape_Area":7.8803233477573037e-08},"geometry":{"type":"MultiPolygon","coordinates":[[[[-149.02995349699998,61.67557841100006,0.0],[-149.030527741999975,61.675577765000071,0.0],[-149.03052835799997,61.675714991000063,0.0],[-149.02995410799997,61.675715641000068,0.0],[-149.02995349699998,61.67557841100006,0.0]]]]}},
{"type":"Feature","properties":{"OBJECTID":59874,"ParcelType":1,"P_ID":59811,"ACCOUNT":"3492B19L004","TAXID_LOKI":"53492B19L004","ACRES":0.11490176,"TAXACRE":0.11,"ORIGACRE":0.11,"FTYPE":"PARCEL","GENOWN":"NATIVE CORP","BUYLEASE":"N","OWNER_1":"EKLUTNA INC","NAME_2":"","MAILING_ADDRESS_LINE_A":"# 201","MAILING_ADDRESS_LINE_B":"16515  CENTERFIELD DR ","MAILING_ADDRESS_CITY":"EAGLE RIVER","MAILING_ADDRESS_STATE":"AK","MAILING_ADDRESS_ZIP":"99577-7719","Buyer_Name":"","Buyer_Name_2":"","Buyer_Mailing_Address_A":"","Buyer_Mailing_Address_B":"","Buyer_Mailing_Address_City":"","Buyer_Mailing_Address_State":"","Buyer_Mailing_Address_Zip":"","MERIDIAN":"S","TWP_NUM":"18","TWP_NS":"N","RNG_NUM":"02","RNG_EW":"E","SECT_NUM":"02","GRIDNAME":"PA","GRIDNUM":"03","LANDVALUE":800.0,"LANDASSD":0.0,"BLDGVALUE":0.0,"BLDGASSD":0.0,"GENAREA":"3661","NBHD":"B_EXCEPT_A1","TAXZONE":"0020","CITY":"","COMMCOUN":"2","FSA":"004","RSA":"031","SSA_1":"","SSA_2":"","ESN":21,"ECN":15,"ASSMBDISTRICT":"1","VOTINGPRCNT":"29-530","DFIRM":"02170C7300E","SPUD":"Sutton","SUBDNUM":3492,"LEGAL":"MOOSE TWNST                        BLOCK 19 LOT 4","DOC1_DATE":"1988-10-03T00:00:00Z","DOC1_TYPE":"Patent","DOC1_RCRD":"Palmer-Bk 563 Pg 162","DOC2_DATE":null,"DOC2_TYPE":"","DOC2_RCRD":"","LANDUSE":"","RESUNIT":0.0,"MHUNIT":0.0,"DUPLEXUNIT":0.0,"MULTIUNIT":0.0,"GQUNIT":0.0,"MH_PK_UNIT":0.0,"BLDG_USE1":"","BLDG_USE2":"","BLDG_USE3":"","BLDG_USE4":"","BLDG_USE5":"","BLDG_USE6":"","Photo":"https://ecommerce.matsugov.us/assessment/Pages/Photos.aspx?isDLG=1&P_ID=59811","GlobalID":"{76FEEECF-1593-4F48-AD08-592F6B73E7EB}","Shape_Length":0.0014229664381378263,"Shape_Area":7.8806237564852084e-08},"geometry":{"type":"MultiPolygon","coordinates":[[[[-149.02926439999996,61.675579182000035,0.0],[-149.029838646999963,61.67557854000006,0.0],[-149.029839258999971,61.675715771000057,0.0],[-149.029265008999971,61.675716417000046,0.0],[-149.02926439999996,61.675579182000035,0.0]]]]}},
{"type":"Feature","properties":{"OBJECTID":59876,"ParcelType":2,"P_ID":27842,"ACCOUNT":"18N03E06D003","TAXID_LOKI":"118N03E06D003","ACRES":40.00105091,"TAXACRE":37.03,"ORIGACRE":37.03,"FTYPE":"PARCEL","GENOWN":"PRIVATE","BUYLEASE":"N","OWNER_1":"PEABODY WILLIAM P & MILLICENT E TR TRE","NAME_2":"MATANUSKA-SUSITNA BOROUGH","MAILING_ADDRESS_LINE_A":"","MAILING_ADDRESS_LINE_B":"7933 N LUCKY CIR ","MAILING_ADDRESS_CITY":"PALMER","MAILING_ADDRESS_STATE":"AK","MAILING_ADDRESS_ZIP":"99645","Buyer_Name":"","Buyer_Name_2":"","Buyer_Mailing_Address_A":"","Buyer_Mailing_Address_B":"","Buyer_Mailing_Address_City":"","Buyer_Mailing_Address_State":"","Buyer_Mailing_Address_Zip":"","MERIDIAN":"S","TWP_NUM":"18","TWP_NS":"N","RNG_NUM":"03","RNG_EW":"E","SECT_NUM":"06","GRIDNAME":"PA","GRIDNUM":"02","LANDVALUE":9300.0,"LANDASSD":9300.0,"BLDGVALUE":0.0,"BLDGASSD":0.0,"GENAREA":"3654","NBHD":"AG_LAND","TAXZONE":"0025","CITY":"","COMMCOUN":"15","FSA":"900","RSA":"019","SSA_1":"","SSA_2":"","ESN":23,"ECN":14,"ASSMBDISTRICT":"1","VOTINGPRCNT":"25-315","DFIRM":null,"SPUD":null,"SUBDNUM":0,"LEGAL":"TOWNSHIP 18N RANGE 3E              SECTION 6 LOT D3","DOC1_DATE":"2010-04-12T00:00:00Z","DOC1_TYPE":"WARRANTY DEED (ALL TYPES)","DOC1_RCRD":"Palmer-Bk  Pg ","DOC2_DATE":"2009-07-29T00:00:00Z","DOC2_TYPE":"WARRANTY DEED (ALL TYPES)","DOC2_RCRD":"Palmer-Bk  Pg ","LANDUSE":"","RESUNIT":0.0,"MHUNIT":0.0,"DUPLEXUNIT":0.0,"MULTIUNIT":0.0,"GQUNIT":0.0,"MH_PK_UNIT":0.0,"BLDG_USE1":"","BLDG_USE2":"","BLDG_USE3":"","BLDG_USE4":"","BLDG_USE5":"","BLDG_USE6":"","Photo":"https://ecommerce.matsugov.us/assessment/Pages/Photos.aspx?isDLG=1&P_ID=27842","GlobalID":"{BA682551-D3F4-4783-887D-1FD0447A08F2}","Shape_Length":0.022416955122081639,"Shape_Area":2.7432755174749304e-05},"geometry":{"type":"MultiPolygon","coordinates":[[[[-148.967359254999963,61.671663436000074,0.0],[-148.974956755999983,61.67166475700003,0.0],[-148.974971685999975,61.675275326000076,0.0],[-148.96737348299996,61.67527405900006,0.0],[-148.967359254999963,61.671663436000074,0.0]]]]}},
{"type":"Feature","properties":{"OBJECTID":59877,"ParcelType":1,"P_ID":60044,"ACCOUNT":"3492B17L005","TAXID_LOKI":"53492B17L005","ACRES":0.06892983,"TAXACRE":0.07,"ORIGACRE":0.07,"FTYPE":"PARCEL","GENOWN":"NATIVE CORP","BUYLEASE":"N","OWNER_1":"EKLUTNA INC","NAME_2":"","MAILING_ADDRESS_LINE_A":"# 201","MAILING_ADDRESS_LINE_B":"16515  CENTERFIELD DR ","MAILING_ADDRESS_CITY":"EAGLE RIVER","MAILING_ADDRESS_STATE":"AK","MAILING_ADDRESS_ZIP":"99577-7719","Buyer_Name":"","Buyer_Name_2":"","Buyer_Mailing_Address_A":"","Buyer_Mailing_Address_B":"","Buyer_Mailing_Address_City":"","Buyer_Mailing_Address_State":"","Buyer_Mailing_Address_Zip":"","MERIDIAN":"S","TWP_NUM":"18","TWP_NS":"N","RNG_NUM":"02","RNG_EW":"E","SECT_NUM":"02","GRIDNAME":"PA","GRIDNUM":"03","LANDVALUE":600.0,"LANDASSD":0.0,"BLDGVALUE":0.0,"BLDGASSD":0.0,"GENAREA":"3661","NBHD":"B_EXCEPT_A1","TAXZONE":"0020","CITY":"","COMMCOUN":"2","FSA":"004","RSA":"031","SSA_1":"","SSA_2":"","ESN":21,"ECN":15,"ASSMBDISTRICT":"1","VOTINGPRCNT":"29-530","DFIRM":"02170C7300E","SPUD":"Sutton","SUBDNUM":3492,"LEGAL":"MOOSE TWNST                        BLOCK 17 LOT 5","DOC1_DATE":"1988-10-03T00:00:00Z","DOC1_TYPE":"Patent","DOC1_RCRD":"Palmer-Bk 563 Pg 162","DOC2_DATE":null,"DOC2_TYPE":"","DOC2_RCRD":"","LANDUSE":"","RESUNIT":0.0,"MHUNIT":0.0,"DUPLEXUNIT":0.0,"MULTIUNIT":0.0,"GQUNIT":0.0,"MH_PK_UNIT":0.0,"BLDG_USE1":"","BLDG_USE2":"","BLDG_USE3":"","BLDG_USE4":"","BLDG_USE5":"","BLDG_USE6":"","Photo":"https://ecommerce.matsugov.us/assessment/Pages/Photos.aspx?isDLG=1&P_ID=60044","GlobalID":"{135DA5B9-B3A2-4AA1-BD21-A1D7BB7E0770}","Shape_Length":0.0013131495636410162,"Shape_Area":4.7275757569264346e-08},"geometry":{"type":"MultiPolygon","coordinates":[[[[-149.03253822299996,61.675712678000082,0.0],[-149.033112468999974,61.675712003000058,0.0],[-149.03311285199996,61.675794328000052,0.0],[-149.032538602999978,61.675795005000055,0.0],[-149.03253822299996,61.675712678000082,0.0]]]]}},
{"type":"Feature","properties":{"OBJECTID":59878,"ParcelType":1,"P_ID":14672,"ACCOUNT":"3492B18L016","TAXID_LOKI":"53492B18L016","ACRES":0.06893253,"TAXACRE":0.07,"ORIGACRE":0.07,"FTYPE":"PARCEL","GENOWN":"NATIVE CORP","BUYLEASE":"N","OWNER_1":"EKLUTNA INC","NAME_2":"","MAILING_ADDRESS_LINE_A":"# 201","MAILING_ADDRESS_LINE_B":"16515  CENTERFIELD DR ","MAILING_ADDRESS_CITY":"EAGLE RIVER","MAILING_ADDRESS_STATE":"AK","MAILING_ADDRESS_ZIP":"99577-7719","Buyer_Name":"","Buyer_Name_2":"","Buyer_Mailing_Address_A":"","Buyer_Mailing_Address_B":"","Buyer_Mailing_Address_City":"","Buyer_Mailing_Address_State":"","Buyer_Mailing_Address_Zip":"","MERIDIAN":"S","TWP_NUM":"18","TWP_NS":"N","RNG_NUM":"02","RNG_EW":"E","SECT_NUM":"02","GRIDNAME":"PA","GRIDNUM":"03","LANDVALUE":600.0,"LANDASSD":0.0,"BLDGVALUE":0.0,"BLDGASSD":0.0,"GENAREA":"3661","NBHD":"B_EXCEPT_A1","TAXZONE":"0020","CITY":"","COMMCOUN":"2","FSA":"004","RSA":"031","SSA_1":"","SSA_2":"","ESN":21,"ECN":15,"ASSMBDISTRICT":"1","VOTINGPRCNT":"29-530","DFIRM":"02170C7300E","SPUD":"Sutton","SUBDNUM":3492,"LEGAL":"MOOSE TWNST                        BLOCK 18 LOT 16","DOC1_DATE":"1988-10-03T00:00:00Z","DOC1_TYPE":"Patent","DOC1_RCRD":"Palmer-Bk 563 Pg 162","DOC2_DATE":null,"DOC2_TYPE":"","DOC2_RCRD":"","LANDUSE":"","RESUNIT":0.0,"MHUNIT":0.0,"DUPLEXUNIT":0.0,"MULTIUNIT":0.0,"GQUNIT":0.0,"MH_PK_UNIT":0.0,"BLDG_USE1":"","BLDG_USE2":"","BLDG_USE3":"","BLDG_USE4":"","BLDG_USE5":"","BLDG_USE6":"","Photo":"https://ecommerce.matsugov.us/assessment/Pages/Photos.aspx?isDLG=1&P_ID=14672","GlobalID":"{22D8EB80-3A52-48AE-B009-6BD0C65B7A14}","Shape_Length":0.0013131585021519247,"Shape_Area":4.7277843092617555e-08},"geometry":{"type":"MultiPolygon","coordinates":[[[[-149.031562003999966,61.675713810000047,0.0],[-149.032136250999969,61.675713146000078,0.0],[-149.032136629999968,61.67579547400004,0.0],[-149.031562379999968,61.675796141000035,0.0],[-149.031562003999966,61.675713810000047,0.0]]]]}},
{"type":"Feature","properties":{"OBJECTID":59879,"ParcelType":1,"P_ID":83340,"ACCOUNT":"3492B18L005","TAXID_LOKI":"53492B18L005","ACRES":0.06893524,"TAXACRE":0.07,"ORIGACRE":0.07,"FTYPE":"PARCEL","GENOWN":"NATIVE CORP","BUYLEASE":"N","OWNER_1":"EKLUTNA INC","NAME_2":"","MAILING_ADDRESS_LINE_A":"# 201","MAILING_ADDRESS_LINE_B":"16515  CENTERFIELD DR ","MAILING_ADDRESS_CITY":"EAGLE RIVER","MAILING_ADDRESS_STATE":"AK","MAILING_ADDRESS_ZIP":"99577-7719","Buyer_Name":"","Buyer_Name_2":"","Buyer_Mailing_Address_A":"","Buyer_Mailing_Address_B":"","Buyer_Mailing_Address_City":"","Buyer_Mailing_Address_State":"","Buyer_Mailing_Address_Zip":"","MERIDIAN":"S","TWP_NUM":"18","TWP_NS":"N","RNG_NUM":"02","RNG_EW":"E","SECT_NUM":"02","GRIDNAME":"PA","GRIDNUM":"03","LANDVALUE":600.0,"LANDASSD":0.0,"BLDGVALUE":0.0,"BLDGASSD":0.0,"GENAREA":"3661","NBHD":"B_EXCEPT_A1","TAXZONE":"0020","CITY":"","COMMCOUN":"2","FSA":"004","RSA":"031","SSA_1":"","SSA_2":"","ESN":21,"ECN":15,"ASSMBDISTRICT":"1","VOTINGPRCNT":"29-530","DFIRM":"02170C7300E","SPUD":"Sutton","SUBDNUM":3492,"LEGAL":"MOOSE TWNST                        BLOCK 18 LOT 5","DOC1_DATE":"1988-10-03T00:00:00Z","DOC1_TYPE":"Patent","DOC1_RCRD":"Palmer-Bk 563 Pg 162","DOC2_DATE":null,"DOC2_TYPE":"","DOC2_RCRD":"","LANDUSE":"","RESUNIT":0.0,"MHUNIT":0.0,"DUPLEXUNIT":0.0,"MULTIUNIT":0.0,"GQUNIT":0.0,"MH_PK_UNIT":0.0,"BLDG_USE1":"","BLDG_USE2":"","BLDG_USE3":"","BLDG_USE4":"","BLDG_USE5":"","BLDG_USE6":"","Photo":"https://ecommerce.matsugov.us/assessment/Pages/Photos.aspx?isDLG=1&P_ID=83340","GlobalID":"{2A9515E9-AE7C-4097-BC69-872EAF188A05}","Shape_Length":0.0013131664437849063,"Shape_Area":4.7279888347590341e-08},"geometry":{"type":"MultiPolygon","coordinates":[[[[-149.030872907999964,61.675714599000059,0.0],[-149.031447155999956,61.675713942000073,0.0],[-149.03144752999998,61.675796274000049,0.0],[-149.03087327999998,61.675796933000072,0.0],[-149.030872907999964,61.675714599000059,0.0]]]]}},
{"type":"Feature","properties":{"OBJECTID":59883,"ParcelType":2,"P_ID":80843,"ACCOUNT":"18N03E05C004","TAXID_LOKI":"118N03E05C004","ACRES":40.71126464,"TAXACRE":40.0,"ORIGACRE":40.0,"FTYPE":"PARCEL","GENOWN":"PRIVATE","BUYLEASE":"N","OWNER_1":"PEABODY WILLIAM P & MILLICENT E TR TRE","NAME_2":"MATANUSKA-SUSITNA BOROUGH","MAILING_ADDRESS_LINE_A":"","MAILING_ADDRESS_LINE_B":"7933 N LUCKY CIR ","MAILING_ADDRESS_CITY":"PALMER","MAILING_ADDRESS_STATE":"AK","MAILING_ADDRESS_ZIP":"99645","Buyer_Name":"","Buyer_Name_2":"","Buyer_Mailing_Address_A":"","Buyer_Mailing_Address_B":"","Buyer_Mailing_Address_City":"","Buyer_Mailing_Address_State":"","Buyer_Mailing_Address_Zip":"","MERIDIAN":"S","TWP_NUM":"18","TWP_NS":"N","RNG_NUM":"03","RNG_EW":"E","SECT_NUM":"05","GRIDNAME":"PA","GRIDNUM":"02","LANDVALUE":10000.0,"LANDASSD":10000.0,"BLDGVALUE":21300.0,"BLDGASSD":21300.0,"GENAREA":"3654","NBHD":"AG_LAND","TAXZONE":"0026","CITY":"","COMMCOUN":"15","FSA":"132","RSA":"019","SSA_1":"","SSA_2":"","ESN":24,"ECN":14,"ASSMBDISTRICT":"1","VOTINGPRCNT":"25-315","DFIRM":null,"SPUD":null,"SUBDNUM":0,"LEGAL":"TOWNSHIP 18N RANGE 3E              SECTION 5 LOT C4","DOC1_DATE":"2010-04-12T00:00:00Z","DOC1_TYPE":"QUITCLAIM DEED (ALL TYPE)","DOC1_RCRD":"Palmer-Bk  Pg ","DOC2_DATE":"2009-07-29T00:00:00Z","DOC2_TYPE":"QUITCLAIM DEED (ALL TYPE)","DOC2_RCRD":"Palmer-Bk  Pg ","LANDUSE":"","RESUNIT":1.0,"MHUNIT":0.0,"DUPLEXUNIT":0.0,"MULTIUNIT":0.0,"GQUNIT":0.0,"MH_PK_UNIT":0.0,"BLDG_USE1":"1100","BLDG_USE2":"","BLDG_USE3":"","BLDG_USE4":"","BLDG_USE5":"","BLDG_USE6":"","Photo":"https://ecommerce.matsugov.us/assessment/Pages/Photos.aspx?isDLG=1&P_ID=80843","GlobalID":"{07F70B60-BFA8-4CB7-BC30-15F4DB1BDEF6}","Shape_Length":0.022686556808094654,"Shape_Area":2.7919805486090555e-05},"geometry":{"type":"MultiPolygon","coordinates":[[[[-148.959625431999967,61.671691945000077,0.0],[-148.967359254999963,61.671663436000074,0.0],[-148.96737348299996,61.67527405900006,0.0],[-148.959642152999976,61.675302554000041,0.0],[-148.959625431999967,61.671691945000077,0.0]]]]}},
{"type":"Feature","properties":{"OBJECTID":59884,"ParcelType":1,"P_ID":56268,"ACCOUNT":"3492B17L014","TAXID_LOKI":"53492B17L014","ACRES":0.11487949,"TAXACRE":0.11,"ORIGACRE":0.11,"FTYPE":"PARCEL","GENOWN":"NATIVE CORP","BUYLEASE":"N","OWNER_1":"EKLUTNA INC","NAME_2":"","MAILING_ADDRESS_LINE_A":"# 201","MAILING_ADDRESS_LINE_B":"16515  CENTERFIELD DR ","MAILING_ADDRESS_CITY":"EAGLE RIVER","MAILING_ADDRESS_STATE":"AK","MAILING_ADDRESS_ZIP":"99577-7719","Buyer_Name":"","Buyer_Name_2":"","Buyer_Mailing_Address_A":"","Buyer_Mailing_Address_B":"","Buyer_Mailing_Address_City":"","Buyer_Mailing_Address_State":"","Buyer_Mailing_Address_Zip":"","MERIDIAN":"S","TWP_NUM":"18","TWP_NS":"N","RNG_NUM":"02","RNG_EW":"E","SECT_NUM":"02","GRIDNAME":"PA","GRIDNUM":"03","LANDVALUE":800.0,"LANDASSD":0.0,"BLDGVALUE":0.0,"BLDGASSD":0.0,"GENAREA":"3661","NBHD":"B_EXCEPT_A1","TAXZONE":"0020","CITY":"","COMMCOUN":"2","FSA":"004","RSA":"031","SSA_1":"","SSA_2":"","ESN":21,"ECN":15,"ASSMBDISTRICT":"1","VOTINGPRCNT":"29-530","DFIRM":"02170C7300E","SPUD":"Sutton","SUBDNUM":3492,"LEGAL":"MOOSE TWNST                        BLOCK 17 LOT 14","DOC1_DATE":"1988-10-03T00:00:00Z","DOC1_TYPE":"Patent","DOC1_RCRD":"Palmer-Bk 563 Pg 162","DOC2_DATE":null,"DOC2_TYPE":"","DOC2_RCRD":"","LANDUSE":"","RESUNIT":0.0,"MHUNIT":0.0,"DUPLEXUNIT":0.0,"MULTIUNIT":0.0,"GQUNIT":0.0,"MH_PK_UNIT":0.0,"BLDG_USE1":"","BLDG_USE2":"","BLDG_USE3":"","BLDG_USE4":"","BLDG_USE5":"","BLDG_USE6":"","Photo":"https://ecommerce.matsugov.us/assessment/Pages/Photos.aspx?isDLG=1&P_ID=56268","GlobalID":"{C0E4291C-07E4-440C-81DB-9698C002C632}","Shape_Length":0.0014229108351743009,"Shape_Area":7.8790643268769387e-08},"geometry":{"type":"MultiPolygon","coordinates":[[[[-149.033227317999973,61.675711867000075,0.0],[-149.033801561999979,61.675711184000079,0.0],[-149.033802208999958,61.675848388000077,0.0],[-149.033227957999969,61.675849075000031,0.0],[-149.033227317999973,61.675711867000075,0.0]]]]}},
{"type":"Feature","properties":{"OBJECTID":59886,"ParcelType":1,"P_ID":49517,"ACCOUNT":"3492B19L010","TAXID_LOKI":"53492B19L010","ACRES":0.11489769,"TAXACRE":0.11,"ORIGACRE":0.11,"FTYPE":"PARCEL","GENOWN":"NATIVE CORP","BUYLEASE":"N","OWNER_1":"EKLUTNA INC","NAME_2":"","MAILING_ADDRESS_LINE_A":"# 201","MAILING_ADDRESS_LINE_B":"16515  CENTERFIELD DR ","MAILING_ADDRESS_CITY":"EAGLE RIVER","MAILING_ADDRESS_STATE":"AK","MAILING_ADDRESS_ZIP":"99577-7719","Buyer_Name":"","Buyer_Name_2":"","Buyer_Mailing_Address_A":"","Buyer_Mailing_Address_B":"","Buyer_Mailing_Address_City":"","Buyer_Mailing_Address_State":"","Buyer_Mailing_Address_Zip":"","MERIDIAN":"S","TWP_NUM":"18","TWP_NS":"N","RNG_NUM":"02","RNG_EW":"E","SECT_NUM":"02","GRIDNAME":"PA","GRIDNUM":"03","LANDVALUE":800.0,"LANDASSD":0.0,"BLDGVALUE":0.0,"BLDGASSD":0.0,"GENAREA":"3661","NBHD":"B_EXCEPT_A1","TAXZONE":"0020","CITY":"","COMMCOUN":"2","FSA":"004","RSA":"031","SSA_1":"","SSA_2":"","ESN":21,"ECN":15,"ASSMBDISTRICT":"1","VOTINGPRCNT":"29-530","DFIRM":"02170C7300E","SPUD":"Sutton","SUBDNUM":3492,"LEGAL":"MOOSE TWNST                        BLOCK 19 LOT 10","DOC1_DATE":"1988-10-03T00:00:00Z","DOC1_TYPE":"Patent","DOC1_RCRD":"Palmer-Bk 563 Pg 162","DOC2_DATE":null,"DOC2_TYPE":"","DOC2_RCRD":"","LANDUSE":"","RESUNIT":0.0,"MHUNIT":0.0,"DUPLEXUNIT":0.0,"MULTIUNIT":0.0,"GQUNIT":0.0,"MH_PK_UNIT":0.0,"BLDG_USE1":"","BLDG_USE2":"","BLDG_USE3":"","BLDG_USE4":"","BLDG_USE5":"","BLDG_USE6":"","Photo":"https://ecommerce.matsugov.us/assessment/Pages/Photos.aspx?isDLG=1&P_ID=49517","GlobalID":"{9DCF42C1-5DF5-4112-B0AC-A7ED01B0B194}","Shape_Length":0.0014229625189128264,"Shape_Area":7.8803787451627608e-08},"geometry":{"type":"MultiPolygon","coordinates":[[[[-149.02995410799997,61.675715641000068,0.0],[-149.03052835799997,61.675714991000063,0.0],[-149.03052897699996,61.675852217000056,0.0],[-149.029954723999964,61.675852871000075,0.0],[-149.02995410799997,61.675715641000068,0.0]]]]}},
{"type":"Feature","properties":{"OBJECTID":59887,"ParcelType":1,"P_ID":34380,"ACCOUNT":"3492B19L003","TAXID_LOKI":"53492B19L003","ACRES":0.11490162,"TAXACRE":0.11,"ORIGACRE":0.11,"FTYPE":"PARCEL","GENOWN":"NATIVE CORP","BUYLEASE":"N","OWNER_1":"EKLUTNA INC","NAME_2":"","MAILING_ADDRESS_LINE_A":"# 201","MAILING_ADDRESS_LINE_B":"16515  CENTERFIELD DR ","MAILING_ADDRESS_CITY":"EAGLE RIVER","MAILING_ADDRESS_STATE":"AK","MAILING_ADDRESS_ZIP":"99577-7719","Buyer_Name":"","Buyer_Name_2":"","Buyer_Mailing_Address_A":"","Buyer_Mailing_Address_B":"","Buyer_Mailing_Address_City":"","Buyer_Mailing_Address_State":"","Buyer_Mailing_Address_Zip":"","MERIDIAN":"S","TWP_NUM":"18","TWP_NS":"N","RNG_NUM":"02","RNG_EW":"E","SECT_NUM":"02","GRIDNAME":"PA","GRIDNUM":"03","LANDVALUE":800.0,"LANDASSD":0.0,"BLDGVALUE":0.0,"BLDGASSD":0.0,"GENAREA":"3661","NBHD":"B_EXCEPT_A1","TAXZONE":"0020","CITY":"","COMMCOUN":"2","FSA":"004","RSA":"031","SSA_1":"","SSA_2":"","ESN":21,"ECN":15,"ASSMBDISTRICT":"1","VOTINGPRCNT":"29-530","DFIRM":"02170C7300E","SPUD":"Sutton","SUBDNUM":3492,"LEGAL":"MOOSE TWNST                        BLOCK 19 LOT 3","DOC1_DATE":"1988-10-03T00:00:00Z","DOC1_TYPE":"Patent","DOC1_RCRD":"Palmer-Bk 563 Pg 162","DOC2_DATE":null,"DOC2_TYPE":"","DOC2_RCRD":"","LANDUSE":"","RESUNIT":0.0,"MHUNIT":0.0,"DUPLEXUNIT":0.0,"MULTIUNIT":0.0,"GQUNIT":0.0,"MH_PK_UNIT":0.0,"BLDG_USE1":"","BLDG_USE2":"","BLDG_USE3":"","BLDG_USE4":"","BLDG_USE5":"","BLDG_USE6":"","Photo":"https://ecommerce.matsugov.us/assessment/Pages/Photos.aspx?isDLG=1&P_ID=34380","GlobalID":"{CE9501C1-0100-4D45-A092-0015BB24BA15}","Shape_Length":0.0014229714661801898,"Shape_Area":7.8805929171508123e-08},"geometry":{"type":"MultiPolygon","coordinates":[[[[-149.029265008999971,61.675716417000046,0.0],[-149.029839258999971,61.675715771000057,0.0],[-149.029839873999975,61.675853,0.0],[-149.029265618999972,61.675853651000068,0.0],[-149.029265008999971,61.675716417000046,0.0]]]]}},
{"type":"Feature","properties":{"OBJECTID":59888,"ParcelType":1,"P_ID":28735,"ACCOUNT":"3492B17L004","TAXID_LOKI":"53492B17L004","ACRES":0.06892959,"TAXACRE":0.07,"ORIGACRE":0.07,"FTYPE":"PARCEL","GENOWN":"NATIVE CORP","BUYLEASE":"N","OWNER_1":"EKLUTNA INC","NAME_2":"","MAILING_ADDRESS_LINE_A":"# 201","MAILING_ADDRESS_LINE_B":"16515  CENTERFIELD DR ","MAILING_ADDRESS_CITY":"EAGLE RIVER","MAILING_ADDRESS_STATE":"AK","MAILING_ADDRESS_ZIP":"99577-7719","Buyer_Name":"","Buyer_Name_2":"","Buyer_Mailing_Address_A":"","Buyer_Mailing_Address_B":"","Buyer_Mailing_Address_City":"","Buyer_Mailing_Address_State":"","Buyer_Mailing_Address_Zip":"","MERIDIAN":"S","TWP_NUM":"18","TWP_NS":"N","RNG_NUM":"02","RNG_EW":"E","SECT_NUM":"02","GRIDNAME":"PA","GRIDNUM":"03","LANDVALUE":600.0,"LANDASSD":0.0,"BLDGVALUE":0.0,"BLDGASSD":0.0,"GENAREA":"3661","NBHD":"B_EXCEPT_A1","TAXZONE":"0020","CITY":"","COMMCOUN":"2","FSA":"004","RSA":"031","SSA_1":"","SSA_2":"","ESN":21,"ECN":15,"ASSMBDISTRICT":"1","VOTINGPRCNT":"29-530","DFIRM":"02170C7300E","SPUD":"Sutton","SUBDNUM":3492,"LEGAL":"MOOSE TWNST                        BLOCK 17 LOT 4","DOC1_DATE":"1988-10-03T00:00:00Z","DOC1_TYPE":"Patent","DOC1_RCRD":"Palmer-Bk 563 Pg 162","DOC2_DATE":null,"DOC2_TYPE":"","DOC2_RCRD":"","LANDUSE":"","RESUNIT":0.0,"MHUNIT":0.0,"DUPLEXUNIT":0.0,"MULTIUNIT":0.0,"GQUNIT":0.0,"MH_PK_UNIT":0.0,"BLDG_USE1":"","BLDG_USE2":"","BLDG_USE3":"","BLDG_USE4":"","BLDG_USE5":"","BLDG_USE6":"","Photo":"https://ecommerce.matsugov.us/assessment/Pages/Photos.aspx?isDLG=1&P_ID=28735","GlobalID":"{3DCA09E2-9C83-406F-B8EB-C208387738A7}","Shape_Length":0.0013131545915877106,"Shape_Area":4.7275965842420831e-08},"geometry":{"type":"MultiPolygon","coordinates":[[[[-149.032538602999978,61.675795005000055,0.0],[-149.03311285199996,61.675794328000052,0.0],[-149.033113236999981,61.675876653000046,0.0],[-149.032538985999963,61.675877332000027,0.0],[-149.032538602999978,61.675795005000055,0.0]]]]}},
{"type":"Feature","properties":{"OBJECTID":59889,"ParcelType":1,"P_ID":73377,"ACCOUNT":"3492B18L017","TAXID_LOKI":"53492B18L017","ACRES":0.06893352,"TAXACRE":0.07,"ORIGACRE":0.07,"FTYPE":"PARCEL","GENOWN":"NATIVE CORP","BUYLEASE":"N","OWNER_1":"EKLUTNA INC","NAME_2":"","MAILING_ADDRESS_LINE_A":"# 201","MAILING_ADDRESS_LINE_B":"16515  CENTERFIELD DR ","MAILING_ADDRESS_CITY":"EAGLE RIVER","MAILING_ADDRESS_STATE":"AK","MAILING_ADDRESS_ZIP":"99577-7719","Buyer_Name":"","Buyer_Name_2":"","Buyer_Mailing_Address_A":"","Buyer_Mailing_Address_B":"","Buyer_Mailing_Address_City":"","Buyer_Mailing_Address_State":"","Buyer_Mailing_Address_Zip":"","MERIDIAN":"S","TWP_NUM":"18","TWP_NS":"N","RNG_NUM":"02","RNG_EW":"E","SECT_NUM":"02","GRIDNAME":"PA","GRIDNUM":"03","LANDVALUE":600.0,"LANDASSD":0.0,"BLDGVALUE":0.0,"BLDGASSD":0.0,"GENAREA":"3661","NBHD":"B_EXCEPT_A1","TAXZONE":"0020","CITY":"","COMMCOUN":"2","FSA":"004","RSA":"031","SSA_1":"","SSA_2":"","ESN":21,"ECN":15,"ASSMBDISTRICT":"1","VOTINGPRCNT":"29-530","DFIRM":"02170C7300E","SPUD":"Sutton","SUBDNUM":3492,"LEGAL":"MOOSE TWNST                        BLOCK 18 LOT 17","DOC1_DATE":"1988-10-03T00:00:00Z","DOC1_TYPE":"Patent","DOC1_RCRD":"Palmer-Bk 563 Pg 162","DOC2_DATE":null,"DOC2_TYPE":"","DOC2_RCRD":"","LANDUSE":"","RESUNIT":0.0,"MHUNIT":0.0,"DUPLEXUNIT":0.0,"MULTIUNIT":0.0,"GQUNIT":0.0,"MH_PK_UNIT":0.0,"BLDG_USE1":"","BLDG_USE2":"","BLDG_USE3":"","BLDG_USE4":"","BLDG_USE5":"","BLDG_USE6":"","Photo":"https://ecommerce.matsugov.us/assessment/Pages/Photos.aspx?isDLG=1&P_ID=73377","GlobalID":"{18E0B60A-895F-4BDA-AD7D-7B1EB3281E71}","Shape_Length":0.0013131665068517979,"Shape_Area":4.7278665113928372e-08},"geometry":{"type":"MultiPolygon","coordinates":[[[[-149.031562379999968,61.675796141000035,0.0],[-149.032136629999968,61.67579547400004,0.0],[-149.032137008999968,61.675877804000038,0.0],[-149.031562755999971,61.675878472000079,0.0],[-149.031562379999968,61.675796141000035,0.0]]]]}},
{"type":"Feature","properties":{"OBJECTID":59892,"ParcelType":1,"P_ID":88768,"ACCOUNT":"3492B18L004","TAXID_LOKI":"53492B18L004","ACRES":0.06893539,"TAXACRE":0.07,"ORIGACRE":0.07,"FTYPE":"PARCEL","GENOWN":"NATIVE CORP","BUYLEASE":"N","OWNER_1":"EKLUTNA INC","NAME_2":"","MAILING_ADDRESS_LINE_A":"# 201","MAILING_ADDRESS_LINE_B":"16515  CENTERFIELD DR ","MAILING_ADDRESS_CITY":"EAGLE RIVER","MAILING_ADDRESS_STATE":"AK","MAILING_ADDRESS_ZIP":"99577-7719","Buyer_Name":"","Buyer_Name_2":"","Buyer_Mailing_Address_A":"","Buyer_Mailing_Address_B":"","Buyer_Mailing_Address_City":"","Buyer_Mailing_Address_State":"","Buyer_Mailing_Address_Zip":"","MERIDIAN":"S","TWP_NUM":"18","TWP_NS":"N","RNG_NUM":"02","RNG_EW":"E","SECT_NUM":"02","GRIDNAME":"PA","GRIDNUM":"03","LANDVALUE":600.0,"LANDASSD":0.0,"BLDGVALUE":0.0,"BLDGASSD":0.0,"GENAREA":"3661","NBHD":"B_EXCEPT_A1","TAXZONE":"0020","CITY":"","COMMCOUN":"2","FSA":"004","RSA":"031","SSA_1":"","SSA_2":"","ESN":21,"ECN":15,"ASSMBDISTRICT":"1","VOTINGPRCNT":"29-530","DFIRM":"02170C7300E","SPUD":"Sutton","SUBDNUM":3492,"LEGAL":"MOOSE TWNST                        BLOCK 18 LOT 4","DOC1_DATE":"1988-10-03T00:00:00Z","DOC1_TYPE":"Patent","DOC1_RCRD":"Palmer-Bk 563 Pg 162","DOC2_DATE":null,"DOC2_TYPE":"","DOC2_RCRD":"","LANDUSE":"","RESUNIT":0.0,"MHUNIT":0.0,"DUPLEXUNIT":0.0,"MULTIUNIT":0.0,"GQUNIT":0.0,"MH_PK_UNIT":0.0,"BLDG_USE1":"","BLDG_USE2":"","BLDG_USE3":"","BLDG_USE4":"","BLDG_USE5":"","BLDG_USE6":"","Photo":"https://ecommerce.matsugov.us/assessment/Pages/Photos.aspx?isDLG=1&P_ID=88768","GlobalID":"{D793487C-EB7A-47A1-9983-8EC37BCCF7E3}","Shape_Length":0.0013131704722346477,"Shape_Area":4.7279809624952217e-08},"geometry":{"type":"MultiPolygon","coordinates":[[[[-149.03087327999998,61.675796933000072,0.0],[-149.03144752999998,61.675796274000049,0.0],[-149.031447906999972,61.675878605000037,0.0],[-149.030873653999976,61.675879267000028,0.0],[-149.03087327999998,61.675796933000072,0.0]]]]}},
{"type":"Feature","properties":{"OBJECTID":59898,"ParcelType":1,"P_ID":25829,"ACCOUNT":"3492B17L003","TAXID_LOKI":"53492B17L003","ACRES":0.06893057,"TAXACRE":0.07,"ORIGACRE":0.07,"FTYPE":"PARCEL","GENOWN":"NATIVE CORP","BUYLEASE":"N","OWNER_1":"EKLUTNA INC","NAME_2":"","MAILING_ADDRESS_LINE_A":"# 201","MAILING_ADDRESS_LINE_B":"16515  CENTERFIELD DR ","MAILING_ADDRESS_CITY":"EAGLE RIVER","MAILING_ADDRESS_STATE":"AK","MAILING_ADDRESS_ZIP":"99577-7719","Buyer_Name":"","Buyer_Name_2":"","Buyer_Mailing_Address_A":"","Buyer_Mailing_Address_B":"","Buyer_Mailing_Address_City":"","Buyer_Mailing_Address_State":"","Buyer_Mailing_Address_Zip":"","MERIDIAN":"S","TWP_NUM":"18","TWP_NS":"N","RNG_NUM":"02","RNG_EW":"E","SECT_NUM":"02","GRIDNAME":"PA","GRIDNUM":"03","LANDVALUE":600.0,"LANDASSD":0.0,"BLDGVALUE":0.0,"BLDGASSD":0.0,"GENAREA":"3661","NBHD":"B_EXCEPT_A1","TAXZONE":"0020","CITY":"","COMMCOUN":"2","FSA":"004","RSA":"031","SSA_1":"","SSA_2":"","ESN":21,"ECN":15,"ASSMBDISTRICT":"1","VOTINGPRCNT":"29-530","DFIRM":"02170C7300E","SPUD":"Sutton","SUBDNUM":3492,"LEGAL":"MOOSE TWNST                        BLOCK 17 LOT 3","DOC1_DATE":"1988-10-03T00:00:00Z","DOC1_TYPE":"Patent","DOC1_RCRD":"Palmer-Bk 563 Pg 162","DOC2_DATE":null,"DOC2_TYPE":"","DOC2_RCRD":"","LANDUSE":"","RESUNIT":0.0,"MHUNIT":0.0,"DUPLEXUNIT":0.0,"MULTIUNIT":0.0,"GQUNIT":0.0,"MH_PK_UNIT":0.0,"BLDG_USE1":"","BLDG_USE2":"","BLDG_USE3":"","BLDG_USE4":"","BLDG_USE5":"","BLDG_USE6":"","Photo":"https://ecommerce.matsugov.us/assessment/Pages/Photos.aspx?isDLG=1&P_ID=25829","GlobalID":"{97A3CD88-46CE-441B-A5F8-976639E2F1B7}","Shape_Length":0.0013131625777770071,"Shape_Area":4.7276786492574486e-08},"geometry":{"type":"MultiPolygon","coordinates":[[[[-149.032538985999963,61.675877332000027,0.0],[-149.033113236999981,61.675876653000046,0.0],[-149.033113620999984,61.675958979000029,0.0],[-149.03253936599998,61.675959660000046,0.0],[-149.032538985999963,61.675877332000027,0.0]]]]}},
{"type":"Feature","properties":{"OBJECTID":59899,"ParcelType":1,"P_ID":63035,"ACCOUNT":"3492B18L018","TAXID_LOKI":"53492B18L018","ACRES":0.06893327,"TAXACRE":0.07,"ORIGACRE":0.07,"FTYPE":"PARCEL","GENOWN":"NATIVE CORP","BUYLEASE":"N","OWNER_1":"EKLUTNA INC","NAME_2":"","MAILING_ADDRESS_LINE_A":"# 201","MAILING_ADDRESS_LINE_B":"16515  CENTERFIELD DR ","MAILING_ADDRESS_CITY":"EAGLE RIVER","MAILING_ADDRESS_STATE":"AK","MAILING_ADDRESS_ZIP":"99577-7719","Buyer_Name":"","Buyer_Name_2":"","Buyer_Mailing_Address_A":"","Buyer_Mailing_Address_B":"","Buyer_Mailing_Address_City":"","Buyer_Mailing_Address_State":"","Buyer_Mailing_Address_Zip":"","MERIDIAN":"S","TWP_NUM":"18","TWP_NS":"N","RNG_NUM":"02","RNG_EW":"E","SECT_NUM":"02","GRIDNAME":"PA","GRIDNUM":"03","LANDVALUE":600.0,"LANDASSD":0.0,"BLDGVALUE":0.0,"BLDGASSD":0.0,"GENAREA":"3661","NBHD":"B_EXCEPT_A1","TAXZONE":"0020","CITY":"","COMMCOUN":"2","FSA":"004","RSA":"031","SSA_1":"","SSA_2":"","ESN":21,"ECN":15,"ASSMBDISTRICT":"1","VOTINGPRCNT":"29-530","DFIRM":"02170C7300E","SPUD":"Sutton","SUBDNUM":3492,"LEGAL":"MOOSE TWNST                        BLOCK 18 LOT 18","DOC1_DATE":"1988-10-03T00:00:00Z","DOC1_TYPE":"Patent","DOC1_RCRD":"Palmer-Bk 563 Pg 162","DOC2_DATE":null,"DOC2_TYPE":"","DOC2_RCRD":"","LANDUSE":"","RESUNIT":0.0,"MHUNIT":0.0,"DUPLEXUNIT":0.0,"MULTIUNIT":0.0,"GQUNIT":0.0,"MH_PK_UNIT":0.0,"BLDG_USE1":"","BLDG_USE2":"","BLDG_USE3":"","BLDG_USE4":"","BLDG_USE5":"","BLDG_USE6":"","Photo":"https://ecommerce.matsugov.us/assessment/Pages/Photos.aspx?isDLG=1&P_ID=63035","GlobalID":"{7FA11498-6961-4103-A80C-987C5B82A82D}","Shape_Length":0.0013131705240482243,"Shape_Area":4.727858536864061e-08},"geometry":{"type":"MultiPolygon","coordinates":[[[[-149.031562755999971,61.675878472000079,0.0],[-149.032137008999968,61.675877804000038,0.0],[-149.032137388999956,61.675960133000046,0.0],[-149.031563133999981,61.675960803000066,0.0],[-149.031562755999971,61.675878472000079,0.0]]]]}},
{"type":"Feature","properties":{"OBJECTID":59900,"ParcelType":1,"P_ID":28611,"ACCOUNT":"3492B18L003","TAXID_LOKI":"53492B18L003","ACRES":0.06893513,"TAXACRE":0.07,"ORIGACRE":0.07,"FTYPE":"PARCEL","GENOWN":"NATIVE CORP","BUYLEASE":"N","OWNER_1":"EKLUTNA INC","NAME_2":"","MAILING_ADDRESS_LINE_A":"# 201","MAILING_ADDRESS_LINE_B":"16515  CENTERFIELD DR ","MAILING_ADDRESS_CITY":"EAGLE RIVER","MAILING_ADDRESS_STATE":"AK","MAILING_ADDRESS_ZIP":"99577-7719","Buyer_Name":"","Buyer_Name_2":"","Buyer_Mailing_Address_A":"","Buyer_Mailing_Address_B":"","Buyer_Mailing_Address_City":"","Buyer_Mailing_Address_State":"","Buyer_Mailing_Address_Zip":"","MERIDIAN":"S","TWP_NUM":"18","TWP_NS":"N","RNG_NUM":"02","RNG_EW":"E","SECT_NUM":"02","GRIDNAME":"PA","GRIDNUM":"03","LANDVALUE":600.0,"LANDASSD":0.0,"BLDGVALUE":0.0,"BLDGASSD":0.0,"GENAREA":"3661","NBHD":"B_EXCEPT_A1","TAXZONE":"0020","CITY":"","COMMCOUN":"2","FSA":"004","RSA":"031","SSA_1":"","SSA_2":"","ESN":21,"ECN":15,"ASSMBDISTRICT":"1","VOTINGPRCNT":"29-530","DFIRM":"02170C7300E","SPUD":"Sutton","SUBDNUM":3492,"LEGAL":"MOOSE TWNST                        BLOCK 18 LOT 3","DOC1_DATE":"1988-10-03T00:00:00Z","DOC1_TYPE":"Patent","DOC1_RCRD":"Palmer-Bk 563 Pg 162","DOC2_DATE":null,"DOC2_TYPE":"","DOC2_RCRD":"","LANDUSE":"","RESUNIT":0.0,"MHUNIT":0.0,"DUPLEXUNIT":0.0,"MULTIUNIT":0.0,"GQUNIT":0.0,"MH_PK_UNIT":0.0,"BLDG_USE1":"","BLDG_USE2":"","BLDG_USE3":"","BLDG_USE4":"","BLDG_USE5":"","BLDG_USE6":"","Photo":"https://ecommerce.matsugov.us/assessment/Pages/Photos.aspx?isDLG=1&P_ID=28611","GlobalID":"{621B497A-EDC3-4E88-85FD-87922532097A}","Shape_Length":0.0013131744735565632,"Shape_Area":4.7279728972288047e-08},"geometry":{"type":"MultiPolygon","coordinates":[[[[-149.030873653999976,61.675879267000028,0.0],[-149.031447906999972,61.675878605000037,0.0],[-149.031448282999975,61.675960936000081,0.0],[-149.030874027999971,61.675961600000051,0.0],[-149.030873653999976,61.675879267000028,0.0]]]]}},
{"type":"Feature","properties":{"OBJECTID":59901,"ParcelType":1,"P_ID":11534,"ACCOUNT":"3492B17L015","TAXID_LOKI":"53492B17L015","ACRES":0.11488046,"TAXACRE":0.11,"ORIGACRE":0.11,"FTYPE":"PARCEL","GENOWN":"NATIVE CORP","BUYLEASE":"N","OWNER_1":"EKLUTNA INC","NAME_2":"","MAILING_ADDRESS_LINE_A":"# 201","MAILING_ADDRESS_LINE_B":"16515  CENTERFIELD DR ","MAILING_ADDRESS_CITY":"EAGLE RIVER","MAILING_ADDRESS_STATE":"AK","MAILING_ADDRESS_ZIP":"99577-7719","Buyer_Name":"","Buyer_Name_2":"","Buyer_Mailing_Address_A":"","Buyer_Mailing_Address_B":"","Buyer_Mailing_Address_City":"","Buyer_Mailing_Address_State":"","Buyer_Mailing_Address_Zip":"","MERIDIAN":"S","TWP_NUM":"18","TWP_NS":"N","RNG_NUM":"02","RNG_EW":"E","SECT_NUM":"02","GRIDNAME":"PA","GRIDNUM":"03","LANDVALUE":800.0,"LANDASSD":0.0,"BLDGVALUE":0.0,"BLDGASSD":0.0,"GENAREA":"3661","NBHD":"B_EXCEPT_A1","TAXZONE":"0020","CITY":"","COMMCOUN":"2","FSA":"004","RSA":"031","SSA_1":"","SSA_2":"","ESN":21,"ECN":15,"ASSMBDISTRICT":"1","VOTINGPRCNT":"29-530","DFIRM":"02170C7300E","SPUD":"Sutton","SUBDNUM":3492,"LEGAL":"MOOSE TWNST                        BLOCK 17 LOT 15","DOC1_DATE":"1988-10-03T00:00:00Z","DOC1_TYPE":"Patent","DOC1_RCRD":"Palmer-Bk 563 Pg 162","DOC2_DATE":null,"DOC2_TYPE":"","DOC2_RCRD":"","LANDUSE":"","RESUNIT":0.0,"MHUNIT":0.0,"DUPLEXUNIT":0.0,"MULTIUNIT":0.0,"GQUNIT":0.0,"MH_PK_UNIT":0.0,"BLDG_USE1":"","BLDG_USE2":"","BLDG_USE3":"","BLDG_USE4":"","BLDG_USE5":"","BLDG_USE6":"","Photo":"https://ecommerce.matsugov.us/assessment/Pages/Photos.aspx?isDLG=1&P_ID=11534","GlobalID":"{C73E6A60-C672-40DE-A22A-A7AC1C0BCDC0}","Shape_Length":0.0014229248516771178,"Shape_Area":7.8792043386120835e-08},"geometry":{"type":"MultiPolygon","coordinates":[[[[-149.033227957999969,61.675849075000031,0.0],[-149.033802208999958,61.675848388000077,0.0],[-149.033802855999966,61.675985594000053,0.0],[-149.033228599999973,61.675986283000043,0.0],[-149.033227957999969,61.675849075000031,0.0]]]]}},
{"type":"Feature","properties":{"OBJECTID":59902,"ParcelType":1,"P_ID":8968,"ACCOUNT":"3492B19L011","TAXID_LOKI":"53492B19L011","ACRES":0.11489753,"TAXACRE":0.11,"ORIGACRE":0.11,"FTYPE":"PARCEL","GENOWN":"NATIVE CORP","BUYLEASE":"N","OWNER_1":"EKLUTNA INC","NAME_2":"","MAILING_ADDRESS_LINE_A":"# 201","MAILING_ADDRESS_LINE_B":"16515  CENTERFIELD DR ","MAILING_ADDRESS_CITY":"EAGLE RIVER","MAILING_ADDRESS_STATE":"AK","MAILING_ADDRESS_ZIP":"99577-7719","Buyer_Name":"","Buyer_Name_2":"","Buyer_Mailing_Address_A":"","Buyer_Mailing_Address_B":"","Buyer_Mailing_Address_City":"","Buyer_Mailing_Address_State":"","Buyer_Mailing_Address_Zip":"","MERIDIAN":"S","TWP_NUM":"18","TWP_NS":"N","RNG_NUM":"02","RNG_EW":"E","SECT_NUM":"02","GRIDNAME":"PA","GRIDNUM":"03","LANDVALUE":800.0,"LANDASSD":0.0,"BLDGVALUE":0.0,"BLDGASSD":0.0,"GENAREA":"3661","NBHD":"B_EXCEPT_A1","TAXZONE":"0020","CITY":"","COMMCOUN":"2","FSA":"004","RSA":"031","SSA_1":"","SSA_2":"","ESN":21,"ECN":15,"ASSMBDISTRICT":"1","VOTINGPRCNT":"29-530","DFIRM":"02170C7300E","SPUD":"Sutton","SUBDNUM":3492,"LEGAL":"MOOSE TWNST                        BLOCK 19 LOT 11","DOC1_DATE":"1988-10-03T00:00:00Z","DOC1_TYPE":"Patent","DOC1_RCRD":"Palmer-Bk 563 Pg 162","DOC2_DATE":null,"DOC2_TYPE":"","DOC2_RCRD":"","LANDUSE":"","RESUNIT":0.0,"MHUNIT":0.0,"DUPLEXUNIT":0.0,"MULTIUNIT":0.0,"GQUNIT":0.0,"MH_PK_UNIT":0.0,"BLDG_USE1":"","BLDG_USE2":"","BLDG_USE3":"","BLDG_USE4":"","BLDG_USE5":"","BLDG_USE6":"","Photo":"https://ecommerce.matsugov.us/assessment/Pages/Photos.aspx?isDLG=1&P_ID=8968","GlobalID":"{AE51B7F4-E2F8-4858-93D0-57C40C9A0951}","Shape_Length":0.001422967532529519,"Shape_Area":7.8803696283147554e-08},"geometry":{"type":"MultiPolygon","coordinates":[[[[-149.029954723999964,61.675852871000075,0.0],[-149.03052897699996,61.675852217000056,0.0],[-149.030529596999969,61.675989442000059,0.0],[-149.029955339999958,61.675990100000035,0.0],[-149.029954723999964,61.675852871000075,0.0]]]]}},
{"type":"Feature","properties":{"OBJECTID":59903,"ParcelType":1,"P_ID":34452,"ACCOUNT":"3492B19L002","TAXID_LOKI":"53492B19L002","ACRES":0.11490147,"TAXACRE":0.11,"ORIGACRE":0.11,"FTYPE":"PARCEL","GENOWN":"NATIVE CORP","BUYLEASE":"N","OWNER_1":"EKLUTNA INC","NAME_2":"","MAILING_ADDRESS_LINE_A":"# 201","MAILING_ADDRESS_LINE_B":"16515  CENTERFIELD DR ","MAILING_ADDRESS_CITY":"EAGLE RIVER","MAILING_ADDRESS_STATE":"AK","MAILING_ADDRESS_ZIP":"99577-7719","Buyer_Name":"","Buyer_Name_2":"","Buyer_Mailing_Address_A":"","Buyer_Mailing_Address_B":"","Buyer_Mailing_Address_City":"","Buyer_Mailing_Address_State":"","Buyer_Mailing_Address_Zip":"","MERIDIAN":"S","TWP_NUM":"18","TWP_NS":"N","RNG_NUM":"02","RNG_EW":"E","SECT_NUM":"02","GRIDNAME":"PA","GRIDNUM":"03","LANDVALUE":800.0,"LANDASSD":0.0,"BLDGVALUE":0.0,"BLDGASSD":0.0,"GENAREA":"3661","NBHD":"B_EXCEPT_A1","TAXZONE":"0020","CITY":"","COMMCOUN":"2","FSA":"004","RSA":"031","SSA_1":"","SSA_2":"","ESN":21,"ECN":15,"ASSMBDISTRICT":"1","VOTINGPRCNT":"29-530","DFIRM":"02170C7300E","SPUD":"Sutton","SUBDNUM":3492,"LEGAL":"MOOSE TWNST                        BLOCK 19 LOT 2","DOC1_DATE":"1988-10-03T00:00:00Z","DOC1_TYPE":"Patent","DOC1_RCRD":"Palmer-Bk 563 Pg 162","DOC2_DATE":null,"DOC2_TYPE":"","DOC2_RCRD":"","LANDUSE":"","RESUNIT":0.0,"MHUNIT":0.0,"DUPLEXUNIT":0.0,"MULTIUNIT":0.0,"GQUNIT":0.0,"MH_PK_UNIT":0.0,"BLDG_USE1":"","BLDG_USE2":"","BLDG_USE3":"","BLDG_USE4":"","BLDG_USE5":"","BLDG_USE6":"","Photo":"https://ecommerce.matsugov.us/assessment/Pages/Photos.aspx?isDLG=1&P_ID=34452","GlobalID":"{CC38CE5E-4FFB-4C52-8060-7DE9499915BD}","Shape_Length":0.0014229784885527619,"Shape_Area":7.8806412894948301e-08},"geometry":{"type":"MultiPolygon","coordinates":[[[[-149.029265618999972,61.675853651000068,0.0],[-149.029839873999975,61.675853,0.0],[-149.02984048899998,61.675990230000082,0.0],[-149.029266231999969,61.675990884000043,0.0],[-149.029265618999972,61.675853651000068,0.0]]]]}},
{"type":"Feature","properties":{"OBJECTID":59907,"ParcelType":1,"P_ID":84967,"ACCOUNT":"3492B17L002","TAXID_LOKI":"53492B17L002","ACRES":0.06892994,"TAXACRE":0.07,"ORIGACRE":0.07,"FTYPE":"PARCEL","GENOWN":"NATIVE CORP","BUYLEASE":"N","OWNER_1":"EKLUTNA INC","NAME_2":"","MAILING_ADDRESS_LINE_A":"# 201","MAILING_ADDRESS_LINE_B":"16515  CENTERFIELD DR ","MAILING_ADDRESS_CITY":"EAGLE RIVER","MAILING_ADDRESS_STATE":"AK","MAILING_ADDRESS_ZIP":"99577-7719","Buyer_Name":"","Buyer_Name_2":"","Buyer_Mailing_Address_A":"","Buyer_Mailing_Address_B":"","Buyer_Mailing_Address_City":"","Buyer_Mailing_Address_State":"","Buyer_Mailing_Address_Zip":"","MERIDIAN":"S","TWP_NUM":"18","TWP_NS":"N","RNG_NUM":"02","RNG_EW":"E","SECT_NUM":"02","GRIDNAME":"PA","GRIDNUM":"03","LANDVALUE":600.0,"LANDASSD":0.0,"BLDGVALUE":0.0,"BLDGASSD":0.0,"GENAREA":"3661","NBHD":"B_EXCEPT_A1","TAXZONE":"0020","CITY":"","COMMCOUN":"2","FSA":"004","RSA":"031","SSA_1":"","SSA_2":"","ESN":21,"ECN":15,"ASSMBDISTRICT":"1","VOTINGPRCNT":"29-530","DFIRM":"02170C7300E","SPUD":"Sutton","SUBDNUM":3492,"LEGAL":"MOOSE TWNST                        BLOCK 17 LOT 2","DOC1_DATE":"1988-10-03T00:00:00Z","DOC1_TYPE":"Patent","DOC1_RCRD":"Palmer-Bk 563 Pg 162","DOC2_DATE":null,"DOC2_TYPE":"","DOC2_RCRD":"","LANDUSE":"","RESUNIT":0.0,"MHUNIT":0.0,"DUPLEXUNIT":0.0,"MULTIUNIT":0.0,"GQUNIT":0.0,"MH_PK_UNIT":0.0,"BLDG_USE1":"","BLDG_USE2":"","BLDG_USE3":"","BLDG_USE4":"","BLDG_USE5":"","BLDG_USE6":"","Photo":"https://ecommerce.matsugov.us/assessment/Pages/Photos.aspx?isDLG=1&P_ID=84967","GlobalID":"{537C9562-A73C-4C08-9DAD-E76CB309AA3F}","Shape_Length":0.0013131665918362839,"Shape_Area":4.7276460684512729e-08},"geometry":{"type":"MultiPolygon","coordinates":[[[[-149.03253936599998,61.675959660000046,0.0],[-149.033113620999984,61.675958979000029,0.0],[-149.033114004999959,61.67604130400008,0.0],[-149.032539747999976,61.676041987000076,0.0],[-149.03253936599998,61.675959660000046,0.0]]]]}},
{"type":"Feature","properties":{"OBJECTID":59909,"ParcelType":1,"P_ID":36691,"ACCOUNT":"3492B18L019","TAXID_LOKI":"53492B18L019","ACRES":0.06893291,"TAXACRE":0.07,"ORIGACRE":0.07,"FTYPE":"PARCEL","GENOWN":"NATIVE CORP","BUYLEASE":"N","OWNER_1":"EKLUTNA INC","NAME_2":"","MAILING_ADDRESS_LINE_A":"# 201","MAILING_ADDRESS_LINE_B":"16515  CENTERFIELD DR ","MAILING_ADDRESS_CITY":"EAGLE RIVER","MAILING_ADDRESS_STATE":"AK","MAILING_ADDRESS_ZIP":"99577-7719","Buyer_Name":"","Buyer_Name_2":"","Buyer_Mailing_Address_A":"","Buyer_Mailing_Address_B":"","Buyer_Mailing_Address_City":"","Buyer_Mailing_Address_State":"","Buyer_Mailing_Address_Zip":"","MERIDIAN":"S","TWP_NUM":"18","TWP_NS":"N","RNG_NUM":"02","RNG_EW":"E","SECT_NUM":"02","GRIDNAME":"PA","GRIDNUM":"03","LANDVALUE":600.0,"LANDASSD":0.0,"BLDGVALUE":0.0,"BLDGASSD":0.0,"GENAREA":"3661","NBHD":"B_EXCEPT_A1","TAXZONE":"0020","CITY":"","COMMCOUN":"2","FSA":"004","RSA":"031","SSA_1":"","SSA_2":"","ESN":21,"ECN":15,"ASSMBDISTRICT":"1","VOTINGPRCNT":"29-530","DFIRM":"02170C7300E","SPUD":"Sutton","SUBDNUM":3492,"LEGAL":"MOOSE TWNST                        BLOCK 18 LOT 19","DOC1_DATE":"1988-10-03T00:00:00Z","DOC1_TYPE":"Patent","DOC1_RCRD":"Palmer-Bk 563 Pg 162","DOC2_DATE":null,"DOC2_TYPE":"","DOC2_RCRD":"","LANDUSE":"","RESUNIT":0.0,"MHUNIT":0.0,"DUPLEXUNIT":0.0,"MULTIUNIT":0.0,"GQUNIT":0.0,"MH_PK_UNIT":0.0,"BLDG_USE1":"","BLDG_USE2":"","BLDG_USE3":"","BLDG_USE4":"","BLDG_USE5":"","BLDG_USE6":"","Photo":"https://ecommerce.matsugov.us/assessment/Pages/Photos.aspx?isDLG=1&P_ID=36691","GlobalID":"{543AD307-BE42-4F95-A21D-58F3C16E3841}","Shape_Length":0.00131317252532095,"Shape_Area":4.7278422351704574e-08},"geometry":{"type":"MultiPolygon","coordinates":[[[[-149.031563133999981,61.675960803000066,0.0],[-149.032137388999956,61.675960133000046,0.0],[-149.032137767999984,61.676042461000065,0.0],[-149.031563511999963,61.676043134000054,0.0],[-149.031563133999981,61.675960803000066,0.0]]]]}},
{"type":"Feature","properties":{"OBJECTID":59911,"ParcelType":1,"P_ID":10385,"ACCOUNT":"3492B18L002","TAXID_LOKI":"53492B18L002","ACRES":0.06893563,"TAXACRE":0.07,"ORIGACRE":0.07,"FTYPE":"PARCEL","GENOWN":"NATIVE CORP","BUYLEASE":"N","OWNER_1":"EKLUTNA INC","NAME_2":"","MAILING_ADDRESS_LINE_A":"# 201","MAILING_ADDRESS_LINE_B":"16515  CENTERFIELD DR ","MAILING_ADDRESS_CITY":"EAGLE RIVER","MAILING_ADDRESS_STATE":"AK","MAILING_ADDRESS_ZIP":"99577-7719","Buyer_Name":"","Buyer_Name_2":"","Buyer_Mailing_Address_A":"","Buyer_Mailing_Address_B":"","Buyer_Mailing_Address_City":"","Buyer_Mailing_Address_State":"","Buyer_Mailing_Address_Zip":"","MERIDIAN":"S","TWP_NUM":"18","TWP_NS":"N","RNG_NUM":"02","RNG_EW":"E","SECT_NUM":"02","GRIDNAME":"PA","GRIDNUM":"03","LANDVALUE":600.0,"LANDASSD":0.0,"BLDGVALUE":0.0,"BLDGASSD":0.0,"GENAREA":"3661","NBHD":"B_EXCEPT_A1","TAXZONE":"0020","CITY":"","COMMCOUN":"2","FSA":"004","RSA":"031","SSA_1":"","SSA_2":"","ESN":21,"ECN":15,"ASSMBDISTRICT":"1","VOTINGPRCNT":"29-530","DFIRM":"02170C7300E","SPUD":"Sutton","SUBDNUM":3492,"LEGAL":"MOOSE TWNST                        BLOCK 18 LOT 2","DOC1_DATE":"1988-10-03T00:00:00Z","DOC1_TYPE":"Patent","DOC1_RCRD":"Palmer-Bk 563 Pg 162","DOC2_DATE":null,"DOC2_TYPE":"","DOC2_RCRD":"","LANDUSE":"","RESUNIT":0.0,"MHUNIT":0.0,"DUPLEXUNIT":0.0,"MULTIUNIT":0.0,"GQUNIT":0.0,"MH_PK_UNIT":0.0,"BLDG_USE1":"","BLDG_USE2":"","BLDG_USE3":"","BLDG_USE4":"","BLDG_USE5":"","BLDG_USE6":"","Photo":"https://ecommerce.matsugov.us/assessment/Pages/Photos.aspx?isDLG=1&P_ID=10385","GlobalID":"{AC72465D-E8E8-4BEF-854E-C4BF1BAC9FFB}","Shape_Length":0.0013131824837961568,"Shape_Area":4.7280797432017782e-08},"geometry":{"type":"MultiPolygon","coordinates":[[[[-149.030874027999971,61.675961600000051,0.0],[-149.031448282999975,61.675960936000081,0.0],[-149.031448659999967,61.676043268000058,0.0],[-149.030874401999966,61.676043935000052,0.0],[-149.030874027999971,61.675961600000051,0.0]]]]}},
{"type":"Feature","properties":{"OBJECTID":59913,"ParcelType":2,"P_ID":26032,"ACCOUNT":"18N03E05D002","TAXID_LOKI":"118N03E05D002","ACRES":40.0007611,"TAXACRE":40.0,"ORIGACRE":40.0,"FTYPE":"PARCEL","GENOWN":"BOROUGH","BUYLEASE":"N","OWNER_1":"MATANUSKA-SUSITNA BOROUGH","NAME_2":"","MAILING_ADDRESS_LINE_A":"","MAILING_ADDRESS_LINE_B":"350 E DAHLIA AVE ","MAILING_ADDRESS_CITY":"PALMER","MAILING_ADDRESS_STATE":"AK","MAILING_ADDRESS_ZIP":"99645-6488","Buyer_Name":"","Buyer_Name_2":"","Buyer_Mailing_Address_A":"","Buyer_Mailing_Address_B":"","Buyer_Mailing_Address_City":"","Buyer_Mailing_Address_State":"","Buyer_Mailing_Address_Zip":"","MERIDIAN":"S","TWP_NUM":"18","TWP_NS":"N","RNG_NUM":"03","RNG_EW":"E","SECT_NUM":"05","GRIDNAME":"PA","GRIDNUM":"02","LANDVALUE":62100.0,"LANDASSD":0.0,"BLDGVALUE":0.0,"BLDGASSD":0.0,"GENAREA":"3654","NBHD":"A1N10","TAXZONE":"0021","CITY":"","COMMCOUN":"15","FSA":"","RSA":"","SSA_1":"","SSA_2":"","ESN":23,"ECN":14,"ASSMBDISTRICT":"1","VOTINGPRCNT":"25-315","DFIRM":null,"SPUD":null,"SUBDNUM":0,"LEGAL":"TOWNSHIP 18N RANGE 3E              SECTION 5 LOT D2","DOC1_DATE":null,"DOC1_TYPE":"","DOC1_RCRD":"","DOC2_DATE":null,"DOC2_TYPE":"","DOC2_RCRD":"","LANDUSE":"","RESUNIT":0.0,"MHUNIT":0.0,"DUPLEXUNIT":0.0,"MULTIUNIT":0.0,"GQUNIT":0.0,"MH_PK_UNIT":0.0,"BLDG_USE1":"","BLDG_USE2":"","BLDG_USE3":"","BLDG_USE4":"","BLDG_USE5":"","BLDG_USE6":"","Photo":"https://ecommerce.matsugov.us/assessment/Pages/Photos.aspx?isDLG=1&P_ID=26032","GlobalID":"{A20F2AE7-FBC3-4565-AA30-CC0B06BD3754}","Shape_Length":0.022416669412137026,"Shape_Area":2.7432517509395862e-05},"geometry":{"type":"MultiPolygon","coordinates":[[[[-148.936833829999983,61.671773421000069,0.0],[-148.944431037999976,61.671746683000038,0.0],[-148.944445986999966,61.675357290000079,0.0],[-148.936847889999967,61.675384026000074,0.0],[-148.936833829999983,61.671773421000069,0.0]]]]}},
{"type":"Feature","properties":{"OBJECTID":59917,"ParcelType":1,"P_ID":36319,"ACCOUNT":"3492B160000","TAXID_LOKI":"53492B160000","ACRES":2.68692289,"TAXACRE":2.75,"ORIGACRE":2.75,"FTYPE":"PARCEL","GENOWN":"FEDERAL","BUYLEASE":"N","OWNER_1":"UNITED STATES OF AMERICA","NAME_2":"DEPT OF INTERIOR BUREAU OF LAND MANAGEME","MAILING_ADDRESS_LINE_A":"% FIELD MGR/ANCH FLD OFFC","MAILING_ADDRESS_LINE_B":"6881 ABBOT LOOP RD","MAILING_ADDRESS_CITY":"ANCHORAGE","MAILING_ADDRESS_STATE":"AK","MAILING_ADDRESS_ZIP":"99507","Buyer_Name":"","Buyer_Name_2":"","Buyer_Mailing_Address_A":"","Buyer_Mailing_Address_B":"","Buyer_Mailing_Address_City":"","Buyer_Mailing_Address_State":"","Buyer_Mailing_Address_Zip":"","MERIDIAN":"S","TWP_NUM":"18","TWP_NS":"N","RNG_NUM":"02","RNG_EW":"E","SECT_NUM":"02","GRIDNAME":"PA","GRIDNUM":"03","LANDVALUE":6900.0,"LANDASSD":0.0,"BLDGVALUE":0.0,"BLDGASSD":0.0,"GENAREA":"3661","NBHD":"B_EXCEPT_A1","TAXZONE":"0020","CITY":"","COMMCOUN":"2","FSA":"004","RSA":"031","SSA_1":"","SSA_2":"","ESN":21,"ECN":15,"ASSMBDISTRICT":"1","VOTINGPRCNT":"29-530","DFIRM":"02170C7300E","SPUD":"Sutton","SUBDNUM":3492,"LEGAL":"MOOSE TWNST                        BLOCK 16","DOC1_DATE":null,"DOC1_TYPE":"","DOC1_RCRD":"","DOC2_DATE":null,"DOC2_TYPE":"","DOC2_RCRD":"","LANDUSE":"","RESUNIT":0.0,"MHUNIT":0.0,"DUPLEXUNIT":0.0,"MULTIUNIT":0.0,"GQUNIT":0.0,"MH_PK_UNIT":0.0,"BLDG_USE1":"","BLDG_USE2":"","BLDG_USE3":"","BLDG_USE4":"","BLDG_USE5":"","BLDG_USE6":"","Photo":"https://ecommerce.matsugov.us/assessment/Pages/Photos.aspx?isDLG=1&P_ID=36319","GlobalID":"{7F242B77-854A-4096-84B9-87C51FF6F6B1}","Shape_Length":0.0061238714448613001,"Shape_Area":1.8428436396904114e-06},"geometry":{"type":"MultiPolygon","coordinates":[[[[-149.034259013999957,61.675299020000068,0.0],[-149.036496950999975,61.67529638700006,0.0],[-149.036502532999975,61.676119449000055,0.0],[-149.034262911999974,61.676122240000041,0.0],[-149.034259013999957,61.675299020000068,0.0]]]]}},
{"type":"Feature","properties":{"OBJECTID":59918,"ParcelType":1,"P_ID":29058,"ACCOUNT":"3492B17L016","TAXID_LOKI":"53492B17L016","ACRES":0.11488031,"TAXACRE":0.11,"ORIGACRE":0.11,"FTYPE":"PARCEL","GENOWN":"NATIVE CORP","BUYLEASE":"N","OWNER_1":"EKLUTNA INC","NAME_2":"","MAILING_ADDRESS_LINE_A":"# 201","MAILING_ADDRESS_LINE_B":"16515  CENTERFIELD DR ","MAILING_ADDRESS_CITY":"EAGLE RIVER","MAILING_ADDRESS_STATE":"AK","MAILING_ADDRESS_ZIP":"99577-7719","Buyer_Name":"","Buyer_Name_2":"","Buyer_Mailing_Address_A":"","Buyer_Mailing_Address_B":"","Buyer_Mailing_Address_City":"","Buyer_Mailing_Address_State":"","Buyer_Mailing_Address_Zip":"","MERIDIAN":"S","TWP_NUM":"18","TWP_NS":"N","RNG_NUM":"02","RNG_EW":"E","SECT_NUM":"02","GRIDNAME":"PA","GRIDNUM":"03","LANDVALUE":800.0,"LANDASSD":0.0,"BLDGVALUE":0.0,"BLDGASSD":0.0,"GENAREA":"3661","NBHD":"B_EXCEPT_A1","TAXZONE":"0020","CITY":"","COMMCOUN":"2","FSA":"004","RSA":"031","SSA_1":"","SSA_2":"","ESN":21,"ECN":15,"ASSMBDISTRICT":"1","VOTINGPRCNT":"29-530","DFIRM":"02170C7300E","SPUD":"Sutton","SUBDNUM":3492,"LEGAL":"MOOSE TWNST                        BLOCK 17 LOT 16","DOC1_DATE":"1988-10-03T00:00:00Z","DOC1_TYPE":"Patent","DOC1_RCRD":"Palmer-Bk 563 Pg 162","DOC2_DATE":null,"DOC2_TYPE":"","DOC2_RCRD":"","LANDUSE":"","RESUNIT":0.0,"MHUNIT":0.0,"DUPLEXUNIT":0.0,"MULTIUNIT":0.0,"GQUNIT":0.0,"MH_PK_UNIT":0.0,"BLDG_USE1":"","BLDG_USE2":"","BLDG_USE3":"","BLDG_USE4":"","BLDG_USE5":"","BLDG_USE6":"","Photo":"https://ecommerce.matsugov.us/assessment/Pages/Photos.aspx?isDLG=1&P_ID=29058","GlobalID":"{1AAED4A4-3F1C-4644-8948-625A018C8BA2}","Shape_Length":0.0014229318670697681,"Shape_Area":7.8792307390224846e-08},"geometry":{"type":"MultiPolygon","coordinates":[[[[-149.033228599999973,61.675986283000043,0.0],[-149.033802855999966,61.675985594000053,0.0],[-149.033803502999973,61.676122799000041,0.0],[-149.033229243999983,61.676123491000055,0.0],[-149.033228599999973,61.675986283000043,0.0]]]]}},
{"type":"Feature","properties":{"OBJECTID":59920,"ParcelType":1,"P_ID":68982,"ACCOUNT":"3492B17L001","TAXID_LOKI":"53492B17L001","ACRES":0.06893045,"TAXACRE":0.07,"ORIGACRE":0.07,"FTYPE":"PARCEL","GENOWN":"NATIVE CORP","BUYLEASE":"N","OWNER_1":"EKLUTNA INC","NAME_2":"","MAILING_ADDRESS_LINE_A":"# 201","MAILING_ADDRESS_LINE_B":"16515  CENTERFIELD DR ","MAILING_ADDRESS_CITY":"EAGLE RIVER","MAILING_ADDRESS_STATE":"AK","MAILING_ADDRESS_ZIP":"99577-7719","Buyer_Name":"","Buyer_Name_2":"","Buyer_Mailing_Address_A":"","Buyer_Mailing_Address_B":"","Buyer_Mailing_Address_City":"","Buyer_Mailing_Address_State":"","Buyer_Mailing_Address_Zip":"","MERIDIAN":"S","TWP_NUM":"18","TWP_NS":"N","RNG_NUM":"02","RNG_EW":"E","SECT_NUM":"02","GRIDNAME":"PA","GRIDNUM":"03","LANDVALUE":600.0,"LANDASSD":0.0,"BLDGVALUE":0.0,"BLDGASSD":0.0,"GENAREA":"3661","NBHD":"B_EXCEPT_A1","TAXZONE":"0020","CITY":"","COMMCOUN":"2","FSA":"004","RSA":"031","SSA_1":"","SSA_2":"","ESN":21,"ECN":15,"ASSMBDISTRICT":"1","VOTINGPRCNT":"29-530","DFIRM":"02170C7300E","SPUD":"Sutton","SUBDNUM":3492,"LEGAL":"MOOSE TWNST                        BLOCK 17 LOT 1","DOC1_DATE":"1988-10-03T00:00:00Z","DOC1_TYPE":"Patent","DOC1_RCRD":"Palmer-Bk 563 Pg 162","DOC2_DATE":null,"DOC2_TYPE":"","DOC2_RCRD":"","LANDUSE":"","RESUNIT":0.0,"MHUNIT":0.0,"DUPLEXUNIT":0.0,"MULTIUNIT":0.0,"GQUNIT":0.0,"MH_PK_UNIT":0.0,"BLDG_USE1":"","BLDG_USE2":"","BLDG_USE3":"","BLDG_USE4":"","BLDG_USE5":"","BLDG_USE6":"","Photo":"https://ecommerce.matsugov.us/assessment/Pages/Photos.aspx?isDLG=1&P_ID=68982","GlobalID":"{BA2142C0-0FCC-4455-B73D-C3A98F2C6499}","Shape_Length":0.0013131726116519674,"Shape_Area":4.7276955577495181e-08},"geometry":{"type":"MultiPolygon","coordinates":[[[[-149.032539747999976,61.676041987000076,0.0],[-149.033114004999959,61.67604130400008,0.0],[-149.03311439099997,61.676123629000074,0.0],[-149.032540130999962,61.676124315000038,0.0],[-149.032539747999976,61.676041987000076,0.0]]]]}},
{"type":"Feature","properties":{"OBJECTID":59921,"ParcelType":1,"P_ID":26212,"ACCOUNT":"3492B18L020","TAXID_LOKI":"53492B18L020","ACRES":0.06893341,"TAXACRE":0.07,"ORIGACRE":0.07,"FTYPE":"PARCEL","GENOWN":"NATIVE CORP","BUYLEASE":"N","OWNER_1":"EKLUTNA INC","NAME_2":"","MAILING_ADDRESS_LINE_A":"# 201","MAILING_ADDRESS_LINE_B":"16515  CENTERFIELD DR ","MAILING_ADDRESS_CITY":"EAGLE RIVER","MAILING_ADDRESS_STATE":"AK","MAILING_ADDRESS_ZIP":"99577-7719","Buyer_Name":"","Buyer_Name_2":"","Buyer_Mailing_Address_A":"","Buyer_Mailing_Address_B":"","Buyer_Mailing_Address_City":"","Buyer_Mailing_Address_State":"","Buyer_Mailing_Address_Zip":"","MERIDIAN":"S","TWP_NUM":"18","TWP_NS":"N","RNG_NUM":"02","RNG_EW":"E","SECT_NUM":"02","GRIDNAME":"PA","GRIDNUM":"03","LANDVALUE":600.0,"LANDASSD":0.0,"BLDGVALUE":0.0,"BLDGASSD":0.0,"GENAREA":"3661","NBHD":"B_EXCEPT_A1","TAXZONE":"0020","CITY":"","COMMCOUN":"2","FSA":"004","RSA":"031","SSA_1":"","SSA_2":"","ESN":21,"ECN":15,"ASSMBDISTRICT":"1","VOTINGPRCNT":"29-530","DFIRM":"02170C7300E","SPUD":"Sutton","SUBDNUM":3492,"LEGAL":"MOOSE TWNST                        BLOCK 18 LOT 20","DOC1_DATE":"1988-10-03T00:00:00Z","DOC1_TYPE":"Patent","DOC1_RCRD":"Palmer-Bk 563 Pg 162","DOC2_DATE":null,"DOC2_TYPE":"","DOC2_RCRD":"","LANDUSE":"","RESUNIT":0.0,"MHUNIT":0.0,"DUPLEXUNIT":0.0,"MULTIUNIT":0.0,"GQUNIT":0.0,"MH_PK_UNIT":0.0,"BLDG_USE1":"","BLDG_USE2":"","BLDG_USE3":"","BLDG_USE4":"","BLDG_USE5":"","BLDG_USE6":"","Photo":"https://ecommerce.matsugov.us/assessment/Pages/Photos.aspx?isDLG=1&P_ID=26212","GlobalID":"{375B6522-0182-4DB8-9DEE-2D669A93EC36}","Shape_Length":0.0013131785358016426,"Shape_Area":4.7278916584817787e-08},"geometry":{"type":"MultiPolygon","coordinates":[[[[-149.031563511999963,61.676043134000054,0.0],[-149.032137767999984,61.676042461000065,0.0],[-149.032138148999962,61.676124790000074,0.0],[-149.031563888999983,61.676125465000041,0.0],[-149.031563511999963,61.676043134000054,0.0]]]]}},
{"type":"Feature","properties":{"OBJECTID":59923,"ParcelType":1,"P_ID":13457,"ACCOUNT":"3492B18L001","TAXID_LOKI":"53492B18L001","ACRES":0.06893549,"TAXACRE":0.07,"ORIGACRE":0.07,"FTYPE":"PARCEL","GENOWN":"NATIVE CORP","BUYLEASE":"N","OWNER_1":"EKLUTNA INC","NAME_2":"","MAILING_ADDRESS_LINE_A":"# 201","MAILING_ADDRESS_LINE_B":"16515  CENTERFIELD DR ","MAILING_ADDRESS_CITY":"EAGLE RIVER","MAILING_ADDRESS_STATE":"AK","MAILING_ADDRESS_ZIP":"99577-7719","Buyer_Name":"","Buyer_Name_2":"","Buyer_Mailing_Address_A":"","Buyer_Mailing_Address_B":"","Buyer_Mailing_Address_City":"","Buyer_Mailing_Address_State":"","Buyer_Mailing_Address_Zip":"","MERIDIAN":"S","TWP_NUM":"18","TWP_NS":"N","RNG_NUM":"02","RNG_EW":"E","SECT_NUM":"02","GRIDNAME":"PA","GRIDNUM":"03","LANDVALUE":600.0,"LANDASSD":0.0,"BLDGVALUE":0.0,"BLDGASSD":0.0,"GENAREA":"3661","NBHD":"B_EXCEPT_A1","TAXZONE":"0020","CITY":"","COMMCOUN":"2","FSA":"004","RSA":"031","SSA_1":"","SSA_2":"","ESN":21,"ECN":15,"ASSMBDISTRICT":"1","VOTINGPRCNT":"29-530","DFIRM":"02170C7300E","SPUD":"Sutton","SUBDNUM":3492,"LEGAL":"MOOSE TWNST                        BLOCK 18 LOT 1","DOC1_DATE":"1988-10-03T00:00:00Z","DOC1_TYPE":"Patent","DOC1_RCRD":"Palmer-Bk 563 Pg 162","DOC2_DATE":null,"DOC2_TYPE":"","DOC2_RCRD":"","LANDUSE":"","RESUNIT":0.0,"MHUNIT":0.0,"DUPLEXUNIT":0.0,"MULTIUNIT":0.0,"GQUNIT":0.0,"MH_PK_UNIT":0.0,"BLDG_USE1":"","BLDG_USE2":"","BLDG_USE3":"","BLDG_USE4":"","BLDG_USE5":"","BLDG_USE6":"","Photo":"https://ecommerce.matsugov.us/assessment/Pages/Photos.aspx?isDLG=1&P_ID=13457","GlobalID":"{E3E9AE16-ADE2-4864-9C3B-06AC58EDB06D}","Shape_Length":0.0013131864942539087,"Shape_Area":4.7280225491607255e-08},"geometry":{"type":"MultiPolygon","coordinates":[[[[-149.030874401999966,61.676043935000052,0.0],[-149.031448659999967,61.676043268000058,0.0],[-149.031449037999977,61.676125599000045,0.0],[-149.030874775999962,61.676126268000075,0.0],[-149.030874401999966,61.676043935000052,0.0]]]]}},
{"type":"Feature","properties":{"OBJECTID":59926,"ParcelType":1,"P_ID":34625,"ACCOUNT":"3492B19L012","TAXID_LOKI":"53492B19L012","ACRES":0.11489721,"TAXACRE":0.11,"ORIGACRE":0.11,"FTYPE":"PARCEL","GENOWN":"NATIVE CORP","BUYLEASE":"N","OWNER_1":"EKLUTNA INC","NAME_2":"","MAILING_ADDRESS_LINE_A":"# 201","MAILING_ADDRESS_LINE_B":"16515  CENTERFIELD DR ","MAILING_ADDRESS_CITY":"EAGLE RIVER","MAILING_ADDRESS_STATE":"AK","MAILING_ADDRESS_ZIP":"99577-7719","Buyer_Name":"","Buyer_Name_2":"","Buyer_Mailing_Address_A":"","Buyer_Mailing_Address_B":"","Buyer_Mailing_Address_City":"","Buyer_Mailing_Address_State":"","Buyer_Mailing_Address_Zip":"","MERIDIAN":"S","TWP_NUM":"18","TWP_NS":"N","RNG_NUM":"02","RNG_EW":"E","SECT_NUM":"02","GRIDNAME":"PA","GRIDNUM":"03","LANDVALUE":800.0,"LANDASSD":0.0,"BLDGVALUE":0.0,"BLDGASSD":0.0,"GENAREA":"3661","NBHD":"B_EXCEPT_A1","TAXZONE":"0020","CITY":"","COMMCOUN":"2","FSA":"004","RSA":"031","SSA_1":"","SSA_2":"","ESN":21,"ECN":15,"ASSMBDISTRICT":"1","VOTINGPRCNT":"29-530","DFIRM":"02170C7300E","SPUD":"Sutton","SUBDNUM":3492,"LEGAL":"MOOSE TWNST                        BLOCK 19 LOT 12","DOC1_DATE":"1988-10-03T00:00:00Z","DOC1_TYPE":"Patent","DOC1_RCRD":"Palmer-Bk 563 Pg 162","DOC2_DATE":null,"DOC2_TYPE":"","DOC2_RCRD":"","LANDUSE":"","RESUNIT":0.0,"MHUNIT":0.0,"DUPLEXUNIT":0.0,"MULTIUNIT":0.0,"GQUNIT":0.0,"MH_PK_UNIT":0.0,"BLDG_USE1":"","BLDG_USE2":"","BLDG_USE3":"","BLDG_USE4":"","BLDG_USE5":"","BLDG_USE6":"","Photo":"https://ecommerce.matsugov.us/assessment/Pages/Photos.aspx?isDLG=1&P_ID=34625","GlobalID":"{A4C30013-BA18-43B6-B344-93FD2D23DF7C}","Shape_Length":0.0014229725768030623,"Shape_Area":7.8803388629118712e-08},"geometry":{"type":"MultiPolygon","coordinates":[[[[-149.029955339999958,61.675990100000035,0.0],[-149.030529596999969,61.675989442000059,0.0],[-149.030530220999964,61.676126666000073,0.0],[-149.029955959999967,61.676127327000074,0.0],[-149.029955339999958,61.675990100000035,0.0]]]]}},
{"type":"Feature","properties":{"OBJECTID":59927,"ParcelType":1,"P_ID":64906,"ACCOUNT":"3492B19L001","TAXID_LOKI":"53492B19L001","ACRES":0.11490075,"TAXACRE":0.11,"ORIGACRE":0.11,"FTYPE":"PARCEL","GENOWN":"NATIVE CORP","BUYLEASE":"N","OWNER_1":"EKLUTNA INC","NAME_2":"","MAILING_ADDRESS_LINE_A":"# 201","MAILING_ADDRESS_LINE_B":"16515  CENTERFIELD DR ","MAILING_ADDRESS_CITY":"EAGLE RIVER","MAILING_ADDRESS_STATE":"AK","MAILING_ADDRESS_ZIP":"99577-7719","Buyer_Name":"","Buyer_Name_2":"","Buyer_Mailing_Address_A":"","Buyer_Mailing_Address_B":"","Buyer_Mailing_Address_City":"","Buyer_Mailing_Address_State":"","Buyer_Mailing_Address_Zip":"","MERIDIAN":"S","TWP_NUM":"18","TWP_NS":"N","RNG_NUM":"02","RNG_EW":"E","SECT_NUM":"02","GRIDNAME":"PA","GRIDNUM":"03","LANDVALUE":800.0,"LANDASSD":0.0,"BLDGVALUE":0.0,"BLDGASSD":0.0,"GENAREA":"3661","NBHD":"B_EXCEPT_A1","TAXZONE":"0020","CITY":"","COMMCOUN":"2","FSA":"004","RSA":"031","SSA_1":"","SSA_2":"","ESN":21,"ECN":15,"ASSMBDISTRICT":"1","VOTINGPRCNT":"29-530","DFIRM":"02170C7300E","SPUD":"Sutton","SUBDNUM":3492,"LEGAL":"MOOSE TWNST                        BLOCK 19 LOT 1","DOC1_DATE":"1988-10-03T00:00:00Z","DOC1_TYPE":"Patent","DOC1_RCRD":"Palmer-Bk 563 Pg 162","DOC2_DATE":null,"DOC2_TYPE":"","DOC2_RCRD":"","LANDUSE":"","RESUNIT":0.0,"MHUNIT":0.0,"DUPLEXUNIT":0.0,"MULTIUNIT":0.0,"GQUNIT":0.0,"MH_PK_UNIT":0.0,"BLDG_USE1":"","BLDG_USE2":"","BLDG_USE3":"","BLDG_USE4":"","BLDG_USE5":"","BLDG_USE6":"","Photo":"https://ecommerce.matsugov.us/assessment/Pages/Photos.aspx?isDLG=1&P_ID=64906","GlobalID":"{EB3EA774-491E-4EEE-8C38-65F30AC8175A}","Shape_Length":0.0014229815088189195,"Shape_Area":7.8806184530459575e-08},"geometry":{"type":"MultiPolygon","coordinates":[[[[-149.029266231999969,61.675990884000043,0.0],[-149.02984048899998,61.675990230000082,0.0],[-149.029841105999964,61.676127459000043,0.0],[-149.029266845999956,61.676128116000029,0.0],[-149.029266231999969,61.675990884000043,0.0]]]]}},
{"type":"Feature","properties":{"OBJECTID":59928,"ParcelType":1,"P_ID":33451,"ACCOUNT":"3492B200000","TAXID_LOKI":"53492B200000","ACRES":1.73011262,"TAXACRE":1.73,"ORIGACRE":1.73,"FTYPE":"PARCEL","GENOWN":"NATIVE CORP","BUYLEASE":"N","OWNER_1":"EKLUTNA INC","NAME_2":"","MAILING_ADDRESS_LINE_A":"# 201","MAILING_ADDRESS_LINE_B":"16515  CENTERFIELD DR ","MAILING_ADDRESS_CITY":"EAGLE RIVER","MAILING_ADDRESS_STATE":"AK","MAILING_ADDRESS_ZIP":"99577-7719","Buyer_Name":"","Buyer_Name_2":"","Buyer_Mailing_Address_A":"","Buyer_Mailing_Address_B":"","Buyer_Mailing_Address_City":"","Buyer_Mailing_Address_State":"","Buyer_Mailing_Address_Zip":"","MERIDIAN":"S","TWP_NUM":"18","TWP_NS":"N","RNG_NUM":"02","RNG_EW":"E","SECT_NUM":"02","GRIDNAME":"PA","GRIDNUM":"03","LANDVALUE":5800.0,"LANDASSD":0.0,"BLDGVALUE":0.0,"BLDGASSD":0.0,"GENAREA":"3661","NBHD":"B_EXCEPT_A1","TAXZONE":"0020","CITY":"","COMMCOUN":"2","FSA":"004","RSA":"031","SSA_1":"","SSA_2":"","ESN":21,"ECN":15,"ASSMBDISTRICT":"1","VOTINGPRCNT":"29-530","DFIRM":"02170C7300E","SPUD":"Sutton","SUBDNUM":3492,"LEGAL":"MOOSE TWNST                        BLOCK 20","DOC1_DATE":"1988-10-03T00:00:00Z","DOC1_TYPE":"Patent","DOC1_RCRD":"Palmer-Bk 563 Pg 162","DOC2_DATE":null,"DOC2_TYPE":"","DOC2_RCRD":"","LANDUSE":"","RESUNIT":0.0,"MHUNIT":0.0,"DUPLEXUNIT":0.0,"MULTIUNIT":0.0,"GQUNIT":0.0,"MH_PK_UNIT":0.0,"BLDG_USE1":"","BLDG_USE2":"","BLDG_USE3":"","BLDG_USE4":"","BLDG_USE5":"","BLDG_USE6":"","Photo":"https://ecommerce.matsugov.us/assessment/Pages/Photos.aspx?isDLG=1&P_ID=33451","GlobalID":"{D38753B9-EF1F-4B51-8E2C-714BA3580D25}","Shape_Length":0.0045289604642401882,"Shape_Area":1.1866078793074337e-06},"geometry":{"type":"MultiPolygon","coordinates":[[[[-149.027477731999966,61.675306680000062,0.0],[-149.028918738999977,61.675305091000041,0.0],[-149.028922884999957,61.676128508000033,0.0],[-149.027481834999975,61.676130144000069,0.0],[-149.027477731999966,61.675306680000062,0.0]]]]}},
{"type":"Feature","properties":{"OBJECTID":59944,"ParcelType":1,"P_ID":72366,"ACCOUNT":"3492B14L010","TAXID_LOKI":"53492B14L010","ACRES":0.06893094,"TAXACRE":0.07,"ORIGACRE":0.07,"FTYPE":"PARCEL","GENOWN":"NATIVE CORP","BUYLEASE":"N","OWNER_1":"EKLUTNA INC","NAME_2":"","MAILING_ADDRESS_LINE_A":"# 201","MAILING_ADDRESS_LINE_B":"16515  CENTERFIELD DR ","MAILING_ADDRESS_CITY":"EAGLE RIVER","MAILING_ADDRESS_STATE":"AK","MAILING_ADDRESS_ZIP":"99577-7719","Buyer_Name":"","Buyer_Name_2":"","Buyer_Mailing_Address_A":"","Buyer_Mailing_Address_B":"","Buyer_Mailing_Address_City":"","Buyer_Mailing_Address_State":"","Buyer_Mailing_Address_Zip":"","MERIDIAN":"S","TWP_NUM":"18","TWP_NS":"N","RNG_NUM":"02","RNG_EW":"E","SECT_NUM":"02","GRIDNAME":"PA","GRIDNUM":"03","LANDVALUE":600.0,"LANDASSD":0.0,"BLDGVALUE":0.0,"BLDGASSD":0.0,"GENAREA":"3661","NBHD":"B_EXCEPT_A1","TAXZONE":"0020","CITY":"","COMMCOUN":"2","FSA":"004","RSA":"031","SSA_1":"","SSA_2":"","ESN":21,"ECN":15,"ASSMBDISTRICT":"1","VOTINGPRCNT":"29-530","DFIRM":"02170C7300E","SPUD":"Sutton","SUBDNUM":3492,"LEGAL":"MOOSE TWNST                        BLOCK 14 LOT 10","DOC1_DATE":"1988-10-03T00:00:00Z","DOC1_TYPE":"Patent","DOC1_RCRD":"Palmer-Bk 563 Pg 162","DOC2_DATE":null,"DOC2_TYPE":"","DOC2_RCRD":"","LANDUSE":"","RESUNIT":0.0,"MHUNIT":0.0,"DUPLEXUNIT":0.0,"MULTIUNIT":0.0,"GQUNIT":0.0,"MH_PK_UNIT":0.0,"BLDG_USE1":"","BLDG_USE2":"","BLDG_USE3":"","BLDG_USE4":"","BLDG_USE5":"","BLDG_USE6":"","Photo":"https://ecommerce.matsugov.us/assessment/Pages/Photos.aspx?isDLG=1&P_ID=72366","GlobalID":"{5EFE5916-67AE-41C7-B1E3-BBD57819152E}","Shape_Length":0.0013131896401381664,"Shape_Area":4.7277658712612986e-08},"geometry":{"type":"MultiPolygon","coordinates":[[[[-149.032540898999969,61.67628897000003,0.0],[-149.03311516399998,61.676288280000051,0.0],[-149.03311555199997,61.676370606000035,0.0],[-149.032541282999972,61.67637129700006,0.0],[-149.032540898999969,61.67628897000003,0.0]]]]}},
{"type":"Feature","properties":{"OBJECTID":59949,"ParcelType":1,"P_ID":24746,"ACCOUNT":"3492B14L011","TAXID_LOKI":"53492B14L011","ACRES":0.11488208,"TAXACRE":0.11,"ORIGACRE":0.11,"FTYPE":"PARCEL","GENOWN":"NATIVE CORP","BUYLEASE":"N","OWNER_1":"EKLUTNA INC","NAME_2":"","MAILING_ADDRESS_LINE_A":"# 201","MAILING_ADDRESS_LINE_B":"16515  CENTERFIELD DR ","MAILING_ADDRESS_CITY":"EAGLE RIVER","MAILING_ADDRESS_STATE":"AK","MAILING_ADDRESS_ZIP":"99577-7719","Buyer_Name":"","Buyer_Name_2":"","Buyer_Mailing_Address_A":"","Buyer_Mailing_Address_B":"","Buyer_Mailing_Address_City":"","Buyer_Mailing_Address_State":"","Buyer_Mailing_Address_Zip":"","MERIDIAN":"S","TWP_NUM":"18","TWP_NS":"N","RNG_NUM":"02","RNG_EW":"E","SECT_NUM":"02","GRIDNAME":"PA","GRIDNUM":"03","LANDVALUE":800.0,"LANDASSD":0.0,"BLDGVALUE":0.0,"BLDGASSD":0.0,"GENAREA":"3661","NBHD":"B_EXCEPT_A1","TAXZONE":"0020","CITY":"","COMMCOUN":"2","FSA":"004","RSA":"031","SSA_1":"","SSA_2":"","ESN":21,"ECN":15,"ASSMBDISTRICT":"1","VOTINGPRCNT":"29-530","DFIRM":"02170C7300E","SPUD":"Sutton","SUBDNUM":3492,"LEGAL":"MOOSE TWNST                        BLOCK 14 LOT 11","DOC1_DATE":"1988-10-03T00:00:00Z","DOC1_TYPE":"Patent","DOC1_RCRD":"Palmer-Bk 563 Pg 162","DOC2_DATE":null,"DOC2_TYPE":"","DOC2_RCRD":"","LANDUSE":"","RESUNIT":0.0,"MHUNIT":0.0,"DUPLEXUNIT":0.0,"MULTIUNIT":0.0,"GQUNIT":0.0,"MH_PK_UNIT":0.0,"BLDG_USE1":"","BLDG_USE2":"","BLDG_USE3":"","BLDG_USE4":"","BLDG_USE5":"","BLDG_USE6":"","Photo":"https://ecommerce.matsugov.us/assessment/Pages/Photos.aspx?isDLG=1&P_ID=24746","GlobalID":"{5526F7F6-1A59-42AA-88AB-8A8562A4315C}","Shape_Length":0.0014229559147262818,"Shape_Area":7.8793961127850771e-08},"geometry":{"type":"MultiPolygon","coordinates":[[[[-149.033230016999966,61.676288142000033,0.0],[-149.033804283999956,61.676287445000071,0.0],[-149.033804934999978,61.676424650000058,0.0],[-149.033230662999983,61.676425350000045,0.0],[-149.033230016999966,61.676288142000033,0.0]]]]}},
{"type":"Feature","properties":{"OBJECTID":59951,"ParcelType":2,"P_ID":52111,"ACCOUNT":"18N02E02C007","TAXID_LOKI":"118N02E02C007","ACRES":7.76432625,"TAXACRE":7.84,"ORIGACRE":7.84,"FTYPE":"PARCEL","GENOWN":"PRIVATE","BUYLEASE":"N","OWNER_1":"WHITE WENDELON A & WHITE K M","NAME_2":"WHITE JASON D & SCOTT JAMES R","MAILING_ADDRESS_LINE_A":"","MAILING_ADDRESS_LINE_B":"12923  KALINOSKI  ","MAILING_ADDRESS_CITY":"SAINT HEDWIG","MAILING_ADDRESS_STATE":"TX","MAILING_ADDRESS_ZIP":"78152","Buyer_Name":"","Buyer_Name_2":"","Buyer_Mailing_Address_A":"","Buyer_Mailing_Address_B":"","Buyer_Mailing_Address_City":"","Buyer_Mailing_Address_State":"","Buyer_Mailing_Address_Zip":"","MERIDIAN":"S","TWP_NUM":"18","TWP_NS":"N","RNG_NUM":"02","RNG_EW":"E","SECT_NUM":"02","GRIDNAME":"PA","GRIDNUM":"03","LANDVALUE":0.0,"LANDASSD":0.0,"BLDGVALUE":0.0,"BLDGASSD":0.0,"GENAREA":"3661","NBHD":"B_EXCEPT_A1","TAXZONE":"0109","CITY":"","COMMCOUN":"24","FSA":"132","RSA":"031","SSA_1":"","SSA_2":"","ESN":19,"ECN":14,"ASSMBDISTRICT":"1","VOTINGPRCNT":"29-505","DFIRM":"02170C7300E","SPUD":null,"SUBDNUM":0,"LEGAL":"TOWNSHIP 18N RANGE 2E              SECTION 2 LOT C7","DOC1_DATE":"2021-07-01T00:00:00Z","DOC1_TYPE":"QUITCLAIM DEED (ALL TYPE)","DOC1_RCRD":"Palmer-Bk  Pg ","DOC2_DATE":"2016-06-06T00:00:00Z","DOC2_TYPE":"QUITCLAIM DEED (ALL TYPE)","DOC2_RCRD":"Palmer-Bk  Pg ","LANDUSE":"","RESUNIT":0.0,"MHUNIT":0.0,"DUPLEXUNIT":0.0,"MULTIUNIT":0.0,"GQUNIT":0.0,"MH_PK_UNIT":0.0,"BLDG_USE1":"","BLDG_USE2":"","BLDG_USE3":"","BLDG_USE4":"","BLDG_USE5":"","BLDG_USE6":"","Photo":"https://ecommerce.matsugov.us/assessment/Pages/Photos.aspx?isDLG=1&P_ID=52111","GlobalID":"{7A6516B3-67C3-4250-B185-323C58CD00F6}","Shape_Length":0.016528606420491102,"Shape_Area":5.3367403222935685e-06},"geometry":{"type":"MultiPolygon","coordinates":[[[[-149.050036473999967,61.676314367000032,0.0],[-149.05003703099996,61.675934588000075,0.0],[-149.050037398999962,61.675670742000079,0.0],[-149.050514715999981,61.675587089000032,0.0],[-149.05099664399998,61.675509637000062,0.0],[-149.051482825999983,61.675438444000065,0.0],[-149.051972903999967,61.675373562000061,0.0],[-149.052466512999956,61.675315040000044,0.0],[-149.052933621999983,61.675273737000055,0.0],[-149.057616446999958,61.675270409000063,0.0],[-149.057616403999958,61.675668521000034,0.0],[-149.053823667999978,61.676012145000072,0.0],[-149.053374868999981,61.676052674000061,0.0],[-149.052886086999962,61.676105522000057,0.0],[-149.052400613999964,61.67616485800005,0.0],[-149.051918830999966,61.676230636000071,0.0],[-149.051441113999971,61.676302803000056,0.0],[-149.05096783999997,61.676381303000028,0.0],[-149.050499379999962,61.676466074000075,0.0],[-149.050036102999968,61.676557051000032,0.0],[-149.050036473999967,61.676314367000032,0.0]]]]}},
{"type":"Feature","properties":{"OBJECTID":59954,"ParcelType":1,"P_ID":66988,"ACCOUNT":"3492B12L007","TAXID_LOKI":"53492B12L007","ACRES":0.11489748,"TAXACRE":0.11,"ORIGACRE":0.11,"FTYPE":"PARCEL","GENOWN":"NATIVE CORP","BUYLEASE":"N","OWNER_1":"EKLUTNA INC","NAME_2":"","MAILING_ADDRESS_LINE_A":"# 201","MAILING_ADDRESS_LINE_B":"16515  CENTERFIELD DR ","MAILING_ADDRESS_CITY":"EAGLE RIVER","MAILING_ADDRESS_STATE":"AK","MAILING_ADDRESS_ZIP":"99577-7719","Buyer_Name":"","Buyer_Name_2":"","Buyer_Mailing_Address_A":"","Buyer_Mailing_Address_B":"","Buyer_Mailing_Address_City":"","Buyer_Mailing_Address_State":"","Buyer_Mailing_Address_Zip":"","MERIDIAN":"S","TWP_NUM":"18","TWP_NS":"N","RNG_NUM":"02","RNG_EW":"E","SECT_NUM":"02","GRIDNAME":"PA","GRIDNUM":"03","LANDVALUE":800.0,"LANDASSD":0.0,"BLDGVALUE":0.0,"BLDGASSD":0.0,"GENAREA":"3661","NBHD":"B_EXCEPT_A1","TAXZONE":"0020","CITY":"","COMMCOUN":"2","FSA":"004","RSA":"031","SSA_1":"","SSA_2":"","ESN":21,"ECN":15,"ASSMBDISTRICT":"1","VOTINGPRCNT":"29-530","DFIRM":"02170C7300E","SPUD":"Sutton","SUBDNUM":3492,"LEGAL":"MOOSE TWNST                        BLOCK 12 LOT 7","DOC1_DATE":"1988-10-03T00:00:00Z","DOC1_TYPE":"Patent","DOC1_RCRD":"Palmer-Bk 563 Pg 162","DOC2_DATE":null,"DOC2_TYPE":"","DOC2_RCRD":"","LANDUSE":"","RESUNIT":0.0,"MHUNIT":0.0,"DUPLEXUNIT":0.0,"MULTIUNIT":0.0,"GQUNIT":0.0,"MH_PK_UNIT":0.0,"BLDG_USE1":"","BLDG_USE2":"","BLDG_USE3":"","BLDG_USE4":"","BLDG_USE5":"","BLDG_USE6":"","Photo":"https://ecommerce.matsugov.us/assessment/Pages/Photos.aspx?isDLG=1&P_ID=66988","GlobalID":"{5134E5C9-9B3A-4FF8-999F-B7B59BEB3963}","Shape_Length":0.0014229886224146437,"Shape_Area":7.8804930429304853e-08},"geometry":{"type":"MultiPolygon","coordinates":[[[[-149.029956703999972,61.676292002000082,0.0],[-149.030530968999983,61.676291336000077,0.0],[-149.030531594999957,61.67642856100008,0.0],[-149.029957327999966,61.676429230000053,0.0],[-149.029956703999972,61.676292002000082,0.0]]]]}},
{"type":"Feature","properties":{"OBJECTID":59956,"ParcelType":1,"P_ID":44858,"ACCOUNT":"3492B12L006","TAXID_LOKI":"53492B12L006","ACRES":0.11490122,"TAXACRE":0.11,"ORIGACRE":0.11,"FTYPE":"PARCEL","GENOWN":"NATIVE CORP","BUYLEASE":"N","OWNER_1":"EKLUTNA INC","NAME_2":"","MAILING_ADDRESS_LINE_A":"# 201","MAILING_ADDRESS_LINE_B":"16515  CENTERFIELD DR ","MAILING_ADDRESS_CITY":"EAGLE RIVER","MAILING_ADDRESS_STATE":"AK","MAILING_ADDRESS_ZIP":"99577-7719","Buyer_Name":"","Buyer_Name_2":"","Buyer_Mailing_Address_A":"","Buyer_Mailing_Address_B":"","Buyer_Mailing_Address_City":"","Buyer_Mailing_Address_State":"","Buyer_Mailing_Address_Zip":"","MERIDIAN":"S","TWP_NUM":"18","TWP_NS":"N","RNG_NUM":"02","RNG_EW":"E","SECT_NUM":"02","GRIDNAME":"PA","GRIDNUM":"03","LANDVALUE":800.0,"LANDASSD":0.0,"BLDGVALUE":0.0,"BLDGASSD":0.0,"GENAREA":"3661","NBHD":"B_EXCEPT_A1","TAXZONE":"0020","CITY":"","COMMCOUN":"2","FSA":"004","RSA":"031","SSA_1":"","SSA_2":"","ESN":21,"ECN":15,"ASSMBDISTRICT":"1","VOTINGPRCNT":"29-530","DFIRM":"02170C7300E","SPUD":"Sutton","SUBDNUM":3492,"LEGAL":"MOOSE TWNST                        BLOCK 12 LOT 6","DOC1_DATE":"1988-10-03T00:00:00Z","DOC1_TYPE":"Patent","DOC1_RCRD":"Palmer-Bk 563 Pg 162","DOC2_DATE":null,"DOC2_TYPE":"","DOC2_RCRD":"","LANDUSE":"","RESUNIT":0.0,"MHUNIT":0.0,"DUPLEXUNIT":0.0,"MULTIUNIT":0.0,"GQUNIT":0.0,"MH_PK_UNIT":0.0,"BLDG_USE1":"","BLDG_USE2":"","BLDG_USE3":"","BLDG_USE4":"","BLDG_USE5":"","BLDG_USE6":"","Photo":"https://ecommerce.matsugov.us/assessment/Pages/Photos.aspx?isDLG=1&P_ID=44858","GlobalID":"{7D0EFED9-2F05-4F0F-952E-CC5571A0601B}","Shape_Length":0.0014229985801525555,"Shape_Area":7.8807578115353186e-08},"geometry":{"type":"MultiPolygon","coordinates":[[[[-149.029267584999957,61.676292795000052,0.0],[-149.029841849999968,61.67629213400005,0.0],[-149.029842472999974,61.676429363000068,0.0],[-149.029268204999966,61.676430028000027,0.0],[-149.029267584999957,61.676292795000052,0.0]]]]}},
{"type":"Feature","properties":{"OBJECTID":59957,"ParcelType":1,"P_ID":80525,"ACCOUNT":"3492B14L009","TAXID_LOKI":"53492B14L009","ACRES":0.06893106,"TAXACRE":0.07,"ORIGACRE":0.07,"FTYPE":"PARCEL","GENOWN":"NATIVE CORP","BUYLEASE":"N","OWNER_1":"EKLUTNA INC","NAME_2":"","MAILING_ADDRESS_LINE_A":"# 201","MAILING_ADDRESS_LINE_B":"16515  CENTERFIELD DR ","MAILING_ADDRESS_CITY":"EAGLE RIVER","MAILING_ADDRESS_STATE":"AK","MAILING_ADDRESS_ZIP":"99577-7719","Buyer_Name":"","Buyer_Name_2":"","Buyer_Mailing_Address_A":"","Buyer_Mailing_Address_B":"","Buyer_Mailing_Address_City":"","Buyer_Mailing_Address_State":"","Buyer_Mailing_Address_Zip":"","MERIDIAN":"S","TWP_NUM":"18","TWP_NS":"N","RNG_NUM":"02","RNG_EW":"E","SECT_NUM":"02","GRIDNAME":"PA","GRIDNUM":"03","LANDVALUE":600.0,"LANDASSD":0.0,"BLDGVALUE":0.0,"BLDGASSD":0.0,"GENAREA":"3661","NBHD":"B_EXCEPT_A1","TAXZONE":"0020","CITY":"","COMMCOUN":"2","FSA":"004","RSA":"031","SSA_1":"","SSA_2":"","ESN":21,"ECN":15,"ASSMBDISTRICT":"1","VOTINGPRCNT":"29-530","DFIRM":"02170C7300E","SPUD":"Sutton","SUBDNUM":3492,"LEGAL":"MOOSE TWNST                        BLOCK 14 LOT 9","DOC1_DATE":"1988-10-03T00:00:00Z","DOC1_TYPE":"Patent","DOC1_RCRD":"Palmer-Bk 563 Pg 162","DOC2_DATE":null,"DOC2_TYPE":"","DOC2_RCRD":"","LANDUSE":"","RESUNIT":0.0,"MHUNIT":0.0,"DUPLEXUNIT":0.0,"MULTIUNIT":0.0,"GQUNIT":0.0,"MH_PK_UNIT":0.0,"BLDG_USE1":"","BLDG_USE2":"","BLDG_USE3":"","BLDG_USE4":"","BLDG_USE5":"","BLDG_USE6":"","Photo":"https://ecommerce.matsugov.us/assessment/Pages/Photos.aspx?isDLG=1&P_ID=80525","GlobalID":"{EC139F6F-6BC5-411B-8638-7FC9A6D75CCD}","Shape_Length":0.0013131936389845433,"Shape_Area":4.7277577613999614e-08},"geometry":{"type":"MultiPolygon","coordinates":[[[[-149.032541282999972,61.67637129700006,0.0],[-149.03311555199997,61.676370606000035,0.0],[-149.03311593799998,61.676452931000028,0.0],[-149.032541667999965,61.676453624000033,0.0],[-149.032541282999972,61.67637129700006,0.0]]]]}},
{"type":"Feature","properties":{"OBJECTID":59959,"ParcelType":1,"P_ID":58844,"ACCOUNT":"3492B14L008","TAXID_LOKI":"53492B14L008","ACRES":0.0689312,"TAXACRE":0.07,"ORIGACRE":0.07,"FTYPE":"PARCEL","GENOWN":"NATIVE CORP","BUYLEASE":"N","OWNER_1":"EKLUTNA INC","NAME_2":"","MAILING_ADDRESS_LINE_A":"# 201","MAILING_ADDRESS_LINE_B":"16515  CENTERFIELD DR ","MAILING_ADDRESS_CITY":"EAGLE RIVER","MAILING_ADDRESS_STATE":"AK","MAILING_ADDRESS_ZIP":"99577-7719","Buyer_Name":"","Buyer_Name_2":"","Buyer_Mailing_Address_A":"","Buyer_Mailing_Address_B":"","Buyer_Mailing_Address_City":"","Buyer_Mailing_Address_State":"","Buyer_Mailing_Address_Zip":"","MERIDIAN":"S","TWP_NUM":"18","TWP_NS":"N","RNG_NUM":"02","RNG_EW":"E","SECT_NUM":"02","GRIDNAME":"PA","GRIDNUM":"03","LANDVALUE":600.0,"LANDASSD":0.0,"BLDGVALUE":0.0,"BLDGASSD":0.0,"GENAREA":"3661","NBHD":"B_EXCEPT_A1","TAXZONE":"0020","CITY":"","COMMCOUN":"2","FSA":"004","RSA":"031","SSA_1":"","SSA_2":"","ESN":21,"ECN":15,"ASSMBDISTRICT":"1","VOTINGPRCNT":"29-530","DFIRM":"02170C7300E","SPUD":"Sutton","SUBDNUM":3492,"LEGAL":"MOOSE TWNST                        BLOCK 14 LOT 8","DOC1_DATE":"1988-10-03T00:00:00Z","DOC1_TYPE":"Patent","DOC1_RCRD":"Palmer-Bk 563 Pg 162","DOC2_DATE":null,"DOC2_TYPE":"","DOC2_RCRD":"","LANDUSE":"","RESUNIT":0.0,"MHUNIT":0.0,"DUPLEXUNIT":0.0,"MULTIUNIT":0.0,"GQUNIT":0.0,"MH_PK_UNIT":0.0,"BLDG_USE1":"","BLDG_USE2":"","BLDG_USE3":"","BLDG_USE4":"","BLDG_USE5":"","BLDG_USE6":"","Photo":"https://ecommerce.matsugov.us/assessment/Pages/Photos.aspx?isDLG=1&P_ID=58844","GlobalID":"{3518027A-663A-41FD-A1C3-CCDA0992F34B}","Shape_Length":0.0013131986614804267,"Shape_Area":4.7278031396024294e-08},"geometry":{"type":"MultiPolygon","coordinates":[[[[-149.032541667999965,61.676453624000033,0.0],[-149.03311593799998,61.676452931000028,0.0],[-149.033116326999959,61.676535257000069,0.0],[-149.032542053999975,61.676535951000062,0.0],[-149.032541667999965,61.676453624000033,0.0]]]]}},
{"type":"Feature","properties":{"OBJECTID":59960,"ParcelType":1,"P_ID":4399,"ACCOUNT":"3492B14L012","TAXID_LOKI":"53492B14L012","ACRES":0.11488249,"TAXACRE":0.11,"ORIGACRE":0.11,"FTYPE":"PARCEL","GENOWN":"NATIVE CORP","BUYLEASE":"N","OWNER_1":"EKLUTNA INC","NAME_2":"","MAILING_ADDRESS_LINE_A":"# 201","MAILING_ADDRESS_LINE_B":"16515  CENTERFIELD DR ","MAILING_ADDRESS_CITY":"EAGLE RIVER","MAILING_ADDRESS_STATE":"AK","MAILING_ADDRESS_ZIP":"99577-7719","Buyer_Name":"","Buyer_Name_2":"","Buyer_Mailing_Address_A":"","Buyer_Mailing_Address_B":"","Buyer_Mailing_Address_City":"","Buyer_Mailing_Address_State":"","Buyer_Mailing_Address_Zip":"","MERIDIAN":"S","TWP_NUM":"18","TWP_NS":"N","RNG_NUM":"02","RNG_EW":"E","SECT_NUM":"02","GRIDNAME":"PA","GRIDNUM":"03","LANDVALUE":800.0,"LANDASSD":0.0,"BLDGVALUE":0.0,"BLDGASSD":0.0,"GENAREA":"3661","NBHD":"B_EXCEPT_A1","TAXZONE":"0020","CITY":"","COMMCOUN":"2","FSA":"004","RSA":"031","SSA_1":"","SSA_2":"","ESN":21,"ECN":15,"ASSMBDISTRICT":"1","VOTINGPRCNT":"29-530","DFIRM":"02170C7300E","SPUD":"Sutton","SUBDNUM":3492,"LEGAL":"MOOSE TWNST                        BLOCK 14 LOT 12","DOC1_DATE":"1988-10-03T00:00:00Z","DOC1_TYPE":"Patent","DOC1_RCRD":"Palmer-Bk 563 Pg 162","DOC2_DATE":null,"DOC2_TYPE":"","DOC2_RCRD":"","LANDUSE":"","RESUNIT":0.0,"MHUNIT":0.0,"DUPLEXUNIT":0.0,"MULTIUNIT":0.0,"GQUNIT":0.0,"MH_PK_UNIT":0.0,"BLDG_USE1":"","BLDG_USE2":"","BLDG_USE3":"","BLDG_USE4":"","BLDG_USE5":"","BLDG_USE6":"","Photo":"https://ecommerce.matsugov.us/assessment/Pages/Photos.aspx?isDLG=1&P_ID=4399","GlobalID":"{BED62984-D009-4922-9AF4-646A007856B6}","Shape_Length":0.0014229659349570833,"Shape_Area":7.8794868363132775e-08},"geometry":{"type":"MultiPolygon","coordinates":[[[[-149.033230662999983,61.676425350000045,0.0],[-149.033804934999978,61.676424650000058,0.0],[-149.033805586999961,61.676561856000035,0.0],[-149.03323131099998,61.676562558000057,0.0],[-149.033230662999983,61.676425350000045,0.0]]]]}},
{"type":"Feature","properties":{"OBJECTID":59962,"ParcelType":1,"P_ID":82825,"ACCOUNT":"3492B12L008","TAXID_LOKI":"53492B12L008","ACRES":0.11489807,"TAXACRE":0.11,"ORIGACRE":0.11,"FTYPE":"PARCEL","GENOWN":"NATIVE CORP","BUYLEASE":"N","OWNER_1":"EKLUTNA INC","NAME_2":"","MAILING_ADDRESS_LINE_A":"# 201","MAILING_ADDRESS_LINE_B":"16515  CENTERFIELD DR ","MAILING_ADDRESS_CITY":"EAGLE RIVER","MAILING_ADDRESS_STATE":"AK","MAILING_ADDRESS_ZIP":"99577-7719","Buyer_Name":"","Buyer_Name_2":"","Buyer_Mailing_Address_A":"","Buyer_Mailing_Address_B":"","Buyer_Mailing_Address_City":"","Buyer_Mailing_Address_State":"","Buyer_Mailing_Address_Zip":"","MERIDIAN":"S","TWP_NUM":"18","TWP_NS":"N","RNG_NUM":"02","RNG_EW":"E","SECT_NUM":"02","GRIDNAME":"PA","GRIDNUM":"03","LANDVALUE":800.0,"LANDASSD":0.0,"BLDGVALUE":0.0,"BLDGASSD":0.0,"GENAREA":"3661","NBHD":"B_EXCEPT_A1","TAXZONE":"0020","CITY":"","COMMCOUN":"2","FSA":"004","RSA":"031","SSA_1":"","SSA_2":"","ESN":21,"ECN":15,"ASSMBDISTRICT":"1","VOTINGPRCNT":"29-530","DFIRM":"02170C7300E","SPUD":"Sutton","SUBDNUM":3492,"LEGAL":"MOOSE TWNST                        BLOCK 12 LOT 8","DOC1_DATE":"1988-10-03T00:00:00Z","DOC1_TYPE":"Patent","DOC1_RCRD":"Palmer-Bk 563 Pg 162","DOC2_DATE":null,"DOC2_TYPE":"","DOC2_RCRD":"","LANDUSE":"","RESUNIT":0.0,"MHUNIT":0.0,"DUPLEXUNIT":0.0,"MULTIUNIT":0.0,"GQUNIT":0.0,"MH_PK_UNIT":0.0,"BLDG_USE1":"","BLDG_USE2":"","BLDG_USE3":"","BLDG_USE4":"","BLDG_USE5":"","BLDG_USE6":"","Photo":"https://ecommerce.matsugov.us/assessment/Pages/Photos.aspx?isDLG=1&P_ID=82825","GlobalID":"{9E187FF9-B94A-486A-9D1E-63DD3C693C0E}","Shape_Length":0.0014229956340342071,"Shape_Area":7.8805412947460835e-08},"geometry":{"type":"MultiPolygon","coordinates":[[[[-149.029957327999966,61.676429230000053,0.0],[-149.030531594999957,61.67642856100008,0.0],[-149.030532222999966,61.676565786000083,0.0],[-149.029957950999972,61.676566458000082,0.0],[-149.029957327999966,61.676429230000053,0.0]]]]}},
{"type":"Feature","properties":{"OBJECTID":59963,"ParcelType":1,"P_ID":27601,"ACCOUNT":"3492B12L005","TAXID_LOKI":"53492B12L005","ACRES":0.11490144,"TAXACRE":0.11,"ORIGACRE":0.11,"FTYPE":"PARCEL","GENOWN":"NATIVE CORP","BUYLEASE":"N","OWNER_1":"EKLUTNA INC","NAME_2":"","MAILING_ADDRESS_LINE_A":"# 201","MAILING_ADDRESS_LINE_B":"16515  CENTERFIELD DR ","MAILING_ADDRESS_CITY":"EAGLE RIVER","MAILING_ADDRESS_STATE":"AK","MAILING_ADDRESS_ZIP":"99577-7719","Buyer_Name":"","Buyer_Name_2":"","Buyer_Mailing_Address_A":"","Buyer_Mailing_Address_B":"","Buyer_Mailing_Address_City":"","Buyer_Mailing_Address_State":"","Buyer_Mailing_Address_Zip":"","MERIDIAN":"S","TWP_NUM":"18","TWP_NS":"N","RNG_NUM":"02","RNG_EW":"E","SECT_NUM":"02","GRIDNAME":"PA","GRIDNUM":"03","LANDVALUE":800.0,"LANDASSD":0.0,"BLDGVALUE":0.0,"BLDGASSD":0.0,"GENAREA":"3661","NBHD":"B_EXCEPT_A1","TAXZONE":"0020","CITY":"","COMMCOUN":"2","FSA":"004","RSA":"031","SSA_1":"","SSA_2":"","ESN":21,"ECN":15,"ASSMBDISTRICT":"1","VOTINGPRCNT":"29-530","DFIRM":"02170C7300E","SPUD":"Sutton","SUBDNUM":3492,"LEGAL":"MOOSE TWNST                        BLOCK 12 LOT 5","DOC1_DATE":"1988-10-03T00:00:00Z","DOC1_TYPE":"Patent","DOC1_RCRD":"Palmer-Bk 563 Pg 162","DOC2_DATE":null,"DOC2_TYPE":"","DOC2_RCRD":"","LANDUSE":"","RESUNIT":0.0,"MHUNIT":0.0,"DUPLEXUNIT":0.0,"MULTIUNIT":0.0,"GQUNIT":0.0,"MH_PK_UNIT":0.0,"BLDG_USE1":"","BLDG_USE2":"","BLDG_USE3":"","BLDG_USE4":"","BLDG_USE5":"","BLDG_USE6":"","Photo":"https://ecommerce.matsugov.us/assessment/Pages/Photos.aspx?isDLG=1&P_ID=27601","GlobalID":"{8A1AE0D8-5A58-4DFD-B41F-1EFEB9B2EB55}","Shape_Length":0.0014230046018669194,"Shape_Area":7.88077744657124e-08},"geometry":{"type":"MultiPolygon","coordinates":[[[[-149.029268204999966,61.676430028000027,0.0],[-149.029842472999974,61.676429363000068,0.0],[-149.029843097999958,61.676566592000029,0.0],[-149.029268825999964,61.67656726000007,0.0],[-149.029268204999966,61.676430028000027,0.0]]]]}},
{"type":"Feature","properties":{"OBJECTID":59966,"ParcelType":1,"P_ID":13925,"ACCOUNT":"3492B14L007","TAXID_LOKI":"53492B14L007","ACRES":0.06893131,"TAXACRE":0.07,"ORIGACRE":0.07,"FTYPE":"PARCEL","GENOWN":"NATIVE CORP","BUYLEASE":"N","OWNER_1":"EKLUTNA INC","NAME_2":"","MAILING_ADDRESS_LINE_A":"# 201","MAILING_ADDRESS_LINE_B":"16515  CENTERFIELD DR ","MAILING_ADDRESS_CITY":"EAGLE RIVER","MAILING_ADDRESS_STATE":"AK","MAILING_ADDRESS_ZIP":"99577-7719","Buyer_Name":"","Buyer_Name_2":"","Buyer_Mailing_Address_A":"","Buyer_Mailing_Address_B":"","Buyer_Mailing_Address_City":"","Buyer_Mailing_Address_State":"","Buyer_Mailing_Address_Zip":"","MERIDIAN":"S","TWP_NUM":"18","TWP_NS":"N","RNG_NUM":"02","RNG_EW":"E","SECT_NUM":"02","GRIDNAME":"PA","GRIDNUM":"03","LANDVALUE":600.0,"LANDASSD":0.0,"BLDGVALUE":0.0,"BLDGASSD":0.0,"GENAREA":"3661","NBHD":"B_EXCEPT_A1","TAXZONE":"0020","CITY":"","COMMCOUN":"2","FSA":"004","RSA":"031","SSA_1":"","SSA_2":"","ESN":21,"ECN":15,"ASSMBDISTRICT":"1","VOTINGPRCNT":"29-530","DFIRM":"02170C7300E","SPUD":"Sutton","SUBDNUM":3492,"LEGAL":"MOOSE TWNST                        BLOCK 14 LOT 7","DOC1_DATE":"1988-10-03T00:00:00Z","DOC1_TYPE":"Patent","DOC1_RCRD":"Palmer-Bk 563 Pg 162","DOC2_DATE":null,"DOC2_TYPE":"","DOC2_RCRD":"","LANDUSE":"","RESUNIT":0.0,"MHUNIT":0.0,"DUPLEXUNIT":0.0,"MULTIUNIT":0.0,"GQUNIT":0.0,"MH_PK_UNIT":0.0,"BLDG_USE1":"","BLDG_USE2":"","BLDG_USE3":"","BLDG_USE4":"","BLDG_USE5":"","BLDG_USE6":"","Photo":"https://ecommerce.matsugov.us/assessment/Pages/Photos.aspx?isDLG=1&P_ID=13925","GlobalID":"{58D001AC-44A6-4FFD-8C43-A1CA504B6FF1}","Shape_Length":0.0013132036615459844,"Shape_Area":4.7278237623372284e-08},"geometry":{"type":"MultiPolygon","coordinates":[[[[-149.032542053999975,61.676535951000062,0.0],[-149.033116326999959,61.676535257000069,0.0],[-149.033116714999977,61.676617582000063,0.0],[-149.032542439999958,61.676618279000081,0.0],[-149.032542053999975,61.676535951000062,0.0]]]]}},
{"type":"Feature","properties":{"OBJECTID":59970,"ParcelType":1,"P_ID":57401,"ACCOUNT":"3492B14L013","TAXID_LOKI":"53492B14L013","ACRES":0.11488308,"TAXACRE":0.11,"ORIGACRE":0.11,"FTYPE":"PARCEL","GENOWN":"NATIVE CORP","BUYLEASE":"N","OWNER_1":"EKLUTNA INC","NAME_2":"","MAILING_ADDRESS_LINE_A":"# 201","MAILING_ADDRESS_LINE_B":"16515  CENTERFIELD DR ","MAILING_ADDRESS_CITY":"EAGLE RIVER","MAILING_ADDRESS_STATE":"AK","MAILING_ADDRESS_ZIP":"99577-7719","Buyer_Name":"","Buyer_Name_2":"","Buyer_Mailing_Address_A":"","Buyer_Mailing_Address_B":"","Buyer_Mailing_Address_City":"","Buyer_Mailing_Address_State":"","Buyer_Mailing_Address_Zip":"","MERIDIAN":"S","TWP_NUM":"18","TWP_NS":"N","RNG_NUM":"02","RNG_EW":"E","SECT_NUM":"02","GRIDNAME":"PA","GRIDNUM":"03","LANDVALUE":800.0,"LANDASSD":0.0,"BLDGVALUE":0.0,"BLDGASSD":0.0,"GENAREA":"3661","NBHD":"B_EXCEPT_A1","TAXZONE":"0020","CITY":"","COMMCOUN":"2","FSA":"004","RSA":"031","SSA_1":"","SSA_2":"","ESN":21,"ECN":15,"ASSMBDISTRICT":"1","VOTINGPRCNT":"29-530","DFIRM":"02170C7300E","SPUD":"Sutton","SUBDNUM":3492,"LEGAL":"MOOSE TWNST                        BLOCK 14 LOT 13","DOC1_DATE":"1988-10-03T00:00:00Z","DOC1_TYPE":"Patent","DOC1_RCRD":"Palmer-Bk 563 Pg 162","DOC2_DATE":null,"DOC2_TYPE":"","DOC2_RCRD":"","LANDUSE":"","RESUNIT":0.0,"MHUNIT":0.0,"DUPLEXUNIT":0.0,"MULTIUNIT":0.0,"GQUNIT":0.0,"MH_PK_UNIT":0.0,"BLDG_USE1":"","BLDG_USE2":"","BLDG_USE3":"","BLDG_USE4":"","BLDG_USE5":"","BLDG_USE6":"","Photo":"https://ecommerce.matsugov.us/assessment/Pages/Photos.aspx?isDLG=1&P_ID=57401","GlobalID":"{B407F96C-F092-4830-9617-3C7D858FA2B4}","Shape_Length":0.0014229739482998112,"Shape_Area":7.879563836768968e-08},"geometry":{"type":"MultiPolygon","coordinates":[[[[-149.03323131099998,61.676562558000057,0.0],[-149.033805586999961,61.676561856000035,0.0],[-149.033806238999972,61.676699061000079,0.0],[-149.033231959999966,61.676699768000049,0.0],[-149.03323131099998,61.676562558000057,0.0]]]]}},
{"type":"Feature","properties":{"OBJECTID":59971,"ParcelType":1,"P_ID":10455,"ACCOUNT":"3492B14L006","TAXID_LOKI":"53492B14L006","ACRES":0.06893182,"TAXACRE":0.07,"ORIGACRE":0.07,"FTYPE":"PARCEL","GENOWN":"NATIVE CORP","BUYLEASE":"N","OWNER_1":"EKLUTNA INC","NAME_2":"","MAILING_ADDRESS_LINE_A":"# 201","MAILING_ADDRESS_LINE_B":"16515  CENTERFIELD DR ","MAILING_ADDRESS_CITY":"EAGLE RIVER","MAILING_ADDRESS_STATE":"AK","MAILING_ADDRESS_ZIP":"99577-7719","Buyer_Name":"","Buyer_Name_2":"","Buyer_Mailing_Address_A":"","Buyer_Mailing_Address_B":"","Buyer_Mailing_Address_City":"","Buyer_Mailing_Address_State":"","Buyer_Mailing_Address_Zip":"","MERIDIAN":"S","TWP_NUM":"18","TWP_NS":"N","RNG_NUM":"02","RNG_EW":"E","SECT_NUM":"02","GRIDNAME":"PA","GRIDNUM":"03","LANDVALUE":600.0,"LANDASSD":0.0,"BLDGVALUE":0.0,"BLDGASSD":0.0,"GENAREA":"3661","NBHD":"B_EXCEPT_A1","TAXZONE":"0020","CITY":"","COMMCOUN":"2","FSA":"004","RSA":"031","SSA_1":"","SSA_2":"","ESN":21,"ECN":15,"ASSMBDISTRICT":"1","VOTINGPRCNT":"29-530","DFIRM":"02170C7300E","SPUD":"Sutton","SUBDNUM":3492,"LEGAL":"MOOSE TWNST                        BLOCK 14 LOT 6","DOC1_DATE":"1988-10-03T00:00:00Z","DOC1_TYPE":"Patent","DOC1_RCRD":"Palmer-Bk 563 Pg 162","DOC2_DATE":null,"DOC2_TYPE":"","DOC2_RCRD":"","LANDUSE":"","RESUNIT":0.0,"MHUNIT":0.0,"DUPLEXUNIT":0.0,"MULTIUNIT":0.0,"GQUNIT":0.0,"MH_PK_UNIT":0.0,"BLDG_USE1":"","BLDG_USE2":"","BLDG_USE3":"","BLDG_USE4":"","BLDG_USE5":"","BLDG_USE6":"","Photo":"https://ecommerce.matsugov.us/assessment/Pages/Photos.aspx?isDLG=1&P_ID=10455","GlobalID":"{B30C9D8E-E966-44D7-89AE-B541FA7B0B09}","Shape_Length":0.00131321067699918,"Shape_Area":4.7278773388414965e-08},"geometry":{"type":"MultiPolygon","coordinates":[[[[-149.032542439999958,61.676618279000081,0.0],[-149.033116714999977,61.676617582000063,0.0],[-149.033117104999974,61.676699908000046,0.0],[-149.032542825999968,61.676700607000043,0.0],[-149.032542439999958,61.676618279000081,0.0]]]]}},
{"type":"Feature","properties":{"OBJECTID":59973,"ParcelType":1,"P_ID":30976,"ACCOUNT":"3492B12L009","TAXID_LOKI":"53492B12L009","ACRES":0.11489868,"TAXACRE":0.11,"ORIGACRE":0.11,"FTYPE":"PARCEL","GENOWN":"NATIVE CORP","BUYLEASE":"N","OWNER_1":"EKLUTNA INC","NAME_2":"","MAILING_ADDRESS_LINE_A":"# 201","MAILING_ADDRESS_LINE_B":"16515  CENTERFIELD DR ","MAILING_ADDRESS_CITY":"EAGLE RIVER","MAILING_ADDRESS_STATE":"AK","MAILING_ADDRESS_ZIP":"99577-7719","Buyer_Name":"","Buyer_Name_2":"","Buyer_Mailing_Address_A":"","Buyer_Mailing_Address_B":"","Buyer_Mailing_Address_City":"","Buyer_Mailing_Address_State":"","Buyer_Mailing_Address_Zip":"","MERIDIAN":"S","TWP_NUM":"18","TWP_NS":"N","RNG_NUM":"02","RNG_EW":"E","SECT_NUM":"02","GRIDNAME":"PA","GRIDNUM":"03","LANDVALUE":800.0,"LANDASSD":0.0,"BLDGVALUE":0.0,"BLDGASSD":0.0,"GENAREA":"3661","NBHD":"B_EXCEPT_A1","TAXZONE":"0020","CITY":"","COMMCOUN":"2","FSA":"004","RSA":"031","SSA_1":"","SSA_2":"","ESN":21,"ECN":15,"ASSMBDISTRICT":"1","VOTINGPRCNT":"29-530","DFIRM":"02170C7300E","SPUD":"Sutton","SUBDNUM":3492,"LEGAL":"MOOSE TWNST                        BLOCK 12 LOT 9","DOC1_DATE":"1988-10-03T00:00:00Z","DOC1_TYPE":"Patent","DOC1_RCRD":"Palmer-Bk 563 Pg 162","DOC2_DATE":null,"DOC2_TYPE":"","DOC2_RCRD":"","LANDUSE":"","RESUNIT":0.0,"MHUNIT":0.0,"DUPLEXUNIT":0.0,"MULTIUNIT":0.0,"GQUNIT":0.0,"MH_PK_UNIT":0.0,"BLDG_USE1":"","BLDG_USE2":"","BLDG_USE3":"","BLDG_USE4":"","BLDG_USE5":"","BLDG_USE6":"","Photo":"https://ecommerce.matsugov.us/assessment/Pages/Photos.aspx?isDLG=1&P_ID=30976","GlobalID":"{809C525B-8722-4285-86BF-5063966D116D}","Shape_Length":0.0014230046695054637,"Shape_Area":7.880625316778639e-08},"geometry":{"type":"MultiPolygon","coordinates":[[[[-149.029957950999972,61.676566458000082,0.0],[-149.030532222999966,61.676565786000083,0.0],[-149.030532852999983,61.676703011000029,0.0],[-149.029958577999963,61.676703687000042,0.0],[-149.029957950999972,61.676566458000082,0.0]]]]}},
{"type":"Feature","properties":{"OBJECTID":59974,"ParcelType":1,"P_ID":88787,"ACCOUNT":"3492B12L004","TAXID_LOKI":"53492B12L004","ACRES":0.11490166,"TAXACRE":0.11,"ORIGACRE":0.11,"FTYPE":"PARCEL","GENOWN":"NATIVE CORP","BUYLEASE":"N","OWNER_1":"EKLUTNA INC","NAME_2":"","MAILING_ADDRESS_LINE_A":"# 201","MAILING_ADDRESS_LINE_B":"16515  CENTERFIELD DR ","MAILING_ADDRESS_CITY":"EAGLE RIVER","MAILING_ADDRESS_STATE":"AK","MAILING_ADDRESS_ZIP":"99577-7719","Buyer_Name":"","Buyer_Name_2":"","Buyer_Mailing_Address_A":"","Buyer_Mailing_Address_B":"","Buyer_Mailing_Address_City":"","Buyer_Mailing_Address_State":"","Buyer_Mailing_Address_Zip":"","MERIDIAN":"S","TWP_NUM":"18","TWP_NS":"N","RNG_NUM":"02","RNG_EW":"E","SECT_NUM":"02","GRIDNAME":"PA","GRIDNUM":"03","LANDVALUE":800.0,"LANDASSD":0.0,"BLDGVALUE":0.0,"BLDGASSD":0.0,"GENAREA":"3661","NBHD":"B_EXCEPT_A1","TAXZONE":"0020","CITY":"","COMMCOUN":"2","FSA":"004","RSA":"031","SSA_1":"","SSA_2":"","ESN":21,"ECN":15,"ASSMBDISTRICT":"1","VOTINGPRCNT":"29-530","DFIRM":"02170C7300E","SPUD":"Sutton","SUBDNUM":3492,"LEGAL":"MOOSE TWNST                        BLOCK 12 LOT 4","DOC1_DATE":"1988-10-03T00:00:00Z","DOC1_TYPE":"Patent","DOC1_RCRD":"Palmer-Bk 563 Pg 162","DOC2_DATE":null,"DOC2_TYPE":"","DOC2_RCRD":"","LANDUSE":"","RESUNIT":0.0,"MHUNIT":0.0,"DUPLEXUNIT":0.0,"MULTIUNIT":0.0,"GQUNIT":0.0,"MH_PK_UNIT":0.0,"BLDG_USE1":"","BLDG_USE2":"","BLDG_USE3":"","BLDG_USE4":"","BLDG_USE5":"","BLDG_USE6":"","Photo":"https://ecommerce.matsugov.us/assessment/Pages/Photos.aspx?isDLG=1&P_ID=88787","GlobalID":"{E51D5547-0946-4FFE-AC35-6E5DB2EC9B21}","Shape_Length":0.0014230116099623294,"Shape_Area":7.8808475470753704e-08},"geometry":{"type":"MultiPolygon","coordinates":[[[[-149.029268825999964,61.67656726000007,0.0],[-149.029843097999958,61.676566592000029,0.0],[-149.029843721999981,61.676703821000046,0.0],[-149.02926944799998,61.676704493000045,0.0],[-149.029268825999964,61.67656726000007,0.0]]]]}},
{"type":"Feature","properties":{"OBJECTID":59977,"ParcelType":1,"P_ID":63953,"ACCOUNT":"3492B14L005","TAXID_LOKI":"53492B14L005","ACRES":0.06893205,"TAXACRE":0.07,"ORIGACRE":0.07,"FTYPE":"PARCEL","GENOWN":"NATIVE CORP","BUYLEASE":"N","OWNER_1":"EKLUTNA INC","NAME_2":"","MAILING_ADDRESS_LINE_A":"# 201","MAILING_ADDRESS_LINE_B":"16515  CENTERFIELD DR ","MAILING_ADDRESS_CITY":"EAGLE RIVER","MAILING_ADDRESS_STATE":"AK","MAILING_ADDRESS_ZIP":"99577-7719","Buyer_Name":"","Buyer_Name_2":"","Buyer_Mailing_Address_A":"","Buyer_Mailing_Address_B":"","Buyer_Mailing_Address_City":"","Buyer_Mailing_Address_State":"","Buyer_Mailing_Address_Zip":"","MERIDIAN":"S","TWP_NUM":"18","TWP_NS":"N","RNG_NUM":"02","RNG_EW":"E","SECT_NUM":"02","GRIDNAME":"PA","GRIDNUM":"03","LANDVALUE":600.0,"LANDASSD":0.0,"BLDGVALUE":0.0,"BLDGASSD":0.0,"GENAREA":"3661","NBHD":"B_EXCEPT_A1","TAXZONE":"0020","CITY":"","COMMCOUN":"2","FSA":"004","RSA":"031","SSA_1":"","SSA_2":"","ESN":21,"ECN":15,"ASSMBDISTRICT":"1","VOTINGPRCNT":"29-530","DFIRM":"02170C7300E","SPUD":"Sutton","SUBDNUM":3492,"LEGAL":"MOOSE TWNST                        BLOCK 14 LOT 5","DOC1_DATE":"1988-10-03T00:00:00Z","DOC1_TYPE":"Patent","DOC1_RCRD":"Palmer-Bk 563 Pg 162","DOC2_DATE":null,"DOC2_TYPE":"","DOC2_RCRD":"","LANDUSE":"","RESUNIT":0.0,"MHUNIT":0.0,"DUPLEXUNIT":0.0,"MULTIUNIT":0.0,"GQUNIT":0.0,"MH_PK_UNIT":0.0,"BLDG_USE1":"","BLDG_USE2":"","BLDG_USE3":"","BLDG_USE4":"","BLDG_USE5":"","BLDG_USE6":"","Photo":"https://ecommerce.matsugov.us/assessment/Pages/Photos.aspx?isDLG=1&P_ID=63953","GlobalID":"{13EC9A28-0904-4865-9731-230E4D9185E0}","Shape_Length":0.0013132176771712975,"Shape_Area":4.7279061974536055e-08},"geometry":{"type":"MultiPolygon","coordinates":[[[[-149.032542825999968,61.676700607000043,0.0],[-149.033117104999974,61.676699908000046,0.0],[-149.033117493999981,61.676782234000029,0.0],[-149.032543211999979,61.676782935000062,0.0],[-149.032542825999968,61.676700607000043,0.0]]]]}},
{"type":"Feature","properties":{"OBJECTID":59979,"ParcelType":1,"P_ID":78033,"ACCOUNT":"3492B14L014","TAXID_LOKI":"53492B14L014","ACRES":0.1148835,"TAXACRE":0.11,"ORIGACRE":0.11,"FTYPE":"PARCEL","GENOWN":"NATIVE CORP","BUYLEASE":"N","OWNER_1":"EKLUTNA INC","NAME_2":"","MAILING_ADDRESS_LINE_A":"# 201","MAILING_ADDRESS_LINE_B":"16515  CENTERFIELD DR ","MAILING_ADDRESS_CITY":"EAGLE RIVER","MAILING_ADDRESS_STATE":"AK","MAILING_ADDRESS_ZIP":"99577-7719","Buyer_Name":"","Buyer_Name_2":"","Buyer_Mailing_Address_A":"","Buyer_Mailing_Address_B":"","Buyer_Mailing_Address_City":"","Buyer_Mailing_Address_State":"","Buyer_Mailing_Address_Zip":"","MERIDIAN":"S","TWP_NUM":"18","TWP_NS":"N","RNG_NUM":"02","RNG_EW":"E","SECT_NUM":"02","GRIDNAME":"PA","GRIDNUM":"03","LANDVALUE":800.0,"LANDASSD":0.0,"BLDGVALUE":0.0,"BLDGASSD":0.0,"GENAREA":"3661","NBHD":"B_EXCEPT_A1","TAXZONE":"0020","CITY":"","COMMCOUN":"2","FSA":"004","RSA":"031","SSA_1":"","SSA_2":"","ESN":21,"ECN":15,"ASSMBDISTRICT":"1","VOTINGPRCNT":"29-530","DFIRM":"02170C7300E","SPUD":"Sutton","SUBDNUM":3492,"LEGAL":"MOOSE TWNST                        BLOCK 14 LOT 14","DOC1_DATE":"1988-10-03T00:00:00Z","DOC1_TYPE":"Patent","DOC1_RCRD":"Palmer-Bk 563 Pg 162","DOC2_DATE":null,"DOC2_TYPE":"","DOC2_RCRD":"","LANDUSE":"","RESUNIT":0.0,"MHUNIT":0.0,"DUPLEXUNIT":0.0,"MULTIUNIT":0.0,"GQUNIT":0.0,"MH_PK_UNIT":0.0,"BLDG_USE1":"","BLDG_USE2":"","BLDG_USE3":"","BLDG_USE4":"","BLDG_USE5":"","BLDG_USE6":"","Photo":"https://ecommerce.matsugov.us/assessment/Pages/Photos.aspx?isDLG=1&P_ID=78033","GlobalID":"{61A8B396-E0DA-4D40-BA86-10915E343AC9}","Shape_Length":0.0014229839866624009,"Shape_Area":7.8796329116900462e-08},"geometry":{"type":"MultiPolygon","coordinates":[[[[-149.033231959999966,61.676699768000049,0.0],[-149.033806238999972,61.676699061000079,0.0],[-149.033806895999959,61.676836267000056,0.0],[-149.03323260999997,61.67683697700005,0.0],[-149.033231959999966,61.676699768000049,0.0]]]]}},
{"type":"Feature","properties":{"OBJECTID":59980,"ParcelType":1,"P_ID":36560,"ACCOUNT":"3492B12L010","TAXID_LOKI":"53492B12L010","ACRES":0.1148989,"TAXACRE":0.11,"ORIGACRE":0.11,"FTYPE":"PARCEL","GENOWN":"NATIVE CORP","BUYLEASE":"N","OWNER_1":"EKLUTNA INC","NAME_2":"","MAILING_ADDRESS_LINE_A":"# 201","MAILING_ADDRESS_LINE_B":"16515  CENTERFIELD DR ","MAILING_ADDRESS_CITY":"EAGLE RIVER","MAILING_ADDRESS_STATE":"AK","MAILING_ADDRESS_ZIP":"99577-7719","Buyer_Name":"","Buyer_Name_2":"","Buyer_Mailing_Address_A":"","Buyer_Mailing_Address_B":"","Buyer_Mailing_Address_City":"","Buyer_Mailing_Address_State":"","Buyer_Mailing_Address_Zip":"","MERIDIAN":"S","TWP_NUM":"18","TWP_NS":"N","RNG_NUM":"02","RNG_EW":"E","SECT_NUM":"02","GRIDNAME":"PA","GRIDNUM":"03","LANDVALUE":800.0,"LANDASSD":0.0,"BLDGVALUE":0.0,"BLDGASSD":0.0,"GENAREA":"3661","NBHD":"B_EXCEPT_A1","TAXZONE":"0020","CITY":"","COMMCOUN":"2","FSA":"004","RSA":"031","SSA_1":"","SSA_2":"","ESN":21,"ECN":15,"ASSMBDISTRICT":"1","VOTINGPRCNT":"29-530","DFIRM":"02170C7300E","SPUD":"Sutton","SUBDNUM":3492,"LEGAL":"MOOSE TWNST                        BLOCK 12 LOT 10","DOC1_DATE":"1988-10-03T00:00:00Z","DOC1_TYPE":"Patent","DOC1_RCRD":"Palmer-Bk 563 Pg 162","DOC2_DATE":null,"DOC2_TYPE":"","DOC2_RCRD":"","LANDUSE":"","RESUNIT":0.0,"MHUNIT":0.0,"DUPLEXUNIT":0.0,"MULTIUNIT":0.0,"GQUNIT":0.0,"MH_PK_UNIT":0.0,"BLDG_USE1":"","BLDG_USE2":"","BLDG_USE3":"","BLDG_USE4":"","BLDG_USE5":"","BLDG_USE6":"","Photo":"https://ecommerce.matsugov.us/assessment/Pages/Photos.aspx?isDLG=1&P_ID=36560","GlobalID":"{4AA00968-F9AC-47A1-BC98-3CEF40D4828B}","Shape_Length":0.001423012682461191,"Shape_Area":7.8807023184027374e-08},"geometry":{"type":"MultiPolygon","coordinates":[[[[-149.029958577999963,61.676703687000042,0.0],[-149.030532852999983,61.676703011000029,0.0],[-149.03053348399996,61.676840237000079,0.0],[-149.029959204999983,61.67684091600006,0.0],[-149.029958577999963,61.676703687000042,0.0]]]]}},
{"type":"Feature","properties":{"OBJECTID":59981,"ParcelType":1,"P_ID":84453,"ACCOUNT":"3492B12L003","TAXID_LOKI":"53492B12L003","ACRES":0.11490208,"TAXACRE":0.11,"ORIGACRE":0.11,"FTYPE":"PARCEL","GENOWN":"NATIVE CORP","BUYLEASE":"N","OWNER_1":"EKLUTNA INC","NAME_2":"","MAILING_ADDRESS_LINE_A":"# 201","MAILING_ADDRESS_LINE_B":"16515  CENTERFIELD DR ","MAILING_ADDRESS_CITY":"EAGLE RIVER","MAILING_ADDRESS_STATE":"AK","MAILING_ADDRESS_ZIP":"99577-7719","Buyer_Name":"","Buyer_Name_2":"","Buyer_Mailing_Address_A":"","Buyer_Mailing_Address_B":"","Buyer_Mailing_Address_City":"","Buyer_Mailing_Address_State":"","Buyer_Mailing_Address_Zip":"","MERIDIAN":"S","TWP_NUM":"18","TWP_NS":"N","RNG_NUM":"02","RNG_EW":"E","SECT_NUM":"02","GRIDNAME":"PA","GRIDNUM":"03","LANDVALUE":800.0,"LANDASSD":0.0,"BLDGVALUE":0.0,"BLDGASSD":0.0,"GENAREA":"3661","NBHD":"B_EXCEPT_A1","TAXZONE":"0020","CITY":"","COMMCOUN":"2","FSA":"004","RSA":"031","SSA_1":"","SSA_2":"","ESN":21,"ECN":15,"ASSMBDISTRICT":"1","VOTINGPRCNT":"29-530","DFIRM":"02170C7300E","SPUD":"Sutton","SUBDNUM":3492,"LEGAL":"MOOSE TWNST                        BLOCK 12 LOT 3","DOC1_DATE":"1988-10-03T00:00:00Z","DOC1_TYPE":"Patent","DOC1_RCRD":"Palmer-Bk 563 Pg 162","DOC2_DATE":null,"DOC2_TYPE":"","DOC2_RCRD":"","LANDUSE":"","RESUNIT":0.0,"MHUNIT":0.0,"DUPLEXUNIT":0.0,"MULTIUNIT":0.0,"GQUNIT":0.0,"MH_PK_UNIT":0.0,"BLDG_USE1":"","BLDG_USE2":"","BLDG_USE3":"","BLDG_USE4":"","BLDG_USE5":"","BLDG_USE6":"","Photo":"https://ecommerce.matsugov.us/assessment/Pages/Photos.aspx?isDLG=1&P_ID=84453","GlobalID":"{514C9AC6-CA03-4E3C-8946-7E34B522BC60}","Shape_Length":0.0014230166397264845,"Shape_Area":7.8808822099988326e-08},"geometry":{"type":"MultiPolygon","coordinates":[[[[-149.02926944799998,61.676704493000045,0.0],[-149.029843721999981,61.676703821000046,0.0],[-149.029844348999973,61.676841051000054,0.0],[-149.029270071999974,61.676841725000031,0.0],[-149.02926944799998,61.676704493000045,0.0]]]]}},
{"type":"Feature","properties":{"OBJECTID":59982,"ParcelType":1,"P_ID":43734,"ACCOUNT":"3492B14L004","TAXID_LOKI":"53492B14L004","ACRES":0.06893256,"TAXACRE":0.07,"ORIGACRE":0.07,"FTYPE":"PARCEL","GENOWN":"NATIVE CORP","BUYLEASE":"N","OWNER_1":"EKLUTNA INC","NAME_2":"","MAILING_ADDRESS_LINE_A":"# 201","MAILING_ADDRESS_LINE_B":"16515  CENTERFIELD DR ","MAILING_ADDRESS_CITY":"EAGLE RIVER","MAILING_ADDRESS_STATE":"AK","MAILING_ADDRESS_ZIP":"99577-7719","Buyer_Name":"","Buyer_Name_2":"","Buyer_Mailing_Address_A":"","Buyer_Mailing_Address_B":"","Buyer_Mailing_Address_City":"","Buyer_Mailing_Address_State":"","Buyer_Mailing_Address_Zip":"","MERIDIAN":"S","TWP_NUM":"18","TWP_NS":"N","RNG_NUM":"02","RNG_EW":"E","SECT_NUM":"02","GRIDNAME":"PA","GRIDNUM":"03","LANDVALUE":600.0,"LANDASSD":0.0,"BLDGVALUE":0.0,"BLDGASSD":0.0,"GENAREA":"3661","NBHD":"B_EXCEPT_A1","TAXZONE":"0020","CITY":"","COMMCOUN":"2","FSA":"004","RSA":"031","SSA_1":"","SSA_2":"","ESN":21,"ECN":15,"ASSMBDISTRICT":"1","VOTINGPRCNT":"29-530","DFIRM":"02170C7300E","SPUD":"Sutton","SUBDNUM":3492,"LEGAL":"MOOSE TWNST                        BLOCK 14 LOT 4","DOC1_DATE":"1988-10-03T00:00:00Z","DOC1_TYPE":"Patent","DOC1_RCRD":"Palmer-Bk 563 Pg 162","DOC2_DATE":null,"DOC2_TYPE":"","DOC2_RCRD":"","LANDUSE":"","RESUNIT":0.0,"MHUNIT":0.0,"DUPLEXUNIT":0.0,"MULTIUNIT":0.0,"GQUNIT":0.0,"MH_PK_UNIT":0.0,"BLDG_USE1":"","BLDG_USE2":"","BLDG_USE3":"","BLDG_USE4":"","BLDG_USE5":"","BLDG_USE6":"","Photo":"https://ecommerce.matsugov.us/assessment/Pages/Photos.aspx?isDLG=1&P_ID=43734","GlobalID":"{066B8EEC-2D04-47C1-8FFA-DA267A8A0193}","Shape_Length":0.0013132236974466313,"Shape_Area":4.7279556969474473e-08},"geometry":{"type":"MultiPolygon","coordinates":[[[[-149.032543211999979,61.676782935000062,0.0],[-149.033117493999981,61.676782234000029,0.0],[-149.033117883999978,61.67686456000007,0.0],[-149.032543599999968,61.676865264000071,0.0],[-149.032543211999979,61.676782935000062,0.0]]]]}},
{"type":"Feature","properties":{"OBJECTID":59989,"ParcelType":2,"P_ID":24662,"ACCOUNT":"18N02E02C005","TAXID_LOKI":"118N02E02C005","ACRES":6.94253936,"TAXACRE":6.51,"ORIGACRE":6.51,"FTYPE":"PARCEL","GENOWN":"PRIVATE","BUYLEASE":"N","OWNER_1":"GREGG RICHARD & VIVIAN","NAME_2":"","MAILING_ADDRESS_LINE_A":"","MAILING_ADDRESS_LINE_B":"PO BOX 75","MAILING_ADDRESS_CITY":"PALMER","MAILING_ADDRESS_STATE":"AK","MAILING_ADDRESS_ZIP":"99645-0075","Buyer_Name":"","Buyer_Name_2":"","Buyer_Mailing_Address_A":"","Buyer_Mailing_Address_B":"","Buyer_Mailing_Address_City":"","Buyer_Mailing_Address_State":"","Buyer_Mailing_Address_Zip":"","MERIDIAN":"S","TWP_NUM":"18","TWP_NS":"N","RNG_NUM":"02","RNG_EW":"E","SECT_NUM":"02","GRIDNAME":"PA","GRIDNUM":"03","LANDVALUE":44900.0,"LANDASSD":0.0,"BLDGVALUE":265100.0,"BLDGASSD":24741.0,"GENAREA":"3661","NBHD":"B_EXCEPT_A1","TAXZONE":"0109","CITY":"","COMMCOUN":"24","FSA":"132","RSA":"031","SSA_1":"","SSA_2":"","ESN":19,"ECN":14,"ASSMBDISTRICT":"1","VOTINGPRCNT":"29-505","DFIRM":"02170C7300E","SPUD":null,"SUBDNUM":0,"LEGAL":"TOWNSHIP 18N RANGE 2E              SECTION 2 LOT C5","DOC1_DATE":"2024-09-16T00:00:00Z","DOC1_TYPE":"TRANSFER ON DEATH","DOC1_RCRD":"Palmer-Bk  Pg ","DOC2_DATE":"2003-05-09T00:00:00Z","DOC2_TYPE":"WARRANTY DEED (ALL TYPES)","DOC2_RCRD":"Palmer-Bk  Pg 0","LANDUSE":"","RESUNIT":1.0,"MHUNIT":0.0,"DUPLEXUNIT":0.0,"MULTIUNIT":0.0,"GQUNIT":0.0,"MH_PK_UNIT":0.0,"BLDG_USE1":"1100","BLDG_USE2":"1110","BLDG_USE3":"","BLDG_USE4":"","BLDG_USE5":"","BLDG_USE6":"","Photo":"https://ecommerce.matsugov.us/assessment/Pages/Photos.aspx?isDLG=1&P_ID=24662","GlobalID":"{47B777F1-CCA4-4014-999D-926AD89D657C}","Shape_Length":0.010106468994457815,"Shape_Area":4.7617164671582268e-06},"geometry":{"type":"MultiPolygon","coordinates":[[[[-149.053823667999978,61.676012145000072,0.0],[-149.057616403999958,61.675668521000034,0.0],[-149.057616390999982,61.675778220000041,0.0],[-149.057616244999963,61.677100212000028,0.0],[-149.053831292999973,61.677093668000055,0.0],[-149.053823667999978,61.676012145000072,0.0]]]]}},
{"type":"Feature","properties":{"OBJECTID":59991,"ParcelType":1,"P_ID":76324,"ACCOUNT":"3492B14L003","TAXID_LOKI":"53492B14L003","ACRES":0.06893219,"TAXACRE":0.07,"ORIGACRE":0.07,"FTYPE":"PARCEL","GENOWN":"NATIVE CORP","BUYLEASE":"N","OWNER_1":"EKLUTNA INC","NAME_2":"","MAILING_ADDRESS_LINE_A":"# 201","MAILING_ADDRESS_LINE_B":"16515  CENTERFIELD DR ","MAILING_ADDRESS_CITY":"EAGLE RIVER","MAILING_ADDRESS_STATE":"AK","MAILING_ADDRESS_ZIP":"99577-7719","Buyer_Name":"","Buyer_Name_2":"","Buyer_Mailing_Address_A":"","Buyer_Mailing_Address_B":"","Buyer_Mailing_Address_City":"","Buyer_Mailing_Address_State":"","Buyer_Mailing_Address_Zip":"","MERIDIAN":"S","TWP_NUM":"18","TWP_NS":"N","RNG_NUM":"02","RNG_EW":"E","SECT_NUM":"02","GRIDNAME":"PA","GRIDNUM":"03","LANDVALUE":600.0,"LANDASSD":0.0,"BLDGVALUE":0.0,"BLDGASSD":0.0,"GENAREA":"3661","NBHD":"B_EXCEPT_A1","TAXZONE":"0020","CITY":"","COMMCOUN":"2","FSA":"004","RSA":"031","SSA_1":"","SSA_2":"","ESN":21,"ECN":15,"ASSMBDISTRICT":"1","VOTINGPRCNT":"29-530","DFIRM":"02170C7300E","SPUD":"Sutton","SUBDNUM":3492,"LEGAL":"MOOSE TWNST                        BLOCK 14 LOT 3","DOC1_DATE":"1988-10-03T00:00:00Z","DOC1_TYPE":"Patent","DOC1_RCRD":"Palmer-Bk 563 Pg 162","DOC2_DATE":null,"DOC2_TYPE":"","DOC2_RCRD":"","LANDUSE":"","RESUNIT":0.0,"MHUNIT":0.0,"DUPLEXUNIT":0.0,"MULTIUNIT":0.0,"GQUNIT":0.0,"MH_PK_UNIT":0.0,"BLDG_USE1":"","BLDG_USE2":"","BLDG_USE3":"","BLDG_USE4":"","BLDG_USE5":"","BLDG_USE6":"","Photo":"https://ecommerce.matsugov.us/assessment/Pages/Photos.aspx?isDLG=1&P_ID=76324","GlobalID":"{16DD2468-C2B7-4D8D-A6CA-F41CB89E3FC4}","Shape_Length":0.0013132256987428031,"Shape_Area":4.7279393908714243e-08},"geometry":{"type":"MultiPolygon","coordinates":[[[[-149.032543599999968,61.676865264000071,0.0],[-149.033117883999978,61.67686456000007,0.0],[-149.033118272999957,61.676946886000053,0.0],[-149.032543987999958,61.676947592000033,0.0],[-149.032543599999968,61.676865264000071,0.0]]]]}},
{"type":"Feature","properties":{"OBJECTID":59992,"ParcelType":2,"P_ID":34085,"ACCOUNT":"18N02E02C006","TAXID_LOKI":"118N02E02C006","ACRES":4.62618297,"TAXACRE":5.0,"ORIGACRE":5.0,"FTYPE":"PARCEL","GENOWN":"PRIVATE","BUYLEASE":"N","OWNER_1":"FACKLAM WADE L & AMY S","NAME_2":"","MAILING_ADDRESS_LINE_A":"","MAILING_ADDRESS_LINE_B":"PO BOX 2175","MAILING_ADDRESS_CITY":"PALMER","MAILING_ADDRESS_STATE":"AK","MAILING_ADDRESS_ZIP":"99645-2175","Buyer_Name":"","Buyer_Name_2":"","Buyer_Mailing_Address_A":"","Buyer_Mailing_Address_B":"","Buyer_Mailing_Address_City":"","Buyer_Mailing_Address_State":"","Buyer_Mailing_Address_Zip":"","MERIDIAN":"S","TWP_NUM":"18","TWP_NS":"N","RNG_NUM":"02","RNG_EW":"E","SECT_NUM":"02","GRIDNAME":"PA","GRIDNUM":"03","LANDVALUE":40300.0,"LANDASSD":40300.0,"BLDGVALUE":6500.0,"BLDGASSD":6500.0,"GENAREA":"3661","NBHD":"B_EXCEPT_A1","TAXZONE":"0109","CITY":"","COMMCOUN":"24","FSA":"132","RSA":"031","SSA_1":"","SSA_2":"","ESN":19,"ECN":14,"ASSMBDISTRICT":"1","VOTINGPRCNT":"29-505","DFIRM":"02170C7300E","SPUD":null,"SUBDNUM":0,"LEGAL":"TOWNSHIP 18N RANGE 2E              SECTION 2 LOT C6","DOC1_DATE":"2011-07-26T00:00:00Z","DOC1_TYPE":"WARRANTY DEED (ALL TYPES)","DOC1_RCRD":"Palmer-Bk  Pg ","DOC2_DATE":"1985-04-09T00:00:00Z","DOC2_TYPE":"WARRANTY DEED (ALL TYPES)","DOC2_RCRD":"Palmer-Bk 411 Pg 280","LANDUSE":"","RESUNIT":0.0,"MHUNIT":0.0,"DUPLEXUNIT":0.0,"MULTIUNIT":0.0,"GQUNIT":0.0,"MH_PK_UNIT":0.0,"BLDG_USE1":"","BLDG_USE2":"","BLDG_USE3":"","BLDG_USE4":"","BLDG_USE5":"","BLDG_USE6":"","Photo":"https://ecommerce.matsugov.us/assessment/Pages/Photos.aspx?isDLG=1&P_ID=34085","GlobalID":"{B8CBEA9E-2F0D-4B9D-8E48-147AC434F992}","Shape_Length":0.0092360887752665193,"Shape_Area":3.194925100712675e-06},"geometry":{"type":"MultiPolygon","coordinates":[[[[-149.050036102999968,61.676557051000032,0.0],[-149.050499379999962,61.676466074000075,0.0],[-149.05096783999997,61.676381303000028,0.0],[-149.051441113999971,61.676302803000056,0.0],[-149.051918830999966,61.676230636000071,0.0],[-149.052400613999964,61.67616485800005,0.0],[-149.052886086999962,61.676105522000057,0.0],[-149.053374868999981,61.676052674000061,0.0],[-149.053823667999978,61.676012145000072,0.0],[-149.053831292999973,61.677093668000055,0.0],[-149.050035256999962,61.677086882000083,0.0],[-149.050036102999968,61.676557051000032,0.0]]]]}},
{"type":"Feature","properties":{"OBJECTID":59993,"ParcelType":1,"P_ID":85037,"ACCOUNT":"3492B14L015","TAXID_LOKI":"53492B14L015","ACRES":0.11488465,"TAXACRE":0.11,"ORIGACRE":0.11,"FTYPE":"PARCEL","GENOWN":"NATIVE CORP","BUYLEASE":"N","OWNER_1":"EKLUTNA INC","NAME_2":"","MAILING_ADDRESS_LINE_A":"# 201","MAILING_ADDRESS_LINE_B":"16515  CENTERFIELD DR ","MAILING_ADDRESS_CITY":"EAGLE RIVER","MAILING_ADDRESS_STATE":"AK","MAILING_ADDRESS_ZIP":"99577-7719","Buyer_Name":"","Buyer_Name_2":"","Buyer_Mailing_Address_A":"","Buyer_Mailing_Address_B":"","Buyer_Mailing_Address_City":"","Buyer_Mailing_Address_State":"","Buyer_Mailing_Address_Zip":"","MERIDIAN":"S","TWP_NUM":"18","TWP_NS":"N","RNG_NUM":"02","RNG_EW":"E","SECT_NUM":"02","GRIDNAME":"PA","GRIDNUM":"03","LANDVALUE":800.0,"LANDASSD":0.0,"BLDGVALUE":0.0,"BLDGASSD":0.0,"GENAREA":"3661","NBHD":"B_EXCEPT_A1","TAXZONE":"0020","CITY":"","COMMCOUN":"2","FSA":"004","RSA":"031","SSA_1":"","SSA_2":"","ESN":21,"ECN":15,"ASSMBDISTRICT":"1","VOTINGPRCNT":"29-530","DFIRM":"02170C7300E","SPUD":"Sutton","SUBDNUM":3492,"LEGAL":"MOOSE TWNST                        BLOCK 14 LOT 15","DOC1_DATE":"1988-10-03T00:00:00Z","DOC1_TYPE":"Patent","DOC1_RCRD":"Palmer-Bk 563 Pg 162","DOC2_DATE":null,"DOC2_TYPE":"","DOC2_RCRD":"","LANDUSE":"","RESUNIT":0.0,"MHUNIT":0.0,"DUPLEXUNIT":0.0,"MULTIUNIT":0.0,"GQUNIT":0.0,"MH_PK_UNIT":0.0,"BLDG_USE1":"","BLDG_USE2":"","BLDG_USE3":"","BLDG_USE4":"","BLDG_USE5":"","BLDG_USE6":"","Photo":"https://ecommerce.matsugov.us/assessment/Pages/Photos.aspx?isDLG=1&P_ID=85037","GlobalID":"{15FF7DAE-B43F-4B81-8931-6FDE1CE44903}","Shape_Length":0.0014229949892335294,"Shape_Area":7.8797522451980925e-08},"geometry":{"type":"MultiPolygon","coordinates":[[[[-149.03323260999997,61.67683697700005,0.0],[-149.033806895999959,61.676836267000056,0.0],[-149.033807549999977,61.676973474000079,0.0],[-149.033233261999982,61.676974187000042,0.0],[-149.03323260999997,61.67683697700005,0.0]]]]}},
{"type":"Feature","properties":{"OBJECTID":59995,"ParcelType":1,"P_ID":13207,"ACCOUNT":"3492B12L011","TAXID_LOKI":"53492B12L011","ACRES":0.11489932,"TAXACRE":0.11,"ORIGACRE":0.11,"FTYPE":"PARCEL","GENOWN":"NATIVE CORP","BUYLEASE":"N","OWNER_1":"EKLUTNA INC","NAME_2":"","MAILING_ADDRESS_LINE_A":"# 201","MAILING_ADDRESS_LINE_B":"16515  CENTERFIELD DR ","MAILING_ADDRESS_CITY":"EAGLE RIVER","MAILING_ADDRESS_STATE":"AK","MAILING_ADDRESS_ZIP":"99577-7719","Buyer_Name":"","Buyer_Name_2":"","Buyer_Mailing_Address_A":"","Buyer_Mailing_Address_B":"","Buyer_Mailing_Address_City":"","Buyer_Mailing_Address_State":"","Buyer_Mailing_Address_Zip":"","MERIDIAN":"S","TWP_NUM":"18","TWP_NS":"N","RNG_NUM":"02","RNG_EW":"E","SECT_NUM":"02","GRIDNAME":"PA","GRIDNUM":"03","LANDVALUE":800.0,"LANDASSD":0.0,"BLDGVALUE":0.0,"BLDGASSD":0.0,"GENAREA":"3661","NBHD":"B_EXCEPT_A1","TAXZONE":"0020","CITY":"","COMMCOUN":"2","FSA":"004","RSA":"031","SSA_1":"","SSA_2":"","ESN":21,"ECN":15,"ASSMBDISTRICT":"1","VOTINGPRCNT":"29-530","DFIRM":"02170C7300E","SPUD":"Sutton","SUBDNUM":3492,"LEGAL":"MOOSE TWNST                        BLOCK 12 LOT 11","DOC1_DATE":"1988-10-03T00:00:00Z","DOC1_TYPE":"Patent","DOC1_RCRD":"Palmer-Bk 563 Pg 162","DOC2_DATE":null,"DOC2_TYPE":"","DOC2_RCRD":"","LANDUSE":"","RESUNIT":0.0,"MHUNIT":0.0,"DUPLEXUNIT":0.0,"MULTIUNIT":0.0,"GQUNIT":0.0,"MH_PK_UNIT":0.0,"BLDG_USE1":"","BLDG_USE2":"","BLDG_USE3":"","BLDG_USE4":"","BLDG_USE5":"","BLDG_USE6":"","Photo":"https://ecommerce.matsugov.us/assessment/Pages/Photos.aspx?isDLG=1&P_ID=13207","GlobalID":"{D2268421-9D49-4A0B-B359-507526D9F564}","Shape_Length":0.0014230207136434019,"Shape_Area":7.8807357455107702e-08},"geometry":{"type":"MultiPolygon","coordinates":[[[[-149.029959204999983,61.67684091600006,0.0],[-149.03053348399996,61.676840237000079,0.0],[-149.030534117999963,61.676977462000082,0.0],[-149.029959833999982,61.676978145000078,0.0],[-149.029959204999983,61.67684091600006,0.0]]]]}},
{"type":"Feature","properties":{"OBJECTID":59996,"ParcelType":1,"P_ID":39491,"ACCOUNT":"3492B12L002","TAXID_LOKI":"53492B12L002","ACRES":0.11490267,"TAXACRE":0.11,"ORIGACRE":0.11,"FTYPE":"PARCEL","GENOWN":"NATIVE CORP","BUYLEASE":"N","OWNER_1":"EKLUTNA INC","NAME_2":"","MAILING_ADDRESS_LINE_A":"# 201","MAILING_ADDRESS_LINE_B":"16515  CENTERFIELD DR ","MAILING_ADDRESS_CITY":"EAGLE RIVER","MAILING_ADDRESS_STATE":"AK","MAILING_ADDRESS_ZIP":"99577-7719","Buyer_Name":"","Buyer_Name_2":"","Buyer_Mailing_Address_A":"","Buyer_Mailing_Address_B":"","Buyer_Mailing_Address_City":"","Buyer_Mailing_Address_State":"","Buyer_Mailing_Address_Zip":"","MERIDIAN":"S","TWP_NUM":"18","TWP_NS":"N","RNG_NUM":"02","RNG_EW":"E","SECT_NUM":"02","GRIDNAME":"PA","GRIDNUM":"03","LANDVALUE":800.0,"LANDASSD":0.0,"BLDGVALUE":0.0,"BLDGASSD":0.0,"GENAREA":"3661","NBHD":"B_EXCEPT_A1","TAXZONE":"0020","CITY":"","COMMCOUN":"2","FSA":"004","RSA":"031","SSA_1":"","SSA_2":"","ESN":21,"ECN":15,"ASSMBDISTRICT":"1","VOTINGPRCNT":"29-530","DFIRM":"02170C7300E","SPUD":"Sutton","SUBDNUM":3492,"LEGAL":"MOOSE TWNST                        BLOCK 12 LOT 2","DOC1_DATE":"1988-10-03T00:00:00Z","DOC1_TYPE":"Patent","DOC1_RCRD":"Palmer-Bk 563 Pg 162","DOC2_DATE":null,"DOC2_TYPE":"","DOC2_RCRD":"","LANDUSE":"","RESUNIT":0.0,"MHUNIT":0.0,"DUPLEXUNIT":0.0,"MULTIUNIT":0.0,"GQUNIT":0.0,"MH_PK_UNIT":0.0,"BLDG_USE1":"","BLDG_USE2":"","BLDG_USE3":"","BLDG_USE4":"","BLDG_USE5":"","BLDG_USE6":"","Photo":"https://ecommerce.matsugov.us/assessment/Pages/Photos.aspx?isDLG=1&P_ID=39491","GlobalID":"{F87770FC-50F2-40DB-B0C4-162CB7D1AA9C}","Shape_Length":0.0014230256513728798,"Shape_Area":7.8809878913012072e-08},"geometry":{"type":"MultiPolygon","coordinates":[[[[-149.029270071999974,61.676841725000031,0.0],[-149.029844348999973,61.676841051000054,0.0],[-149.029844976999982,61.676978281000061,0.0],[-149.029270695999969,61.676978959000053,0.0],[-149.029270071999974,61.676841725000031,0.0]]]]}},
{"type":"Feature","properties":{"OBJECTID":60001,"ParcelType":1,"P_ID":76295,"ACCOUNT":"3492B14L002","TAXID_LOKI":"53492B14L002","ACRES":0.06893307,"TAXACRE":0.07,"ORIGACRE":0.07,"FTYPE":"PARCEL","GENOWN":"NATIVE CORP","BUYLEASE":"N","OWNER_1":"EKLUTNA INC","NAME_2":"","MAILING_ADDRESS_LINE_A":"# 201","MAILING_ADDRESS_LINE_B":"16515  CENTERFIELD DR ","MAILING_ADDRESS_CITY":"EAGLE RIVER","MAILING_ADDRESS_STATE":"AK","MAILING_ADDRESS_ZIP":"99577-7719","Buyer_Name":"","Buyer_Name_2":"","Buyer_Mailing_Address_A":"","Buyer_Mailing_Address_B":"","Buyer_Mailing_Address_City":"","Buyer_Mailing_Address_State":"","Buyer_Mailing_Address_Zip":"","MERIDIAN":"S","TWP_NUM":"18","TWP_NS":"N","RNG_NUM":"02","RNG_EW":"E","SECT_NUM":"02","GRIDNAME":"PA","GRIDNUM":"03","LANDVALUE":600.0,"LANDASSD":0.0,"BLDGVALUE":0.0,"BLDGASSD":0.0,"GENAREA":"3661","NBHD":"B_EXCEPT_A1","TAXZONE":"0020","CITY":"","COMMCOUN":"2","FSA":"004","RSA":"031","SSA_1":"","SSA_2":"","ESN":21,"ECN":15,"ASSMBDISTRICT":"1","VOTINGPRCNT":"29-530","DFIRM":"02170C7300E","SPUD":"Sutton","SUBDNUM":3492,"LEGAL":"MOOSE TWNST                        BLOCK 14 LOT 2","DOC1_DATE":"1988-10-03T00:00:00Z","DOC1_TYPE":"Patent","DOC1_RCRD":"Palmer-Bk 563 Pg 162","DOC2_DATE":null,"DOC2_TYPE":"","DOC2_RCRD":"","LANDUSE":"","RESUNIT":0.0,"MHUNIT":0.0,"DUPLEXUNIT":0.0,"MULTIUNIT":0.0,"GQUNIT":0.0,"MH_PK_UNIT":0.0,"BLDG_USE1":"","BLDG_USE2":"","BLDG_USE3":"","BLDG_USE4":"","BLDG_USE5":"","BLDG_USE6":"","Photo":"https://ecommerce.matsugov.us/assessment/Pages/Photos.aspx?isDLG=1&P_ID=76295","GlobalID":"{5A3524F1-F41F-423D-AA96-690E1AF49D7D}","Shape_Length":0.0013132317167218552,"Shape_Area":4.727988854082797e-08},"geometry":{"type":"MultiPolygon","coordinates":[[[[-149.032543987999958,61.676947592000033,0.0],[-149.033118272999957,61.676946886000053,0.0],[-149.033118664999961,61.677029213000083,0.0],[-149.032544375999976,61.677029920000052,0.0],[-149.032543987999958,61.676947592000033,0.0]]]]}},
{"type":"Feature","properties":{"OBJECTID":60007,"ParcelType":1,"P_ID":11214,"ACCOUNT":"3492B15L002","TAXID_LOKI":"53492B15L002","ACRES":1.34402047,"TAXACRE":1.38,"ORIGACRE":1.38,"FTYPE":"PARCEL","GENOWN":"NATIVE CORP","BUYLEASE":"N","OWNER_1":"EKLUTNA INC","NAME_2":"","MAILING_ADDRESS_LINE_A":"# 201","MAILING_ADDRESS_LINE_B":"16515  CENTERFIELD DR ","MAILING_ADDRESS_CITY":"EAGLE RIVER","MAILING_ADDRESS_STATE":"AK","MAILING_ADDRESS_ZIP":"99577-7719","Buyer_Name":"","Buyer_Name_2":"","Buyer_Mailing_Address_A":"","Buyer_Mailing_Address_B":"","Buyer_Mailing_Address_City":"","Buyer_Mailing_Address_State":"","Buyer_Mailing_Address_Zip":"","MERIDIAN":"S","TWP_NUM":"18","TWP_NS":"N","RNG_NUM":"02","RNG_EW":"E","SECT_NUM":"02","GRIDNAME":"PA","GRIDNUM":"03","LANDVALUE":4600.0,"LANDASSD":0.0,"BLDGVALUE":0.0,"BLDGASSD":0.0,"GENAREA":"3661","NBHD":"B_EXCEPT_A1","TAXZONE":"0020","CITY":"","COMMCOUN":"2","FSA":"004","RSA":"031","SSA_1":"","SSA_2":"","ESN":21,"ECN":15,"ASSMBDISTRICT":"1","VOTINGPRCNT":"29-530","DFIRM":"02170C7300E","SPUD":"Sutton","SUBDNUM":3492,"LEGAL":"MOOSE TWNST                        BLOCK 15 LOT 2","DOC1_DATE":"1988-10-03T00:00:00Z","DOC1_TYPE":"Patent","DOC1_RCRD":"Palmer-Bk 563 Pg 162","DOC2_DATE":null,"DOC2_TYPE":"","DOC2_RCRD":"","LANDUSE":"","RESUNIT":0.0,"MHUNIT":0.0,"DUPLEXUNIT":0.0,"MULTIUNIT":0.0,"GQUNIT":0.0,"MH_PK_UNIT":0.0,"BLDG_USE1":"","BLDG_USE2":"","BLDG_USE3":"","BLDG_USE4":"","BLDG_USE5":"","BLDG_USE6":"","Photo":"https://ecommerce.matsugov.us/assessment/Pages/Photos.aspx?isDLG=1&P_ID=11214","GlobalID":"{C61493EC-6118-4EAD-BC77-B2BAEAFED327}","Shape_Length":0.0038860655656865603,"Shape_Area":9.2183419217148008e-07},"geometry":{"type":"MultiPolygon","coordinates":[[[[-149.035383517999975,61.676285494000069,0.0],[-149.036503340999957,61.676284079000027,0.0],[-149.036507400999966,61.677107232000083,0.0],[-149.035387518999983,61.67710868000006,0.0],[-149.035383517999975,61.676285494000069,0.0]]]]}},
{"type":"Feature","properties":{"OBJECTID":60008,"ParcelType":1,"P_ID":10082,"ACCOUNT":"3492B15L001","TAXID_LOKI":"53492B15L001","ACRES":1.34406984,"TAXACRE":1.38,"ORIGACRE":1.38,"FTYPE":"PARCEL","GENOWN":"NATIVE CORP","BUYLEASE":"N","OWNER_1":"EKLUTNA INC","NAME_2":"","MAILING_ADDRESS_LINE_A":"# 201","MAILING_ADDRESS_LINE_B":"16515  CENTERFIELD DR ","MAILING_ADDRESS_CITY":"EAGLE RIVER","MAILING_ADDRESS_STATE":"AK","MAILING_ADDRESS_ZIP":"99577-7719","Buyer_Name":"","Buyer_Name_2":"","Buyer_Mailing_Address_A":"","Buyer_Mailing_Address_B":"","Buyer_Mailing_Address_City":"","Buyer_Mailing_Address_State":"","Buyer_Mailing_Address_Zip":"","MERIDIAN":"S","TWP_NUM":"18","TWP_NS":"N","RNG_NUM":"02","RNG_EW":"E","SECT_NUM":"02","GRIDNAME":"PA","GRIDNUM":"03","LANDVALUE":4600.0,"LANDASSD":0.0,"BLDGVALUE":0.0,"BLDGASSD":0.0,"GENAREA":"3661","NBHD":"B_EXCEPT_A1","TAXZONE":"0020","CITY":"","COMMCOUN":"2","FSA":"004","RSA":"031","SSA_1":"","SSA_2":"","ESN":21,"ECN":15,"ASSMBDISTRICT":"1","VOTINGPRCNT":"29-530","DFIRM":"02170C7300E","SPUD":"Sutton","SUBDNUM":3492,"LEGAL":"MOOSE TWNST                        BLOCK 15 LOT 1","DOC1_DATE":"1988-10-03T00:00:00Z","DOC1_TYPE":"Patent","DOC1_RCRD":"Palmer-Bk 563 Pg 162","DOC2_DATE":null,"DOC2_TYPE":"","DOC2_RCRD":"","LANDUSE":"","RESUNIT":0.0,"MHUNIT":0.0,"DUPLEXUNIT":0.0,"MULTIUNIT":0.0,"GQUNIT":0.0,"MH_PK_UNIT":0.0,"BLDG_USE1":"","BLDG_USE2":"","BLDG_USE3":"","BLDG_USE4":"","BLDG_USE5":"","BLDG_USE6":"","Photo":"https://ecommerce.matsugov.us/assessment/Pages/Photos.aspx?isDLG=1&P_ID=10082","GlobalID":"{9BEBC2EB-45DD-491B-AB07-4F21F2A6A815}","Shape_Length":0.0038861239459791024,"Shape_Area":9.2186823150673426e-07},"geometry":{"type":"MultiPolygon","coordinates":[[[[-149.034263696999972,61.676286883000046,0.0],[-149.035383517999975,61.676285494000069,0.0],[-149.035387518999983,61.67710868000006,0.0],[-149.034267642999964,61.677110103000075,0.0],[-149.034263696999972,61.676286883000046,0.0]]]]}},
{"type":"Feature","properties":{"OBJECTID":60010,"ParcelType":1,"P_ID":73472,"ACCOUNT":"3492B14L016","TAXID_LOKI":"53492B14L016","ACRES":0.11488526,"TAXACRE":0.11,"ORIGACRE":0.11,"FTYPE":"PARCEL","GENOWN":"NATIVE CORP","BUYLEASE":"N","OWNER_1":"EKLUTNA INC","NAME_2":"","MAILING_ADDRESS_LINE_A":"# 201","MAILING_ADDRESS_LINE_B":"16515  CENTERFIELD DR ","MAILING_ADDRESS_CITY":"EAGLE RIVER","MAILING_ADDRESS_STATE":"AK","MAILING_ADDRESS_ZIP":"99577-7719","Buyer_Name":"","Buyer_Name_2":"","Buyer_Mailing_Address_A":"","Buyer_Mailing_Address_B":"","Buyer_Mailing_Address_City":"","Buyer_Mailing_Address_State":"","Buyer_Mailing_Address_Zip":"","MERIDIAN":"S","TWP_NUM":"18","TWP_NS":"N","RNG_NUM":"02","RNG_EW":"E","SECT_NUM":"02","GRIDNAME":"PA","GRIDNUM":"03","LANDVALUE":800.0,"LANDASSD":0.0,"BLDGVALUE":0.0,"BLDGASSD":0.0,"GENAREA":"3661","NBHD":"B_EXCEPT_A1","TAXZONE":"0020","CITY":"","COMMCOUN":"2","FSA":"004","RSA":"031","SSA_1":"","SSA_2":"","ESN":21,"ECN":15,"ASSMBDISTRICT":"1","VOTINGPRCNT":"29-530","DFIRM":"02170C7300E","SPUD":"Sutton","SUBDNUM":3492,"LEGAL":"MOOSE TWNST                        BLOCK 14 LOT 16","DOC1_DATE":"1988-10-03T00:00:00Z","DOC1_TYPE":"Patent","DOC1_RCRD":"Palmer-Bk 563 Pg 162","DOC2_DATE":null,"DOC2_TYPE":"","DOC2_RCRD":"","LANDUSE":"","RESUNIT":0.0,"MHUNIT":0.0,"DUPLEXUNIT":0.0,"MULTIUNIT":0.0,"GQUNIT":0.0,"MH_PK_UNIT":0.0,"BLDG_USE1":"","BLDG_USE2":"","BLDG_USE3":"","BLDG_USE4":"","BLDG_USE5":"","BLDG_USE6":"","Photo":"https://ecommerce.matsugov.us/assessment/Pages/Photos.aspx?isDLG=1&P_ID=73472","GlobalID":"{2B1E6EE0-5893-443B-826A-4A57EDDA7102}","Shape_Length":0.0014230010252852243,"Shape_Area":7.8797938165140391e-08},"geometry":{"type":"MultiPolygon","coordinates":[[[[-149.033233261999982,61.676974187000042,0.0],[-149.033807549999977,61.676973474000079,0.0],[-149.033808207999982,61.677110681000045,0.0],[-149.033233915999972,61.677111397000033,0.0],[-149.033233261999982,61.676974187000042,0.0]]]]}},
{"type":"Feature","properties":{"OBJECTID":60011,"ParcelType":1,"P_ID":20295,"ACCOUNT":"3492B14L001","TAXID_LOKI":"53492B14L001","ACRES":0.06893293,"TAXACRE":0.07,"ORIGACRE":0.07,"FTYPE":"PARCEL","GENOWN":"NATIVE CORP","BUYLEASE":"N","OWNER_1":"EKLUTNA INC","NAME_2":"","MAILING_ADDRESS_LINE_A":"# 201","MAILING_ADDRESS_LINE_B":"16515  CENTERFIELD DR ","MAILING_ADDRESS_CITY":"EAGLE RIVER","MAILING_ADDRESS_STATE":"AK","MAILING_ADDRESS_ZIP":"99577-7719","Buyer_Name":"","Buyer_Name_2":"","Buyer_Mailing_Address_A":"","Buyer_Mailing_Address_B":"","Buyer_Mailing_Address_City":"","Buyer_Mailing_Address_State":"","Buyer_Mailing_Address_Zip":"","MERIDIAN":"S","TWP_NUM":"18","TWP_NS":"N","RNG_NUM":"02","RNG_EW":"E","SECT_NUM":"02","GRIDNAME":"PA","GRIDNUM":"03","LANDVALUE":600.0,"LANDASSD":0.0,"BLDGVALUE":0.0,"BLDGASSD":0.0,"GENAREA":"3661","NBHD":"B_EXCEPT_A1","TAXZONE":"0020","CITY":"","COMMCOUN":"2","FSA":"004","RSA":"031","SSA_1":"","SSA_2":"","ESN":21,"ECN":15,"ASSMBDISTRICT":"1","VOTINGPRCNT":"29-530","DFIRM":"02170C7300E","SPUD":"Sutton","SUBDNUM":3492,"LEGAL":"MOOSE TWNST                        BLOCK 14 LOT 1","DOC1_DATE":"1988-10-03T00:00:00Z","DOC1_TYPE":"Patent","DOC1_RCRD":"Palmer-Bk 563 Pg 162","DOC2_DATE":null,"DOC2_TYPE":"","DOC2_RCRD":"","LANDUSE":"","RESUNIT":0.0,"MHUNIT":0.0,"DUPLEXUNIT":0.0,"MULTIUNIT":0.0,"GQUNIT":0.0,"MH_PK_UNIT":0.0,"BLDG_USE1":"","BLDG_USE2":"","BLDG_USE3":"","BLDG_USE4":"","BLDG_USE5":"","BLDG_USE6":"","Photo":"https://ecommerce.matsugov.us/assessment/Pages/Photos.aspx?isDLG=1&P_ID=20295","GlobalID":"{79D53172-731B-4375-8DA1-E2F8215C8BED}","Shape_Length":0.00131323871684698,"Shape_Area":4.7280177096964855e-08},"geometry":{"type":"MultiPolygon","coordinates":[[[[-149.032544375999976,61.677029920000052,0.0],[-149.033118664999961,61.677029213000083,0.0],[-149.033119055999975,61.677111539000066,0.0],[-149.032544763999965,61.677112249000061,0.0],[-149.032544375999976,61.677029920000052,0.0]]]]}},
{"type":"Feature","properties":{"OBJECTID":60013,"ParcelType":1,"P_ID":38213,"ACCOUNT":"3492B13-200","TAXID_LOKI":"53492B13-200","ACRES":0.6893487,"TAXACRE":0.69,"ORIGACRE":0.69,"FTYPE":"PARCEL","GENOWN":"NATIVE CORP","BUYLEASE":"N","OWNER_1":"EKLUTNA INC","NAME_2":"","MAILING_ADDRESS_LINE_A":"# 201","MAILING_ADDRESS_LINE_B":"16515  CENTERFIELD DR ","MAILING_ADDRESS_CITY":"EAGLE RIVER","MAILING_ADDRESS_STATE":"AK","MAILING_ADDRESS_ZIP":"99577-7719","Buyer_Name":"","Buyer_Name_2":"","Buyer_Mailing_Address_A":"","Buyer_Mailing_Address_B":"","Buyer_Mailing_Address_City":"","Buyer_Mailing_Address_State":"","Buyer_Mailing_Address_Zip":"","MERIDIAN":"S","TWP_NUM":"18","TWP_NS":"N","RNG_NUM":"02","RNG_EW":"E","SECT_NUM":"02","GRIDNAME":"PA","GRIDNUM":"03","LANDVALUE":2300.0,"LANDASSD":0.0,"BLDGVALUE":0.0,"BLDGASSD":0.0,"GENAREA":"3661","NBHD":"B_EXCEPT_A1","TAXZONE":"0020","CITY":"","COMMCOUN":"2","FSA":"004","RSA":"031","SSA_1":"","SSA_2":"","ESN":21,"ECN":15,"ASSMBDISTRICT":"1","VOTINGPRCNT":"29-530","DFIRM":"02170C7300E","SPUD":"Sutton","SUBDNUM":0,"LEGAL":"MOOSE TWNST                        BLOCK 13 200","DOC1_DATE":"1988-10-03T00:00:00Z","DOC1_TYPE":"Patent","DOC1_RCRD":"Palmer-Bk 563 Pg 162","DOC2_DATE":null,"DOC2_TYPE":"","DOC2_RCRD":"","LANDUSE":"","RESUNIT":0.0,"MHUNIT":0.0,"DUPLEXUNIT":0.0,"MULTIUNIT":0.0,"GQUNIT":0.0,"MH_PK_UNIT":0.0,"BLDG_USE1":"","BLDG_USE2":"","BLDG_USE3":"","BLDG_USE4":"","BLDG_USE5":"","BLDG_USE6":"","Photo":"https://ecommerce.matsugov.us/assessment/Pages/Photos.aspx?isDLG=1&P_ID=38213","GlobalID":"{0DB9DE81-E385-4CAB-A74E-6BC0E00223E7}","Shape_Length":0.0027951837011169559,"Shape_Area":4.7280830658429747e-07},"geometry":{"type":"MultiPolygon","coordinates":[[[[-149.031564646999982,61.676290127000073,0.0],[-149.032138912999983,61.676289448000034,0.0],[-149.03214276099996,61.677112742000077,0.0],[-149.031568470999957,61.677113442000064,0.0],[-149.031564646999982,61.676290127000073,0.0]]]]}},
{"type":"Feature","properties":{"OBJECTID":60014,"ParcelType":1,"P_ID":15087,"ACCOUNT":"3492B13-100","TAXID_LOKI":"53492B13-100","ACRES":0.68936838,"TAXACRE":0.69,"ORIGACRE":0.69,"FTYPE":"PARCEL","GENOWN":"FEDERAL","BUYLEASE":"N","OWNER_1":"UNITED STATES OF AMERICA","NAME_2":"DEPT OF INTERIOR BUREAU OF LAND MANAGEME","MAILING_ADDRESS_LINE_A":"% FIELD MGR/ANCH FLD OFFC","MAILING_ADDRESS_LINE_B":"6881 ABBOT LOOP RD","MAILING_ADDRESS_CITY":"ANCHORAGE","MAILING_ADDRESS_STATE":"AK","MAILING_ADDRESS_ZIP":"99507","Buyer_Name":"","Buyer_Name_2":"","Buyer_Mailing_Address_A":"","Buyer_Mailing_Address_B":"","Buyer_Mailing_Address_City":"","Buyer_Mailing_Address_State":"","Buyer_Mailing_Address_Zip":"","MERIDIAN":"S","TWP_NUM":"18","TWP_NS":"N","RNG_NUM":"02","RNG_EW":"E","SECT_NUM":"02","GRIDNAME":"PA","GRIDNUM":"03","LANDVALUE":2300.0,"LANDASSD":0.0,"BLDGVALUE":0.0,"BLDGASSD":0.0,"GENAREA":"3661","NBHD":"B_EXCEPT_A1","TAXZONE":"0020","CITY":"","COMMCOUN":"2","FSA":"004","RSA":"031","SSA_1":"","SSA_2":"","ESN":21,"ECN":15,"ASSMBDISTRICT":"1","VOTINGPRCNT":"29-530","DFIRM":"02170C7300E","SPUD":"Sutton","SUBDNUM":0,"LEGAL":"MOOSE TWNST                        BLOCK 13 100","DOC1_DATE":null,"DOC1_TYPE":"","DOC1_RCRD":"","DOC2_DATE":null,"DOC2_TYPE":"","DOC2_RCRD":"","LANDUSE":"","RESUNIT":0.0,"MHUNIT":0.0,"DUPLEXUNIT":0.0,"MULTIUNIT":0.0,"GQUNIT":0.0,"MH_PK_UNIT":0.0,"BLDG_USE1":"","BLDG_USE2":"","BLDG_USE3":"","BLDG_USE4":"","BLDG_USE5":"","BLDG_USE6":"","Photo":"https://ecommerce.matsugov.us/assessment/Pages/Photos.aspx?isDLG=1&P_ID=15087","GlobalID":"{3E7E1665-CB6B-4853-8E7A-7DB71F894954}","Shape_Length":0.0027952334111808284,"Shape_Area":4.7282249392213741e-07},"geometry":{"type":"MultiPolygon","coordinates":[[[[-149.030875528999957,61.676290935000054,0.0],[-149.031449793999968,61.676290262000066,0.0],[-149.031453612999968,61.677113582000061,0.0],[-149.030879322999965,61.677114275000065,0.0],[-149.030875528999957,61.676290935000054,0.0]]]]}},
{"type":"Feature","properties":{"OBJECTID":60015,"ParcelType":1,"P_ID":64299,"ACCOUNT":"3492B12L012","TAXID_LOKI":"53492B12L012","ACRES":0.11490066,"TAXACRE":0.11,"ORIGACRE":0.11,"FTYPE":"PARCEL","GENOWN":"NATIVE CORP","BUYLEASE":"N","OWNER_1":"EKLUTNA INC","NAME_2":"","MAILING_ADDRESS_LINE_A":"# 201","MAILING_ADDRESS_LINE_B":"16515  CENTERFIELD DR ","MAILING_ADDRESS_CITY":"EAGLE RIVER","MAILING_ADDRESS_STATE":"AK","MAILING_ADDRESS_ZIP":"99577-7719","Buyer_Name":"","Buyer_Name_2":"","Buyer_Mailing_Address_A":"","Buyer_Mailing_Address_B":"","Buyer_Mailing_Address_City":"","Buyer_Mailing_Address_State":"","Buyer_Mailing_Address_Zip":"","MERIDIAN":"S","TWP_NUM":"18","TWP_NS":"N","RNG_NUM":"02","RNG_EW":"E","SECT_NUM":"02","GRIDNAME":"PA","GRIDNUM":"03","LANDVALUE":800.0,"LANDASSD":0.0,"BLDGVALUE":0.0,"BLDGASSD":0.0,"GENAREA":"3661","NBHD":"B_EXCEPT_A1","TAXZONE":"0020","CITY":"","COMMCOUN":"2","FSA":"004","RSA":"031","SSA_1":"","SSA_2":"","ESN":21,"ECN":15,"ASSMBDISTRICT":"1","VOTINGPRCNT":"29-530","DFIRM":"02170C7300E","SPUD":"Sutton","SUBDNUM":3492,"LEGAL":"MOOSE TWNST                        BLOCK 12 LOT 12","DOC1_DATE":"1988-10-03T00:00:00Z","DOC1_TYPE":"Patent","DOC1_RCRD":"Palmer-Bk 563 Pg 162","DOC2_DATE":null,"DOC2_TYPE":"","DOC2_RCRD":"","LANDUSE":"","RESUNIT":0.0,"MHUNIT":0.0,"DUPLEXUNIT":0.0,"MULTIUNIT":0.0,"GQUNIT":0.0,"MH_PK_UNIT":0.0,"BLDG_USE1":"","BLDG_USE2":"","BLDG_USE3":"","BLDG_USE4":"","BLDG_USE5":"","BLDG_USE6":"","Photo":"https://ecommerce.matsugov.us/assessment/Pages/Photos.aspx?isDLG=1&P_ID=64299","GlobalID":"{4D845EF4-AEFA-4E7E-8399-7228AD33AA61}","Shape_Length":0.0014230297252693844,"Shape_Area":7.8808414251427708e-08},"geometry":{"type":"MultiPolygon","coordinates":[[[[-149.029959833999982,61.676978145000078,0.0],[-149.030534117999963,61.676977462000082,0.0],[-149.030534750999976,61.677114689000064,0.0],[-149.029960464999959,61.677115374000039,0.0],[-149.029959833999982,61.676978145000078,0.0]]]]}},
{"type":"Feature","properties":{"OBJECTID":60016,"ParcelType":1,"P_ID":42157,"ACCOUNT":"3492B12L001","TAXID_LOKI":"53492B12L001","ACRES":0.11490328,"TAXACRE":0.11,"ORIGACRE":0.11,"FTYPE":"PARCEL","GENOWN":"NATIVE CORP","BUYLEASE":"N","OWNER_1":"EKLUTNA INC","NAME_2":"","MAILING_ADDRESS_LINE_A":"# 201","MAILING_ADDRESS_LINE_B":"16515  CENTERFIELD DR ","MAILING_ADDRESS_CITY":"EAGLE RIVER","MAILING_ADDRESS_STATE":"AK","MAILING_ADDRESS_ZIP":"99577-7719","Buyer_Name":"","Buyer_Name_2":"","Buyer_Mailing_Address_A":"","Buyer_Mailing_Address_B":"","Buyer_Mailing_Address_City":"","Buyer_Mailing_Address_State":"","Buyer_Mailing_Address_Zip":"","MERIDIAN":"S","TWP_NUM":"18","TWP_NS":"N","RNG_NUM":"02","RNG_EW":"E","SECT_NUM":"02","GRIDNAME":"PA","GRIDNUM":"03","LANDVALUE":800.0,"LANDASSD":0.0,"BLDGVALUE":0.0,"BLDGASSD":0.0,"GENAREA":"3661","NBHD":"B_EXCEPT_A1","TAXZONE":"0020","CITY":"","COMMCOUN":"2","FSA":"004","RSA":"031","SSA_1":"","SSA_2":"","ESN":21,"ECN":15,"ASSMBDISTRICT":"1","VOTINGPRCNT":"29-530","DFIRM":"02170C7300E","SPUD":"Sutton","SUBDNUM":3492,"LEGAL":"MOOSE TWNST                        BLOCK 12 LOT 1","DOC1_DATE":"1988-10-03T00:00:00Z","DOC1_TYPE":"Patent","DOC1_RCRD":"Palmer-Bk 563 Pg 162","DOC2_DATE":null,"DOC2_TYPE":"","DOC2_RCRD":"","LANDUSE":"","RESUNIT":0.0,"MHUNIT":0.0,"DUPLEXUNIT":0.0,"MULTIUNIT":0.0,"GQUNIT":0.0,"MH_PK_UNIT":0.0,"BLDG_USE1":"","BLDG_USE2":"","BLDG_USE3":"","BLDG_USE4":"","BLDG_USE5":"","BLDG_USE6":"","Photo":"https://ecommerce.matsugov.us/assessment/Pages/Photos.aspx?isDLG=1&P_ID=42157","GlobalID":"{79F807F4-1FF9-467D-927E-B8EAA85EA47E}","Shape_Length":0.0014230326870251155,"Shape_Area":7.8810144915754737e-08},"geometry":{"type":"MultiPolygon","coordinates":[[[[-149.029270695999969,61.676978959000053,0.0],[-149.029844976999982,61.676978281000061,0.0],[-149.02984560799996,61.677115511000068,0.0],[-149.029271322999961,61.677116192000028,0.0],[-149.029270695999969,61.676978959000053,0.0]]]]}},
{"type":"Feature","properties":{"OBJECTID":60018,"ParcelType":1,"P_ID":64881,"ACCOUNT":"3492B110000","TAXID_LOKI":"53492B110000","ACRES":1.73009395,"TAXACRE":1.73,"ORIGACRE":1.73,"FTYPE":"PARCEL","GENOWN":"NATIVE CORP","BUYLEASE":"N","OWNER_1":"EKLUTNA INC","NAME_2":"","MAILING_ADDRESS_LINE_A":"# 201","MAILING_ADDRESS_LINE_B":"16515  CENTERFIELD DR ","MAILING_ADDRESS_CITY":"EAGLE RIVER","MAILING_ADDRESS_STATE":"AK","MAILING_ADDRESS_ZIP":"99577-7719","Buyer_Name":"","Buyer_Name_2":"","Buyer_Mailing_Address_A":"","Buyer_Mailing_Address_B":"","Buyer_Mailing_Address_City":"","Buyer_Mailing_Address_State":"","Buyer_Mailing_Address_Zip":"","MERIDIAN":"S","TWP_NUM":"18","TWP_NS":"N","RNG_NUM":"02","RNG_EW":"E","SECT_NUM":"02","GRIDNAME":"PA","GRIDNUM":"03","LANDVALUE":5800.0,"LANDASSD":0.0,"BLDGVALUE":0.0,"BLDGASSD":0.0,"GENAREA":"3661","NBHD":"B_EXCEPT_A1","TAXZONE":"0020","CITY":"","COMMCOUN":"2","FSA":"004","RSA":"031","SSA_1":"","SSA_2":"","ESN":21,"ECN":15,"ASSMBDISTRICT":"1","VOTINGPRCNT":"29-530","DFIRM":"02170C7300E","SPUD":"Sutton","SUBDNUM":3492,"LEGAL":"MOOSE TWNST                        BLOCK 11","DOC1_DATE":"1988-10-03T00:00:00Z","DOC1_TYPE":"Patent","DOC1_RCRD":"Palmer-Bk 563 Pg 162","DOC2_DATE":null,"DOC2_TYPE":"","DOC2_RCRD":"","LANDUSE":"","RESUNIT":0.0,"MHUNIT":0.0,"DUPLEXUNIT":0.0,"MULTIUNIT":0.0,"GQUNIT":0.0,"MH_PK_UNIT":0.0,"BLDG_USE1":"","BLDG_USE2":"","BLDG_USE3":"","BLDG_USE4":"","BLDG_USE5":"","BLDG_USE6":"","Photo":"https://ecommerce.matsugov.us/assessment/Pages/Photos.aspx?isDLG=1&P_ID=64881","GlobalID":"{F6C283C9-1A09-42AF-8329-794A4F8FA23C}","Shape_Length":0.0045290364195492367,"Shape_Area":1.1866323202886304e-06},"geometry":{"type":"MultiPolygon","coordinates":[[[[-149.027480482999977,61.676294836000068,0.0],[-149.02892153999997,61.67629319200006,0.0],[-149.028925766999976,61.677116600000033,0.0],[-149.027484669999978,61.677118287000042,0.0],[-149.027480482999977,61.676294836000068,0.0]]]]}},
{"type":"Feature","properties":{"OBJECTID":60034,"ParcelType":1,"P_ID":2638,"ACCOUNT":"3492B07L007","TAXID_LOKI":"53492B07L007","ACRES":0.1148872,"TAXACRE":0.11,"ORIGACRE":0.11,"FTYPE":"PARCEL","GENOWN":"NATIVE CORP","BUYLEASE":"N","OWNER_1":"EKLUTNA INC","NAME_2":"","MAILING_ADDRESS_LINE_A":"# 201","MAILING_ADDRESS_LINE_B":"16515  CENTERFIELD DR ","MAILING_ADDRESS_CITY":"EAGLE RIVER","MAILING_ADDRESS_STATE":"AK","MAILING_ADDRESS_ZIP":"99577-7719","Buyer_Name":"","Buyer_Name_2":"","Buyer_Mailing_Address_A":"","Buyer_Mailing_Address_B":"","Buyer_Mailing_Address_City":"","Buyer_Mailing_Address_State":"","Buyer_Mailing_Address_Zip":"","MERIDIAN":"S","TWP_NUM":"18","TWP_NS":"N","RNG_NUM":"02","RNG_EW":"E","SECT_NUM":"02","GRIDNAME":"PA","GRIDNUM":"03","LANDVALUE":800.0,"LANDASSD":0.0,"BLDGVALUE":0.0,"BLDGASSD":0.0,"GENAREA":"3661","NBHD":"B_EXCEPT_A1","TAXZONE":"0020","CITY":"","COMMCOUN":"2","FSA":"004","RSA":"031","SSA_1":"","SSA_2":"","ESN":21,"ECN":15,"ASSMBDISTRICT":"1","VOTINGPRCNT":"29-530","DFIRM":"02170C7300E","SPUD":"Sutton","SUBDNUM":3492,"LEGAL":"MOOSE TWNST                        BLOCK 7 LOT 7","DOC1_DATE":"1988-10-03T00:00:00Z","DOC1_TYPE":"Patent","DOC1_RCRD":"Palmer-Bk 563 Pg 162","DOC2_DATE":null,"DOC2_TYPE":"","DOC2_RCRD":"","LANDUSE":"","RESUNIT":0.0,"MHUNIT":0.0,"DUPLEXUNIT":0.0,"MULTIUNIT":0.0,"GQUNIT":0.0,"MH_PK_UNIT":0.0,"BLDG_USE1":"","BLDG_USE2":"","BLDG_USE3":"","BLDG_USE4":"","BLDG_USE5":"","BLDG_USE6":"","Photo":"https://ecommerce.matsugov.us/assessment/Pages/Photos.aspx?isDLG=1&P_ID=2638","GlobalID":"{CC047480-5F79-4C4D-8E74-AC1635695731}","Shape_Length":0.0014230230559422674,"Shape_Area":7.8800108464067593e-08},"geometry":{"type":"MultiPolygon","coordinates":[[[[-149.033234700999969,61.677276050000046,0.0],[-149.033808997999984,61.677275331000033,0.0],[-149.033809657999967,61.677412539000045,0.0],[-149.033235355999977,61.677413262000073,0.0],[-149.033234700999969,61.677276050000046,0.0]]]]}},
{"type":"Feature","properties":{"OBJECTID":60036,"ParcelType":1,"P_ID":19887,"ACCOUNT":"3492B07L006","TAXID_LOKI":"53492B07L006","ACRES":0.11489017,"TAXACRE":0.11,"ORIGACRE":0.11,"FTYPE":"PARCEL","GENOWN":"NATIVE CORP","BUYLEASE":"N","OWNER_1":"EKLUTNA INC","NAME_2":"","MAILING_ADDRESS_LINE_A":"# 201","MAILING_ADDRESS_LINE_B":"16515  CENTERFIELD DR ","MAILING_ADDRESS_CITY":"EAGLE RIVER","MAILING_ADDRESS_STATE":"AK","MAILING_ADDRESS_ZIP":"99577-7719","Buyer_Name":"","Buyer_Name_2":"","Buyer_Mailing_Address_A":"","Buyer_Mailing_Address_B":"","Buyer_Mailing_Address_City":"","Buyer_Mailing_Address_State":"","Buyer_Mailing_Address_Zip":"","MERIDIAN":"S","TWP_NUM":"18","TWP_NS":"N","RNG_NUM":"02","RNG_EW":"E","SECT_NUM":"02","GRIDNAME":"PA","GRIDNUM":"03","LANDVALUE":800.0,"LANDASSD":0.0,"BLDGVALUE":0.0,"BLDGASSD":0.0,"GENAREA":"3661","NBHD":"B_EXCEPT_A1","TAXZONE":"0020","CITY":"","COMMCOUN":"2","FSA":"004","RSA":"031","SSA_1":"","SSA_2":"","ESN":21,"ECN":15,"ASSMBDISTRICT":"1","VOTINGPRCNT":"29-530","DFIRM":"02170C7300E","SPUD":"Sutton","SUBDNUM":3492,"LEGAL":"MOOSE TWNST                        BLOCK 7 LOT 6","DOC1_DATE":"1988-10-03T00:00:00Z","DOC1_TYPE":"Patent","DOC1_RCRD":"Palmer-Bk 563 Pg 162","DOC2_DATE":null,"DOC2_TYPE":"","DOC2_RCRD":"","LANDUSE":"","RESUNIT":0.0,"MHUNIT":0.0,"DUPLEXUNIT":0.0,"MULTIUNIT":0.0,"GQUNIT":0.0,"MH_PK_UNIT":0.0,"BLDG_USE1":"","BLDG_USE2":"","BLDG_USE3":"","BLDG_USE4":"","BLDG_USE5":"","BLDG_USE6":"","Photo":"https://ecommerce.matsugov.us/assessment/Pages/Photos.aspx?isDLG=1&P_ID=19887","GlobalID":"{A03861E0-38C3-4780-BA4C-1AD825E8EEA1}","Shape_Length":0.0014230319977858795,"Shape_Area":7.8802467083505967e-08},"geometry":{"type":"MultiPolygon","coordinates":[[[[-149.032545542999969,61.677276907000078,0.0],[-149.033119840999973,61.677276194000058,0.0],[-149.033120495999981,61.677413406000028,0.0],[-149.032546193999963,61.677414123000062,0.0],[-149.032545542999969,61.677276907000078,0.0]]]]}},
{"type":"Feature","properties":{"OBJECTID":60038,"ParcelType":1,"P_ID":52611,"ACCOUNT":"3492B08L007","TAXID_LOKI":"53492B08L007","ACRES":0.1148948,"TAXACRE":0.11,"ORIGACRE":0.11,"FTYPE":"PARCEL","GENOWN":"NATIVE CORP","BUYLEASE":"N","OWNER_1":"EKLUTNA INC","NAME_2":"","MAILING_ADDRESS_LINE_A":"# 201","MAILING_ADDRESS_LINE_B":"16515  CENTERFIELD DR ","MAILING_ADDRESS_CITY":"EAGLE RIVER","MAILING_ADDRESS_STATE":"AK","MAILING_ADDRESS_ZIP":"99577-7719","Buyer_Name":"","Buyer_Name_2":"","Buyer_Mailing_Address_A":"","Buyer_Mailing_Address_B":"","Buyer_Mailing_Address_City":"","Buyer_Mailing_Address_State":"","Buyer_Mailing_Address_Zip":"","MERIDIAN":"S","TWP_NUM":"18","TWP_NS":"N","RNG_NUM":"02","RNG_EW":"E","SECT_NUM":"02","GRIDNAME":"PA","GRIDNUM":"03","LANDVALUE":800.0,"LANDASSD":0.0,"BLDGVALUE":0.0,"BLDGASSD":0.0,"GENAREA":"3661","NBHD":"B_EXCEPT_A1","TAXZONE":"0020","CITY":"","COMMCOUN":"2","FSA":"004","RSA":"031","SSA_1":"","SSA_2":"","ESN":21,"ECN":15,"ASSMBDISTRICT":"1","VOTINGPRCNT":"29-530","DFIRM":"02170C7300E","SPUD":"Sutton","SUBDNUM":3492,"LEGAL":"MOOSE TWNST                        BLOCK 8 LOT 7","DOC1_DATE":"1988-10-03T00:00:00Z","DOC1_TYPE":"Patent","DOC1_RCRD":"Palmer-Bk 563 Pg 162","DOC2_DATE":null,"DOC2_TYPE":"","DOC2_RCRD":"","LANDUSE":"","RESUNIT":0.0,"MHUNIT":0.0,"DUPLEXUNIT":0.0,"MULTIUNIT":0.0,"GQUNIT":0.0,"MH_PK_UNIT":0.0,"BLDG_USE1":"","BLDG_USE2":"","BLDG_USE3":"","BLDG_USE4":"","BLDG_USE5":"","BLDG_USE6":"","Photo":"https://ecommerce.matsugov.us/assessment/Pages/Photos.aspx?isDLG=1&P_ID=52611","GlobalID":"{80D1BA1F-8E25-4083-83BC-53B36A7C9713}","Shape_Length":0.001423038898430139,"Shape_Area":7.8805776530522231e-08},"geometry":{"type":"MultiPolygon","coordinates":[[[[-149.031569240999971,61.677278107000063,0.0],[-149.032143536999968,61.677277403000062,0.0],[-149.032144182999957,61.677414622000072,0.0],[-149.031569884999982,61.677415329000041,0.0],[-149.031569240999971,61.677278107000063,0.0]]]]}},
{"type":"Feature","properties":{"OBJECTID":60039,"ParcelType":1,"P_ID":29354,"ACCOUNT":"3492B08L006","TAXID_LOKI":"53492B08L006","ACRES":0.11489797,"TAXACRE":0.11,"ORIGACRE":0.11,"FTYPE":"PARCEL","GENOWN":"NATIVE CORP","BUYLEASE":"N","OWNER_1":"EKLUTNA INC","NAME_2":"","MAILING_ADDRESS_LINE_A":"# 201","MAILING_ADDRESS_LINE_B":"16515  CENTERFIELD DR ","MAILING_ADDRESS_CITY":"EAGLE RIVER","MAILING_ADDRESS_STATE":"AK","MAILING_ADDRESS_ZIP":"99577-7719","Buyer_Name":"","Buyer_Name_2":"","Buyer_Mailing_Address_A":"","Buyer_Mailing_Address_B":"","Buyer_Mailing_Address_City":"","Buyer_Mailing_Address_State":"","Buyer_Mailing_Address_Zip":"","MERIDIAN":"S","TWP_NUM":"18","TWP_NS":"N","RNG_NUM":"02","RNG_EW":"E","SECT_NUM":"02","GRIDNAME":"PA","GRIDNUM":"03","LANDVALUE":800.0,"LANDASSD":0.0,"BLDGVALUE":0.0,"BLDGASSD":0.0,"GENAREA":"3661","NBHD":"B_EXCEPT_A1","TAXZONE":"0020","CITY":"","COMMCOUN":"2","FSA":"004","RSA":"031","SSA_1":"","SSA_2":"","ESN":21,"ECN":15,"ASSMBDISTRICT":"1","VOTINGPRCNT":"29-530","DFIRM":"02170C7300E","SPUD":"Sutton","SUBDNUM":3492,"LEGAL":"MOOSE TWNST                        BLOCK 8 LOT 6","DOC1_DATE":"1988-10-03T00:00:00Z","DOC1_TYPE":"Patent","DOC1_RCRD":"Palmer-Bk 563 Pg 162","DOC2_DATE":null,"DOC2_TYPE":"","DOC2_RCRD":"","LANDUSE":"","RESUNIT":0.0,"MHUNIT":0.0,"DUPLEXUNIT":0.0,"MULTIUNIT":0.0,"GQUNIT":0.0,"MH_PK_UNIT":0.0,"BLDG_USE1":"","BLDG_USE2":"","BLDG_USE3":"","BLDG_USE4":"","BLDG_USE5":"","BLDG_USE6":"","Photo":"https://ecommerce.matsugov.us/assessment/Pages/Photos.aspx?isDLG=1&P_ID=29354","GlobalID":"{7669742A-C100-4993-9318-B7FD13735CFA}","Shape_Length":0.0014230438508947959,"Shape_Area":7.8807861557736479e-08},"geometry":{"type":"MultiPolygon","coordinates":[[[[-149.030880089999982,61.677278945000069,0.0],[-149.031454382999982,61.677278247000061,0.0],[-149.031455026999964,61.677415470000028,0.0],[-149.030880728999961,61.677416171000061,0.0],[-149.030880089999982,61.677278945000069,0.0]]]]}},
{"type":"Feature","properties":{"OBJECTID":60044,"ParcelType":7,"P_ID":201356,"ACCOUNT":"AGENCY","TAXID_LOKI":"S 18N02E01","ACRES":35.9847527,"TAXACRE":0.0,"ORIGACRE":0.0,"FTYPE":"AGENCY","GENOWN":"NO DATA","BUYLEASE":"N","OWNER_1":"","NAME_2":"","MAILING_ADDRESS_LINE_A":"","MAILING_ADDRESS_LINE_B":"","MAILING_ADDRESS_CITY":"","MAILING_ADDRESS_STATE":"","MAILING_ADDRESS_ZIP":"","Buyer_Name":"","Buyer_Name_2":"","Buyer_Mailing_Address_A":"","Buyer_Mailing_Address_B":"","Buyer_Mailing_Address_City":"","Buyer_Mailing_Address_State":"","Buyer_Mailing_Address_Zip":"","MERIDIAN":"S","TWP_NUM":"18","TWP_NS":"N","RNG_NUM":"02","RNG_EW":"E","SECT_NUM":"01","GRIDNAME":"PA","GRIDNUM":"03","LANDVALUE":0.0,"LANDASSD":0.0,"BLDGVALUE":0.0,"BLDGASSD":0.0,"GENAREA":"0","NBHD":"","TAXZONE":"","CITY":"","COMMCOUN":"2","FSA":"004","RSA":"031","SSA_1":"","SSA_2":"","ESN":21,"ECN":15,"ASSMBDISTRICT":"1","VOTINGPRCNT":"29-530","DFIRM":"02170C7300E","SPUD":"Sutton","SUBDNUM":0,"LEGAL":"","DOC1_DATE":null,"DOC1_TYPE":"","DOC1_RCRD":"","DOC2_DATE":null,"DOC2_TYPE":"","DOC2_RCRD":"","LANDUSE":"","RESUNIT":0.0,"MHUNIT":0.0,"DUPLEXUNIT":0.0,"MULTIUNIT":0.0,"GQUNIT":0.0,"MH_PK_UNIT":0.0,"BLDG_USE1":"","BLDG_USE2":"","BLDG_USE3":"","BLDG_USE4":"","BLDG_USE5":"","BLDG_USE6":"","Photo":"https://ecommerce.matsugov.us/assessment/Pages/Photos.aspx?isDLG=1&P_ID=201356","GlobalID":"{2B62CE70-C999-4072-9CFA-9D9D26C2B9D6}","Shape_Length":0.021493195413807856,"Shape_Area":2.4751447696875182e-05},"geometry":{"type":"MultiPolygon","coordinates":[[[[-149.004417014999973,61.677200162000076,0.0],[-149.004411662999956,61.673550616000057,0.0],[-149.00441165099997,61.673550571000078,0.0],[-149.004708977999968,61.673530061000065,0.0],[-149.005008069999974,61.673516531000075,0.0],[-149.005308199999973,61.67351001600008,0.0],[-149.005608640999981,61.673510531000034,0.0],[-149.005908664999964,61.673518075000061,0.0],[-149.00620754299996,61.673532629000078,0.0],[-149.006670198999984,61.673578903000077,0.0],[-149.007130359999962,61.673630497000033,0.0],[-149.00758775099996,61.673687380000047,0.0],[-149.008042103999969,61.673749519000069,0.0],[-149.008493151999971,61.673816879000071,0.0],[-149.008940630999973,61.673889418000044,0.0],[-149.009384274999974,61.673967094000034,0.0],[-149.010443889999976,61.674113268000042,0.0],[-149.011996331999967,61.674367139000083,0.0],[-149.011996342999964,61.674367184000062,0.0],[-149.011992760999959,61.676958229000036,0.0],[-149.011241114999962,61.676912498000036,0.0],[-149.010982732999963,61.676898466000068,0.0],[-149.010723102999975,61.676891304000037,0.0],[-149.010463039999962,61.67689103500004,0.0],[-149.010203348999966,61.676897661000055,0.0],[-149.009944839999974,61.676911161000078,0.0],[-149.009688318999963,61.676931491000062,0.0],[-149.009434582999972,61.676958589000037,0.0],[-149.008521139999971,61.677082022000036,0.0],[-149.007777815999958,61.677216120000082,0.0],[-149.007585549999959,61.677238359000057,0.0],[-149.007390956999984,61.677255434000074,0.0],[-149.007194654999978,61.677267290000032,0.0],[-149.006997258999974,61.677273890000038,0.0],[-149.00679939699998,61.67727521300003,0.0],[-149.006601689999968,61.677271255000051,0.0],[-149.006404762999978,61.67726202800003,0.0],[-149.006075984999967,61.677238224000064,0.0],[-149.005745682999958,61.677219794000052,0.0],[-149.005414243999979,61.677206762000083,0.0],[-149.005082057999971,61.677199140000027,0.0],[-149.004749517999983,61.677196939000055,0.0],[-149.004417014999973,61.677200162000076,0.0]]]]}},
{"type":"Feature","properties":{"OBJECTID":60054,"ParcelType":1,"P_ID":14239,"ACCOUNT":"3492B07L008","TAXID_LOKI":"53492B07L008","ACRES":0.11488836,"TAXACRE":0.11,"ORIGACRE":0.11,"FTYPE":"PARCEL","GENOWN":"NATIVE CORP","BUYLEASE":"N","OWNER_1":"EKLUTNA INC","NAME_2":"","MAILING_ADDRESS_LINE_A":"# 201","MAILING_ADDRESS_LINE_B":"16515  CENTERFIELD DR ","MAILING_ADDRESS_CITY":"EAGLE RIVER","MAILING_ADDRESS_STATE":"AK","MAILING_ADDRESS_ZIP":"99577-7719","Buyer_Name":"","Buyer_Name_2":"","Buyer_Mailing_Address_A":"","Buyer_Mailing_Address_B":"","Buyer_Mailing_Address_City":"","Buyer_Mailing_Address_State":"","Buyer_Mailing_Address_Zip":"","MERIDIAN":"S","TWP_NUM":"18","TWP_NS":"N","RNG_NUM":"02","RNG_EW":"E","SECT_NUM":"02","GRIDNAME":"PA","GRIDNUM":"03","LANDVALUE":800.0,"LANDASSD":0.0,"BLDGVALUE":0.0,"BLDGASSD":0.0,"GENAREA":"3661","NBHD":"B_EXCEPT_A1","TAXZONE":"0020","CITY":"","COMMCOUN":"2","FSA":"004","RSA":"031","SSA_1":"","SSA_2":"","ESN":21,"ECN":15,"ASSMBDISTRICT":"1","VOTINGPRCNT":"29-530","DFIRM":"02170C7300E","SPUD":"Sutton","SUBDNUM":3492,"LEGAL":"MOOSE TWNST                        BLOCK 7 LOT 8","DOC1_DATE":"1988-10-03T00:00:00Z","DOC1_TYPE":"Patent","DOC1_RCRD":"Palmer-Bk 563 Pg 162","DOC2_DATE":null,"DOC2_TYPE":"","DOC2_RCRD":"","LANDUSE":"","RESUNIT":0.0,"MHUNIT":0.0,"DUPLEXUNIT":0.0,"MULTIUNIT":0.0,"GQUNIT":0.0,"MH_PK_UNIT":0.0,"BLDG_USE1":"","BLDG_USE2":"","BLDG_USE3":"","BLDG_USE4":"","BLDG_USE5":"","BLDG_USE6":"","Photo":"https://ecommerce.matsugov.us/assessment/Pages/Photos.aspx?isDLG=1&P_ID=14239","GlobalID":"{4B779906-A2B5-457A-9AC9-88BC636BC9B0}","Shape_Length":0.0014230340706728639,"Shape_Area":7.8801303182488688e-08},"geometry":{"type":"MultiPolygon","coordinates":[[[[-149.033235355999977,61.677413262000073,0.0],[-149.033809657999967,61.677412539000045,0.0],[-149.033810317999979,61.677549748000047,0.0],[-149.033236011999975,61.677550475000032,0.0],[-149.033235355999977,61.677413262000073,0.0]]]]}},
{"type":"Feature","properties":{"OBJECTID":60055,"ParcelType":1,"P_ID":77010,"ACCOUNT":"3492B07L005","TAXID_LOKI":"53492B07L005","ACRES":0.11489189,"TAXACRE":0.11,"ORIGACRE":0.11,"FTYPE":"PARCEL","GENOWN":"NATIVE CORP","BUYLEASE":"N","OWNER_1":"EKLUTNA INC","NAME_2":"","MAILING_ADDRESS_LINE_A":"# 201","MAILING_ADDRESS_LINE_B":"16515  CENTERFIELD DR ","MAILING_ADDRESS_CITY":"EAGLE RIVER","MAILING_ADDRESS_STATE":"AK","MAILING_ADDRESS_ZIP":"99577-7719","Buyer_Name":"","Buyer_Name_2":"","Buyer_Mailing_Address_A":"","Buyer_Mailing_Address_B":"","Buyer_Mailing_Address_City":"","Buyer_Mailing_Address_State":"","Buyer_Mailing_Address_Zip":"","MERIDIAN":"S","TWP_NUM":"18","TWP_NS":"N","RNG_NUM":"02","RNG_EW":"E","SECT_NUM":"02","GRIDNAME":"PA","GRIDNUM":"03","LANDVALUE":800.0,"LANDASSD":0.0,"BLDGVALUE":0.0,"BLDGASSD":0.0,"GENAREA":"3661","NBHD":"B_EXCEPT_A1","TAXZONE":"0020","CITY":"","COMMCOUN":"2","FSA":"004","RSA":"031","SSA_1":"","SSA_2":"","ESN":21,"ECN":15,"ASSMBDISTRICT":"1","VOTINGPRCNT":"29-530","DFIRM":"02170C7300E","SPUD":"Sutton","SUBDNUM":3492,"LEGAL":"MOOSE TWNST                        BLOCK 7 LOT 5","DOC1_DATE":"1988-10-03T00:00:00Z","DOC1_TYPE":"Patent","DOC1_RCRD":"Palmer-Bk 563 Pg 162","DOC2_DATE":null,"DOC2_TYPE":"","DOC2_RCRD":"","LANDUSE":"","RESUNIT":0.0,"MHUNIT":0.0,"DUPLEXUNIT":0.0,"MULTIUNIT":0.0,"GQUNIT":0.0,"MH_PK_UNIT":0.0,"BLDG_USE1":"","BLDG_USE2":"","BLDG_USE3":"","BLDG_USE4":"","BLDG_USE5":"","BLDG_USE6":"","Photo":"https://ecommerce.matsugov.us/assessment/Pages/Photos.aspx?isDLG=1&P_ID=77010","GlobalID":"{95D9B0E6-B02F-49F0-9832-66694F992D34}","Shape_Length":0.0014230420112353623,"Shape_Area":7.8803811438529972e-08},"geometry":{"type":"MultiPolygon","coordinates":[[[[-149.032546193999963,61.677414123000062,0.0],[-149.033120495999981,61.677413406000028,0.0],[-149.03312115099996,61.677550620000034,0.0],[-149.032546845999974,61.677551340000036,0.0],[-149.032546193999963,61.677414123000062,0.0]]]]}},
{"type":"Feature","properties":{"OBJECTID":60056,"ParcelType":1,"P_ID":66511,"ACCOUNT":"3492B08L008","TAXID_LOKI":"53492B08L008","ACRES":0.11489579,"TAXACRE":0.11,"ORIGACRE":0.11,"FTYPE":"PARCEL","GENOWN":"NATIVE CORP","BUYLEASE":"N","OWNER_1":"EKLUTNA INC","NAME_2":"","MAILING_ADDRESS_LINE_A":"# 201","MAILING_ADDRESS_LINE_B":"16515  CENTERFIELD DR ","MAILING_ADDRESS_CITY":"EAGLE RIVER","MAILING_ADDRESS_STATE":"AK","MAILING_ADDRESS_ZIP":"99577-7719","Buyer_Name":"","Buyer_Name_2":"","Buyer_Mailing_Address_A":"","Buyer_Mailing_Address_B":"","Buyer_Mailing_Address_City":"","Buyer_Mailing_Address_State":"","Buyer_Mailing_Address_Zip":"","MERIDIAN":"S","TWP_NUM":"18","TWP_NS":"N","RNG_NUM":"02","RNG_EW":"E","SECT_NUM":"02","GRIDNAME":"PA","GRIDNUM":"03","LANDVALUE":800.0,"LANDASSD":0.0,"BLDGVALUE":0.0,"BLDGASSD":0.0,"GENAREA":"3661","NBHD":"B_EXCEPT_A1","TAXZONE":"0020","CITY":"","COMMCOUN":"2","FSA":"004","RSA":"031","SSA_1":"","SSA_2":"","ESN":21,"ECN":15,"ASSMBDISTRICT":"1","VOTINGPRCNT":"29-530","DFIRM":"02170C7300E","SPUD":"Sutton","SUBDNUM":3492,"LEGAL":"MOOSE TWNST                        BLOCK 8 LOT 8","DOC1_DATE":"1988-10-03T00:00:00Z","DOC1_TYPE":"Patent","DOC1_RCRD":"Palmer-Bk 563 Pg 162","DOC2_DATE":null,"DOC2_TYPE":"","DOC2_RCRD":"","LANDUSE":"","RESUNIT":0.0,"MHUNIT":0.0,"DUPLEXUNIT":0.0,"MULTIUNIT":0.0,"GQUNIT":0.0,"MH_PK_UNIT":0.0,"BLDG_USE1":"","BLDG_USE2":"","BLDG_USE3":"","BLDG_USE4":"","BLDG_USE5":"","BLDG_USE6":"","Photo":"https://ecommerce.matsugov.us/assessment/Pages/Photos.aspx?isDLG=1&P_ID=66511","GlobalID":"{CD803EAB-D2D6-429C-9DCD-3E45BA0356CE}","Shape_Length":0.001423046940125393,"Shape_Area":7.880654870557744e-08},"geometry":{"type":"MultiPolygon","coordinates":[[[[-149.031569884999982,61.677415329000041,0.0],[-149.032144182999957,61.677414622000072,0.0],[-149.032144833999979,61.677551841000081,0.0],[-149.031570530999971,61.677552552000066,0.0],[-149.031569884999982,61.677415329000041,0.0]]]]}},
{"type":"Feature","properties":{"OBJECTID":60057,"ParcelType":1,"P_ID":24956,"ACCOUNT":"3492B08L005","TAXID_LOKI":"53492B08L005","ACRES":0.11489931,"TAXACRE":0.11,"ORIGACRE":0.11,"FTYPE":"PARCEL","GENOWN":"NATIVE CORP","BUYLEASE":"N","OWNER_1":"EKLUTNA INC","NAME_2":"","MAILING_ADDRESS_LINE_A":"# 201","MAILING_ADDRESS_LINE_B":"16515  CENTERFIELD DR ","MAILING_ADDRESS_CITY":"EAGLE RIVER","MAILING_ADDRESS_STATE":"AK","MAILING_ADDRESS_ZIP":"99577-7719","Buyer_Name":"","Buyer_Name_2":"","Buyer_Mailing_Address_A":"","Buyer_Mailing_Address_B":"","Buyer_Mailing_Address_City":"","Buyer_Mailing_Address_State":"","Buyer_Mailing_Address_Zip":"","MERIDIAN":"S","TWP_NUM":"18","TWP_NS":"N","RNG_NUM":"02","RNG_EW":"E","SECT_NUM":"02","GRIDNAME":"PA","GRIDNUM":"03","LANDVALUE":800.0,"LANDASSD":0.0,"BLDGVALUE":0.0,"BLDGASSD":0.0,"GENAREA":"3661","NBHD":"B_EXCEPT_A1","TAXZONE":"0020","CITY":"","COMMCOUN":"2","FSA":"004","RSA":"031","SSA_1":"","SSA_2":"","ESN":21,"ECN":15,"ASSMBDISTRICT":"1","VOTINGPRCNT":"29-530","DFIRM":"02170C7300E","SPUD":"Sutton","SUBDNUM":3492,"LEGAL":"MOOSE TWNST                        BLOCK 8 LOT 5","DOC1_DATE":"1988-10-03T00:00:00Z","DOC1_TYPE":"Patent","DOC1_RCRD":"Palmer-Bk 563 Pg 162","DOC2_DATE":null,"DOC2_TYPE":"","DOC2_RCRD":"","LANDUSE":"","RESUNIT":0.0,"MHUNIT":0.0,"DUPLEXUNIT":0.0,"MULTIUNIT":0.0,"GQUNIT":0.0,"MH_PK_UNIT":0.0,"BLDG_USE1":"","BLDG_USE2":"","BLDG_USE3":"","BLDG_USE4":"","BLDG_USE5":"","BLDG_USE6":"","Photo":"https://ecommerce.matsugov.us/assessment/Pages/Photos.aspx?isDLG=1&P_ID=24956","GlobalID":"{CD924D52-8337-404A-8420-86DC4C49475E}","Shape_Length":0.0014230528594461902,"Shape_Area":7.8808699864072082e-08},"geometry":{"type":"MultiPolygon","coordinates":[[[[-149.030880728999961,61.677416171000061,0.0],[-149.031455026999964,61.677415470000028,0.0],[-149.031455669999957,61.677552693000052,0.0],[-149.030881368999957,61.677553398000043,0.0],[-149.030880728999961,61.677416171000061,0.0]]]]}},
{"type":"Feature","properties":{"OBJECTID":60064,"ParcelType":2,"P_ID":56965,"ACCOUNT":"18N02E01C007","TAXID_LOKI":"118N02E01C007","ACRES":8.56907978,"TAXACRE":6.09,"ORIGACRE":8.03,"FTYPE":"PARCEL","GENOWN":"PRIVATE","BUYLEASE":"N","OWNER_1":"CHICKALOON VLG TRAD COUN","NAME_2":"","MAILING_ADDRESS_LINE_A":"","MAILING_ADDRESS_LINE_B":"PO BOX 1105","MAILING_ADDRESS_CITY":"CHICKALOON","MAILING_ADDRESS_STATE":"AK","MAILING_ADDRESS_ZIP":"99674-1105","Buyer_Name":"","Buyer_Name_2":"","Buyer_Mailing_Address_A":"","Buyer_Mailing_Address_B":"","Buyer_Mailing_Address_City":"","Buyer_Mailing_Address_State":"","Buyer_Mailing_Address_Zip":"","MERIDIAN":"S","TWP_NUM":"18","TWP_NS":"N","RNG_NUM":"02","RNG_EW":"E","SECT_NUM":"01","GRIDNAME":"PA","GRIDNUM":"03","LANDVALUE":22100.0,"LANDASSD":0.0,"BLDGVALUE":30900.0,"BLDGASSD":0.0,"GENAREA":"3661","NBHD":"B_EXCEPT_A1","TAXZONE":"0020","CITY":"","COMMCOUN":"2","FSA":"004","RSA":"031","SSA_1":"","SSA_2":"","ESN":21,"ECN":15,"ASSMBDISTRICT":"1","VOTINGPRCNT":"29-530","DFIRM":"02170C7300E","SPUD":"Sutton","SUBDNUM":0,"LEGAL":"TOWNSHIP 18N RANGE 2E              SECTION 1 LOT C7","DOC1_DATE":"2005-07-01T00:00:00Z","DOC1_TYPE":"QUITCLAIM DEED (ALL TYPE)","DOC1_RCRD":"Palmer-Bk  Pg 0","DOC2_DATE":"1978-01-13T00:00:00Z","DOC2_TYPE":"WARRANTY DEED (ALL TYPES)","DOC2_RCRD":"Palmer-Bk 157 Pg 117","LANDUSE":"","RESUNIT":0.0,"MHUNIT":0.0,"DUPLEXUNIT":0.0,"MULTIUNIT":0.0,"GQUNIT":0.0,"MH_PK_UNIT":0.0,"BLDG_USE1":"1110","BLDG_USE2":"","BLDG_USE3":"","BLDG_USE4":"","BLDG_USE5":"","BLDG_USE6":"","Photo":"https://ecommerce.matsugov.us/assessment/Pages/Photos.aspx?isDLG=1&P_ID=56965","GlobalID":"{350766D8-BE7E-4221-B6F9-3E1EA40F0AF6}","Shape_Length":0.0099236617291784211,"Shape_Area":5.865005646222796e-06},"geometry":{"type":"MultiPolygon","coordinates":[[[[-149.017701130999967,61.674502113000074,0.0],[-149.019697114999957,61.674415988000078,0.0],[-149.019697126999972,61.674416033000057,0.0],[-149.019697104999977,61.674487690000035,0.0],[-149.019697106999956,61.674487735000071,0.0],[-149.019698696999967,61.675164756000072,0.0],[-149.019700001999979,61.675779097000031,0.0],[-149.01970221299996,61.676910269000075,0.0],[-149.019689795999966,61.677304293000077,0.0],[-149.019397321999975,61.677318280000065,0.0],[-149.01910647699998,61.677338537000082,0.0],[-149.018817856999959,61.67736502200006,0.0],[-149.018532051999983,61.67739768000007,0.0],[-149.018249646999976,61.67743644400008,0.0],[-149.017971218999975,61.677481237000052,0.0],[-149.017697337999977,61.67753196600006,0.0],[-149.017697806999962,61.67714545900003,0.0],[-149.017701142999982,61.674502158000053,0.0],[-149.017701130999967,61.674502113000074,0.0]]]]}},
{"type":"Feature","properties":{"OBJECTID":60067,"ParcelType":1,"P_ID":17558,"ACCOUNT":"3492B07L009","TAXID_LOKI":"53492B07L009","ACRES":0.11488954,"TAXACRE":0.11,"ORIGACRE":0.11,"FTYPE":"PARCEL","GENOWN":"NATIVE CORP","BUYLEASE":"N","OWNER_1":"EKLUTNA INC","NAME_2":"","MAILING_ADDRESS_LINE_A":"# 201","MAILING_ADDRESS_LINE_B":"16515  CENTERFIELD DR ","MAILING_ADDRESS_CITY":"EAGLE RIVER","MAILING_ADDRESS_STATE":"AK","MAILING_ADDRESS_ZIP":"99577-7719","Buyer_Name":"","Buyer_Name_2":"","Buyer_Mailing_Address_A":"","Buyer_Mailing_Address_B":"","Buyer_Mailing_Address_City":"","Buyer_Mailing_Address_State":"","Buyer_Mailing_Address_Zip":"","MERIDIAN":"S","TWP_NUM":"18","TWP_NS":"N","RNG_NUM":"02","RNG_EW":"E","SECT_NUM":"02","GRIDNAME":"PA","GRIDNUM":"03","LANDVALUE":800.0,"LANDASSD":0.0,"BLDGVALUE":0.0,"BLDGASSD":0.0,"GENAREA":"3661","NBHD":"B_EXCEPT_A1","TAXZONE":"0020","CITY":"","COMMCOUN":"2","FSA":"004","RSA":"031","SSA_1":"","SSA_2":"","ESN":21,"ECN":15,"ASSMBDISTRICT":"1","VOTINGPRCNT":"29-530","DFIRM":"02170C7300E","SPUD":"Sutton","SUBDNUM":3492,"LEGAL":"MOOSE TWNST                        BLOCK 7 LOT 9","DOC1_DATE":"1988-10-03T00:00:00Z","DOC1_TYPE":"Patent","DOC1_RCRD":"Palmer-Bk 563 Pg 162","DOC2_DATE":null,"DOC2_TYPE":"","DOC2_RCRD":"","LANDUSE":"","RESUNIT":0.0,"MHUNIT":0.0,"DUPLEXUNIT":0.0,"MULTIUNIT":0.0,"GQUNIT":0.0,"MH_PK_UNIT":0.0,"BLDG_USE1":"","BLDG_USE2":"","BLDG_USE3":"","BLDG_USE4":"","BLDG_USE5":"","BLDG_USE6":"","Photo":"https://ecommerce.matsugov.us/assessment/Pages/Photos.aspx?isDLG=1&P_ID=17558","GlobalID":"{3BD805A2-D22A-4465-BA92-C57CF648611E}","Shape_Length":0.0014230451144975778,"Shape_Area":7.8802500135492258e-08},"geometry":{"type":"MultiPolygon","coordinates":[[[[-149.033236011999975,61.677550475000032,0.0],[-149.033810317999979,61.677549748000047,0.0],[-149.033810981999977,61.677686958000038,0.0],[-149.033236670999969,61.677687689000038,0.0],[-149.033236011999975,61.677550475000032,0.0]]]]}},
{"type":"Feature","properties":{"OBJECTID":60068,"ParcelType":1,"P_ID":16271,"ACCOUNT":"3492B07L004","TAXID_LOKI":"53492B07L004","ACRES":0.11489213,"TAXACRE":0.11,"ORIGACRE":0.11,"FTYPE":"PARCEL","GENOWN":"NATIVE CORP","BUYLEASE":"N","OWNER_1":"EKLUTNA INC","NAME_2":"","MAILING_ADDRESS_LINE_A":"# 201","MAILING_ADDRESS_LINE_B":"16515  CENTERFIELD DR ","MAILING_ADDRESS_CITY":"EAGLE RIVER","MAILING_ADDRESS_STATE":"AK","MAILING_ADDRESS_ZIP":"99577-7719","Buyer_Name":"","Buyer_Name_2":"","Buyer_Mailing_Address_A":"","Buyer_Mailing_Address_B":"","Buyer_Mailing_Address_City":"","Buyer_Mailing_Address_State":"","Buyer_Mailing_Address_Zip":"","MERIDIAN":"S","TWP_NUM":"18","TWP_NS":"N","RNG_NUM":"02","RNG_EW":"E","SECT_NUM":"02","GRIDNAME":"PA","GRIDNUM":"03","LANDVALUE":800.0,"LANDASSD":0.0,"BLDGVALUE":0.0,"BLDGASSD":0.0,"GENAREA":"3661","NBHD":"B_EXCEPT_A1","TAXZONE":"0020","CITY":"","COMMCOUN":"2","FSA":"004","RSA":"031","SSA_1":"","SSA_2":"","ESN":21,"ECN":15,"ASSMBDISTRICT":"1","VOTINGPRCNT":"29-530","DFIRM":"02170C7300E","SPUD":"Sutton","SUBDNUM":3492,"LEGAL":"MOOSE TWNST                        BLOCK 7 LOT 4","DOC1_DATE":"1988-10-03T00:00:00Z","DOC1_TYPE":"Patent","DOC1_RCRD":"Palmer-Bk 563 Pg 162","DOC2_DATE":null,"DOC2_TYPE":"","DOC2_RCRD":"","LANDUSE":"","RESUNIT":0.0,"MHUNIT":0.0,"DUPLEXUNIT":0.0,"MULTIUNIT":0.0,"GQUNIT":0.0,"MH_PK_UNIT":0.0,"BLDG_USE1":"","BLDG_USE2":"","BLDG_USE3":"","BLDG_USE4":"","BLDG_USE5":"","BLDG_USE6":"","Photo":"https://ecommerce.matsugov.us/assessment/Pages/Photos.aspx?isDLG=1&P_ID=16271","GlobalID":"{36393EB8-7940-4A19-B0F1-49D441031593}","Shape_Length":0.0014230500439004717,"Shape_Area":7.8804582950632808e-08},"geometry":{"type":"MultiPolygon","coordinates":[[[[-149.032546845999974,61.677551340000036,0.0],[-149.03312115099996,61.677550620000034,0.0],[-149.033121808999965,61.677687834000039,0.0],[-149.032547499999964,61.677688558000057,0.0],[-149.032546845999974,61.677551340000036,0.0]]]]}},
{"type":"Feature","properties":{"OBJECTID":60069,"ParcelType":1,"P_ID":35229,"ACCOUNT":"3492B08L009","TAXID_LOKI":"53492B08L009","ACRES":0.11489694,"TAXACRE":0.11,"ORIGACRE":0.11,"FTYPE":"PARCEL","GENOWN":"NATIVE CORP","BUYLEASE":"N","OWNER_1":"EKLUTNA INC","NAME_2":"","MAILING_ADDRESS_LINE_A":"# 201","MAILING_ADDRESS_LINE_B":"16515  CENTERFIELD DR ","MAILING_ADDRESS_CITY":"EAGLE RIVER","MAILING_ADDRESS_STATE":"AK","MAILING_ADDRESS_ZIP":"99577-7719","Buyer_Name":"","Buyer_Name_2":"","Buyer_Mailing_Address_A":"","Buyer_Mailing_Address_B":"","Buyer_Mailing_Address_City":"","Buyer_Mailing_Address_State":"","Buyer_Mailing_Address_Zip":"","MERIDIAN":"S","TWP_NUM":"18","TWP_NS":"N","RNG_NUM":"02","RNG_EW":"E","SECT_NUM":"02","GRIDNAME":"PA","GRIDNUM":"03","LANDVALUE":800.0,"LANDASSD":0.0,"BLDGVALUE":0.0,"BLDGASSD":0.0,"GENAREA":"3661","NBHD":"B_EXCEPT_A1","TAXZONE":"0020","CITY":"","COMMCOUN":"2","FSA":"004","RSA":"031","SSA_1":"","SSA_2":"","ESN":21,"ECN":15,"ASSMBDISTRICT":"1","VOTINGPRCNT":"29-530","DFIRM":"02170C7300E","SPUD":"Sutton","SUBDNUM":3492,"LEGAL":"MOOSE TWNST                        BLOCK 8 LOT 9","DOC1_DATE":"1988-10-03T00:00:00Z","DOC1_TYPE":"Patent","DOC1_RCRD":"Palmer-Bk 563 Pg 162","DOC2_DATE":null,"DOC2_TYPE":"","DOC2_RCRD":"","LANDUSE":"","RESUNIT":0.0,"MHUNIT":0.0,"DUPLEXUNIT":0.0,"MULTIUNIT":0.0,"GQUNIT":0.0,"MH_PK_UNIT":0.0,"BLDG_USE1":"","BLDG_USE2":"","BLDG_USE3":"","BLDG_USE4":"","BLDG_USE5":"","BLDG_USE6":"","Photo":"https://ecommerce.matsugov.us/assessment/Pages/Photos.aspx?isDLG=1&P_ID=35229","GlobalID":"{9592E298-F48A-49B1-BD64-983ED235A7A1}","Shape_Length":0.0014230569440062115,"Shape_Area":7.8807455249926026e-08},"geometry":{"type":"MultiPolygon","coordinates":[[[[-149.031570530999971,61.677552552000066,0.0],[-149.032144833999979,61.677551841000081,0.0],[-149.032145483999983,61.677689061000081,0.0],[-149.031571176999961,61.677689775000033,0.0],[-149.031570530999971,61.677552552000066,0.0]]]]}},
{"type":"Feature","properties":{"OBJECTID":60070,"ParcelType":1,"P_ID":88823,"ACCOUNT":"3492B08L004","TAXID_LOKI":"53492B08L004","ACRES":0.1149003,"TAXACRE":0.11,"ORIGACRE":0.11,"FTYPE":"PARCEL","GENOWN":"NATIVE CORP","BUYLEASE":"N","OWNER_1":"EKLUTNA INC","NAME_2":"","MAILING_ADDRESS_LINE_A":"# 201","MAILING_ADDRESS_LINE_B":"16515  CENTERFIELD DR ","MAILING_ADDRESS_CITY":"EAGLE RIVER","MAILING_ADDRESS_STATE":"AK","MAILING_ADDRESS_ZIP":"99577-7719","Buyer_Name":"","Buyer_Name_2":"","Buyer_Mailing_Address_A":"","Buyer_Mailing_Address_B":"","Buyer_Mailing_Address_City":"","Buyer_Mailing_Address_State":"","Buyer_Mailing_Address_Zip":"","MERIDIAN":"S","TWP_NUM":"18","TWP_NS":"N","RNG_NUM":"02","RNG_EW":"E","SECT_NUM":"02","GRIDNAME":"PA","GRIDNUM":"03","LANDVALUE":800.0,"LANDASSD":0.0,"BLDGVALUE":0.0,"BLDGASSD":0.0,"GENAREA":"3661","NBHD":"B_EXCEPT_A1","TAXZONE":"0020","CITY":"","COMMCOUN":"2","FSA":"004","RSA":"031","SSA_1":"","SSA_2":"","ESN":21,"ECN":15,"ASSMBDISTRICT":"1","VOTINGPRCNT":"29-530","DFIRM":"02170C7300E","SPUD":"Sutton","SUBDNUM":3492,"LEGAL":"MOOSE TWNST                        BLOCK 8 LOT 4","DOC1_DATE":"1988-10-03T00:00:00Z","DOC1_TYPE":"Patent","DOC1_RCRD":"Palmer-Bk 563 Pg 162","DOC2_DATE":null,"DOC2_TYPE":"","DOC2_RCRD":"","LANDUSE":"","RESUNIT":0.0,"MHUNIT":0.0,"DUPLEXUNIT":0.0,"MULTIUNIT":0.0,"GQUNIT":0.0,"MH_PK_UNIT":0.0,"BLDG_USE1":"","BLDG_USE2":"","BLDG_USE3":"","BLDG_USE4":"","BLDG_USE5":"","BLDG_USE6":"","Photo":"https://ecommerce.matsugov.us/assessment/Pages/Photos.aspx?isDLG=1&P_ID=88823","GlobalID":"{E203A5E0-0AD0-4784-B00B-75339D121A02}","Shape_Length":0.0014230629008281199,"Shape_Area":7.8810046330113949e-08},"geometry":{"type":"MultiPolygon","coordinates":[[[[-149.030881368999957,61.677553398000043,0.0],[-149.031455669999957,61.677552693000052,0.0],[-149.031456316999964,61.677689918000056,0.0],[-149.030882011999978,61.677690626000071,0.0],[-149.030881368999957,61.677553398000043,0.0]]]]}},
{"type":"Feature","properties":{"OBJECTID":60072,"ParcelType":2,"P_ID":5312,"ACCOUNT":"18N02E01C006","TAXID_LOKI":"118N02E01C006","ACRES":24.02465378,"TAXACRE":18.14,"ORIGACRE":23.86,"FTYPE":"PARCEL","GENOWN":"PRIVATE","BUYLEASE":"N","OWNER_1":"WADE DOUGLAS G","NAME_2":"GREEN CAROL A","MAILING_ADDRESS_LINE_A":"","MAILING_ADDRESS_LINE_B":"9505 N GLENN HWY ","MAILING_ADDRESS_CITY":"PALMER","MAILING_ADDRESS_STATE":"AK","MAILING_ADDRESS_ZIP":"99645","Buyer_Name":"","Buyer_Name_2":"","Buyer_Mailing_Address_A":"","Buyer_Mailing_Address_B":"","Buyer_Mailing_Address_City":"","Buyer_Mailing_Address_State":"","Buyer_Mailing_Address_Zip":"","MERIDIAN":"S","TWP_NUM":"18","TWP_NS":"N","RNG_NUM":"02","RNG_EW":"E","SECT_NUM":"01","GRIDNAME":"PA","GRIDNUM":"03","LANDVALUE":25000.0,"LANDASSD":0.0,"BLDGVALUE":325300.0,"BLDGASSD":65041.0,"GENAREA":"3661","NBHD":"B_EXCEPT_A1","TAXZONE":"0020","CITY":"","COMMCOUN":"2","FSA":"004","RSA":"031","SSA_1":"","SSA_2":"","ESN":21,"ECN":15,"ASSMBDISTRICT":"1","VOTINGPRCNT":"29-530","DFIRM":"02170C7300E","SPUD":"Sutton","SUBDNUM":0,"LEGAL":"TOWNSHIP 18N RANGE 2E              SECTION 1 LOT C6","DOC1_DATE":"2003-01-10T00:00:00Z","DOC1_TYPE":"QUITCLAIM DEED (ALL TYPE)","DOC1_RCRD":"Palmer-Bk  Pg 0","DOC2_DATE":"1999-02-09T00:00:00Z","DOC2_TYPE":"QUITCLAIM DEED (ALL TYPE)","DOC2_RCRD":"Palmer-Bk 998 Pg 287","LANDUSE":"","RESUNIT":2.0,"MHUNIT":0.0,"DUPLEXUNIT":0.0,"MULTIUNIT":0.0,"GQUNIT":0.0,"MH_PK_UNIT":0.0,"BLDG_USE1":"1100","BLDG_USE2":"1110","BLDG_USE3":"","BLDG_USE4":"","BLDG_USE5":"","BLDG_USE6":"","Photo":"https://ecommerce.matsugov.us/assessment/Pages/Photos.aspx?isDLG=1&P_ID=5312","GlobalID":"{5CB62297-278C-4190-9D1D-9ABD2017EC8D}","Shape_Length":0.017479695002622878,"Shape_Area":1.6477578291728768e-05},"geometry":{"type":"MultiPolygon","coordinates":[[[[-149.011992760999959,61.676958229000036,0.0],[-149.011996342999964,61.674367184000062,0.0],[-149.011996331999967,61.674367139000083,0.0],[-149.013823764999984,61.674772715000074,0.0],[-149.017701130999967,61.674502113000074,0.0],[-149.017701142999982,61.674502158000053,0.0],[-149.017697806999962,61.67714545900003,0.0],[-149.017697337999977,61.67753196600006,0.0],[-149.016847021999979,61.67764237800003,0.0],[-149.011992258999982,61.677336429000036,0.0],[-149.011992760999959,61.676958229000036,0.0]]]]}},
{"type":"Feature","properties":{"OBJECTID":60073,"ParcelType":2,"P_ID":73282,"ACCOUNT":"18N02E01A007","TAXID_LOKI":"118N02E01A007","ACRES":35.52834111,"TAXACRE":32.85,"ORIGACRE":32.85,"FTYPE":"PARCEL","GENOWN":"BOROUGH","BUYLEASE":"N","OWNER_1":"MATANUSKA-SUSITNA BOROUGH","NAME_2":"","MAILING_ADDRESS_LINE_A":"","MAILING_ADDRESS_LINE_B":"350 E DAHLIA AVE ","MAILING_ADDRESS_CITY":"PALMER","MAILING_ADDRESS_STATE":"AK","MAILING_ADDRESS_ZIP":"99645-6488","Buyer_Name":"","Buyer_Name_2":"","Buyer_Mailing_Address_A":"","Buyer_Mailing_Address_B":"","Buyer_Mailing_Address_City":"","Buyer_Mailing_Address_State":"","Buyer_Mailing_Address_Zip":"","MERIDIAN":"S","TWP_NUM":"18","TWP_NS":"N","RNG_NUM":"02","RNG_EW":"E","SECT_NUM":"01","GRIDNAME":"PA","GRIDNUM":"03","LANDVALUE":66100.0,"LANDASSD":0.0,"BLDGVALUE":0.0,"BLDGASSD":0.0,"GENAREA":"3661","NBHD":"B_EXCEPT_A1","TAXZONE":"0020","CITY":"","COMMCOUN":"2","FSA":"004","RSA":"031","SSA_1":"","SSA_2":"","ESN":21,"ECN":15,"ASSMBDISTRICT":"1","VOTINGPRCNT":"29-530","DFIRM":"02170C7300E","SPUD":"Sutton","SUBDNUM":0,"LEGAL":"TOWNSHIP 18N RANGE 2E              SECTION 1 LOT A7","DOC1_DATE":"1975-01-17T00:00:00Z","DOC1_TYPE":"Patent","DOC1_RCRD":"Palmer-Bk 92 Pg 939","DOC2_DATE":null,"DOC2_TYPE":"","DOC2_RCRD":"","LANDUSE":"","RESUNIT":0.0,"MHUNIT":0.0,"DUPLEXUNIT":0.0,"MULTIUNIT":0.0,"GQUNIT":0.0,"MH_PK_UNIT":0.0,"BLDG_USE1":"","BLDG_USE2":"","BLDG_USE3":"","BLDG_USE4":"","BLDG_USE5":"","BLDG_USE6":"","Photo":"https://ecommerce.matsugov.us/assessment/Pages/Photos.aspx?isDLG=1&P_ID=73282","GlobalID":"{8125EB46-0CAA-4FCA-841E-37C8ED5029DF}","Shape_Length":0.021384976593727564,"Shape_Area":2.4374411466007267e-05},"geometry":{"type":"MultiPolygon","coordinates":[[[[-148.99745822899996,61.677468070000032,0.0],[-148.997288224999977,61.677459553000062,0.0],[-148.996793179999969,61.677474008000047,0.0],[-148.99678820799997,61.675221757000031,0.0],[-148.996788195999983,61.675221712000052,0.0],[-148.998977470999961,61.674508850000052,0.0],[-149.000334718999966,61.674192923000078,0.0],[-149.000409125999965,61.674183663000065,0.0],[-149.000480142999976,61.674169624000058,0.0],[-149.000546416999981,61.674151072000029,0.0],[-149.000606683999962,61.674128361000044,0.0],[-149.000659798999976,61.67410192400007,0.0],[-149.000873172999974,61.674032671000077,0.0],[-149.001094181999974,61.673969056000033,0.0],[-149.00132216999998,61.67391126900003,0.0],[-149.001556455999975,61.673859483000058,0.0],[-149.00179634099996,61.67381385200008,0.0],[-149.002041109999965,61.67377451200008,0.0],[-149.00229003299998,61.673741580000069,0.0],[-149.002542367999979,61.673715155000082,0.0],[-149.002797361999967,61.673695315000032,0.0],[-149.003054253999977,61.67368212000008,0.0],[-149.00342893399997,61.673650056000042,0.0],[-149.00380256699998,61.673615343000051,0.0],[-149.004004005999974,61.673590464000029,0.0],[-149.00420711199996,61.673568866000039,0.0],[-149.00441165099997,61.673550571000078,0.0],[-149.004411662999956,61.673550616000057,0.0],[-149.004417014999973,61.677200162000076,0.0],[-149.002722989999967,61.677240825000069,0.0],[-149.002467026999966,61.677251131000048,0.0],[-149.002212188999977,61.677266493000047,0.0],[-149.001958917999957,61.677286885000058,0.0],[-149.001707652999983,61.677312269000083,0.0],[-149.001458831999969,61.677342604000046,0.0],[-149.00005889199997,61.677519557000039,0.0],[-148.999870117999961,61.677537087000076,0.0],[-148.999679440999984,61.67754910900004,0.0],[-148.999487576999968,61.677555580000046,0.0],[-148.99929524099997,61.677556476000063,0.0],[-148.999103145999982,61.677551793000077,0.0],[-148.998912011999977,61.677541548000079,0.0],[-148.99745822899996,61.677468070000032,0.0]]]]}},
{"type":"Feature","properties":{"OBJECTID":60074,"ParcelType":2,"P_ID":50911,"ACCOUNT":"18N03E06D005","TAXID_LOKI":"118N03E06D005","ACRES":3.69003359,"TAXACRE":3.37,"ORIGACRE":3.37,"FTYPE":"PARCEL","GENOWN":"PRIVATE","BUYLEASE":"N","OWNER_1":"PEABODY WILLIAM & MILLICENT TR","NAME_2":"PEABODY WILLIAM P & M E TRES","MAILING_ADDRESS_LINE_A":"","MAILING_ADDRESS_LINE_B":"7933 N LUCKY CIR ","MAILING_ADDRESS_CITY":"PALMER","MAILING_ADDRESS_STATE":"AK","MAILING_ADDRESS_ZIP":"99645","Buyer_Name":"","Buyer_Name_2":"","Buyer_Mailing_Address_A":"","Buyer_Mailing_Address_B":"","Buyer_Mailing_Address_City":"","Buyer_Mailing_Address_State":"","Buyer_Mailing_Address_Zip":"","MERIDIAN":"S","TWP_NUM":"18","TWP_NS":"N","RNG_NUM":"03","RNG_EW":"E","SECT_NUM":"06","GRIDNAME":"PA","GRIDNUM":"02","LANDVALUE":1700.0,"LANDASSD":1700.0,"BLDGVALUE":0.0,"BLDGASSD":0.0,"GENAREA":"3654","NBHD":"AG_LAND","TAXZONE":"0025","CITY":"","COMMCOUN":"15","FSA":"900","RSA":"019","SSA_1":"","SSA_2":"","ESN":23,"ECN":14,"ASSMBDISTRICT":"1","VOTINGPRCNT":"25-315","DFIRM":null,"SPUD":null,"SUBDNUM":0,"LEGAL":"TOWNSHIP 18N RANGE 3E              SECTION 6 LOT D5","DOC1_DATE":"2026-02-06T00:00:00Z","DOC1_TYPE":"QUITCLAIM DEED (ALL TYPE)","DOC1_RCRD":"Palmer-Bk  Pg ","DOC2_DATE":"2021-11-22T00:00:00Z","DOC2_TYPE":"WARRANTY DEED (ALL TYPES)","DOC2_RCRD":"Palmer-Bk  Pg ","LANDUSE":"","RESUNIT":0.0,"MHUNIT":0.0,"DUPLEXUNIT":0.0,"MULTIUNIT":0.0,"GQUNIT":0.0,"MH_PK_UNIT":0.0,"BLDG_USE1":"","BLDG_USE2":"","BLDG_USE3":"","BLDG_USE4":"","BLDG_USE5":"","BLDG_USE6":"","Photo":"https://ecommerce.matsugov.us/assessment/Pages/Photos.aspx?isDLG=1&P_ID=50911","GlobalID":"{F2FD1CD0-6530-4E1D-ADF7-96F6766DF9CD}","Shape_Length":0.0076951103637919113,"Shape_Area":2.5308250108809599e-06},"geometry":{"type":"MultiPolygon","coordinates":[[[[-148.977364609999967,61.675275655000064,0.0],[-148.977364664999982,61.675275655000064,0.0],[-148.976418128999967,61.676115321000054,0.0],[-148.974980539999962,61.677390496000044,0.0],[-148.974971685999975,61.675275326000076,0.0],[-148.977364609999967,61.675275655000064,0.0]]]]}},
{"type":"Feature","properties":{"OBJECTID":60075,"ParcelType":1,"P_ID":58708,"ACCOUNT":"3492B07L010","TAXID_LOKI":"53492B07L010","ACRES":0.1148905,"TAXACRE":0.11,"ORIGACRE":0.11,"FTYPE":"PARCEL","GENOWN":"NATIVE CORP","BUYLEASE":"N","OWNER_1":"EKLUTNA INC","NAME_2":"","MAILING_ADDRESS_LINE_A":"# 201","MAILING_ADDRESS_LINE_B":"16515  CENTERFIELD DR ","MAILING_ADDRESS_CITY":"EAGLE RIVER","MAILING_ADDRESS_STATE":"AK","MAILING_ADDRESS_ZIP":"99577-7719","Buyer_Name":"","Buyer_Name_2":"","Buyer_Mailing_Address_A":"","Buyer_Mailing_Address_B":"","Buyer_Mailing_Address_City":"","Buyer_Mailing_Address_State":"","Buyer_Mailing_Address_Zip":"","MERIDIAN":"S","TWP_NUM":"18","TWP_NS":"N","RNG_NUM":"02","RNG_EW":"E","SECT_NUM":"02","GRIDNAME":"PA","GRIDNUM":"03","LANDVALUE":800.0,"LANDASSD":0.0,"BLDGVALUE":0.0,"BLDGASSD":0.0,"GENAREA":"3661","NBHD":"B_EXCEPT_A1","TAXZONE":"0020","CITY":"","COMMCOUN":"2","FSA":"004","RSA":"031","SSA_1":"","SSA_2":"","ESN":21,"ECN":15,"ASSMBDISTRICT":"1","VOTINGPRCNT":"29-530","DFIRM":"02170C7300E","SPUD":"Sutton","SUBDNUM":3492,"LEGAL":"MOOSE TWNST                        BLOCK 7 LOT 10","DOC1_DATE":"1988-10-03T00:00:00Z","DOC1_TYPE":"Patent","DOC1_RCRD":"Palmer-Bk 563 Pg 162","DOC2_DATE":null,"DOC2_TYPE":"","DOC2_RCRD":"","LANDUSE":"","RESUNIT":0.0,"MHUNIT":0.0,"DUPLEXUNIT":0.0,"MULTIUNIT":0.0,"GQUNIT":0.0,"MH_PK_UNIT":0.0,"BLDG_USE1":"","BLDG_USE2":"","BLDG_USE3":"","BLDG_USE4":"","BLDG_USE5":"","BLDG_USE6":"","Photo":"https://ecommerce.matsugov.us/assessment/Pages/Photos.aspx?isDLG=1&P_ID=58708","GlobalID":"{5C33615D-A800-417A-BA5E-A8984C8D191C}","Shape_Length":0.0014230541137661545,"Shape_Area":7.8803337735815482e-08},"geometry":{"type":"MultiPolygon","coordinates":[[[[-149.033236670999969,61.677687689000038,0.0],[-149.033810981999977,61.677686958000038,0.0],[-149.033811643999968,61.677824169000075,0.0],[-149.033237329999963,61.677824903000044,0.0],[-149.033236670999969,61.677687689000038,0.0]]]]}},
{"type":"Feature","properties":{"OBJECTID":60077,"ParcelType":1,"P_ID":3552,"ACCOUNT":"3492B07L003","TAXID_LOKI":"53492B07L003","ACRES":0.11489346,"TAXACRE":0.11,"ORIGACRE":0.11,"FTYPE":"PARCEL","GENOWN":"NATIVE CORP","BUYLEASE":"N","OWNER_1":"EKLUTNA INC","NAME_2":"","MAILING_ADDRESS_LINE_A":"# 201","MAILING_ADDRESS_LINE_B":"16515  CENTERFIELD DR ","MAILING_ADDRESS_CITY":"EAGLE RIVER","MAILING_ADDRESS_STATE":"AK","MAILING_ADDRESS_ZIP":"99577-7719","Buyer_Name":"","Buyer_Name_2":"","Buyer_Mailing_Address_A":"","Buyer_Mailing_Address_B":"","Buyer_Mailing_Address_City":"","Buyer_Mailing_Address_State":"","Buyer_Mailing_Address_Zip":"","MERIDIAN":"S","TWP_NUM":"18","TWP_NS":"N","RNG_NUM":"02","RNG_EW":"E","SECT_NUM":"02","GRIDNAME":"PA","GRIDNUM":"03","LANDVALUE":800.0,"LANDASSD":0.0,"BLDGVALUE":0.0,"BLDGASSD":0.0,"GENAREA":"3661","NBHD":"B_EXCEPT_A1","TAXZONE":"0020","CITY":"","COMMCOUN":"2","FSA":"004","RSA":"031","SSA_1":"","SSA_2":"","ESN":21,"ECN":15,"ASSMBDISTRICT":"1","VOTINGPRCNT":"29-530","DFIRM":"02170C7300E","SPUD":"Sutton","SUBDNUM":3492,"LEGAL":"MOOSE TWNST                        BLOCK 7 LOT 3","DOC1_DATE":"1988-10-03T00:00:00Z","DOC1_TYPE":"Patent","DOC1_RCRD":"Palmer-Bk 563 Pg 162","DOC2_DATE":null,"DOC2_TYPE":"","DOC2_RCRD":"","LANDUSE":"","RESUNIT":0.0,"MHUNIT":0.0,"DUPLEXUNIT":0.0,"MULTIUNIT":0.0,"GQUNIT":0.0,"MH_PK_UNIT":0.0,"BLDG_USE1":"","BLDG_USE2":"","BLDG_USE3":"","BLDG_USE4":"","BLDG_USE5":"","BLDG_USE6":"","Photo":"https://ecommerce.matsugov.us/assessment/Pages/Photos.aspx?isDLG=1&P_ID=3552","GlobalID":"{135D1E7C-4E63-4D81-9D83-13F63686D3C8}","Shape_Length":0.0014230580479110469,"Shape_Area":7.8805352292894176e-08},"geometry":{"type":"MultiPolygon","coordinates":[[[[-149.032547499999964,61.677688558000057,0.0],[-149.033121808999965,61.677687834000039,0.0],[-149.03312246599998,61.677825049000035,0.0],[-149.032548153999983,61.677825776000077,0.0],[-149.032547499999964,61.677688558000057,0.0]]]]}},
{"type":"Feature","properties":{"OBJECTID":60081,"ParcelType":1,"P_ID":18691,"ACCOUNT":"3492B08L010","TAXID_LOKI":"53492B08L010","ACRES":0.11489811,"TAXACRE":0.11,"ORIGACRE":0.11,"FTYPE":"PARCEL","GENOWN":"NATIVE CORP","BUYLEASE":"N","OWNER_1":"EKLUTNA INC","NAME_2":"","MAILING_ADDRESS_LINE_A":"# 201","MAILING_ADDRESS_LINE_B":"16515  CENTERFIELD DR ","MAILING_ADDRESS_CITY":"EAGLE RIVER","MAILING_ADDRESS_STATE":"AK","MAILING_ADDRESS_ZIP":"99577-7719","Buyer_Name":"","Buyer_Name_2":"","Buyer_Mailing_Address_A":"","Buyer_Mailing_Address_B":"","Buyer_Mailing_Address_City":"","Buyer_Mailing_Address_State":"","Buyer_Mailing_Address_Zip":"","MERIDIAN":"S","TWP_NUM":"18","TWP_NS":"N","RNG_NUM":"02","RNG_EW":"E","SECT_NUM":"02","GRIDNAME":"PA","GRIDNUM":"03","LANDVALUE":800.0,"LANDASSD":0.0,"BLDGVALUE":0.0,"BLDGASSD":0.0,"GENAREA":"3661","NBHD":"B_EXCEPT_A1","TAXZONE":"0020","CITY":"","COMMCOUN":"2","FSA":"004","RSA":"031","SSA_1":"","SSA_2":"","ESN":21,"ECN":15,"ASSMBDISTRICT":"1","VOTINGPRCNT":"29-530","DFIRM":"02170C7300E","SPUD":"Sutton","SUBDNUM":3492,"LEGAL":"MOOSE TWNST                        BLOCK 8 LOT 10","DOC1_DATE":"1988-10-03T00:00:00Z","DOC1_TYPE":"Patent","DOC1_RCRD":"Palmer-Bk 563 Pg 162","DOC2_DATE":null,"DOC2_TYPE":"","DOC2_RCRD":"","LANDUSE":"","RESUNIT":0.0,"MHUNIT":0.0,"DUPLEXUNIT":0.0,"MULTIUNIT":0.0,"GQUNIT":0.0,"MH_PK_UNIT":0.0,"BLDG_USE1":"","BLDG_USE2":"","BLDG_USE3":"","BLDG_USE4":"","BLDG_USE5":"","BLDG_USE6":"","Photo":"https://ecommerce.matsugov.us/assessment/Pages/Photos.aspx?isDLG=1&P_ID=18691","GlobalID":"{D8C5769A-5843-457D-9966-6BA4EF95D1D6}","Shape_Length":0.0014230689668891989,"Shape_Area":7.8808937559451508e-08},"geometry":{"type":"MultiPolygon","coordinates":[[[[-149.031571176999961,61.677689775000033,0.0],[-149.032145483999983,61.677689061000081,0.0],[-149.032146135999966,61.677826282000069,0.0],[-149.031571823999968,61.677827,0.0],[-149.031571176999961,61.677689775000033,0.0]]]]}},
{"type":"Feature","properties":{"OBJECTID":60083,"ParcelType":1,"P_ID":72886,"ACCOUNT":"3492B08L003","TAXID_LOKI":"53492B08L003","ACRES":0.11490052,"TAXACRE":0.11,"ORIGACRE":0.11,"FTYPE":"PARCEL","GENOWN":"NATIVE CORP","BUYLEASE":"N","OWNER_1":"EKLUTNA INC","NAME_2":"","MAILING_ADDRESS_LINE_A":"# 201","MAILING_ADDRESS_LINE_B":"16515  CENTERFIELD DR ","MAILING_ADDRESS_CITY":"EAGLE RIVER","MAILING_ADDRESS_STATE":"AK","MAILING_ADDRESS_ZIP":"99577-7719","Buyer_Name":"","Buyer_Name_2":"","Buyer_Mailing_Address_A":"","Buyer_Mailing_Address_B":"","Buyer_Mailing_Address_City":"","Buyer_Mailing_Address_State":"","Buyer_Mailing_Address_Zip":"","MERIDIAN":"S","TWP_NUM":"18","TWP_NS":"N","RNG_NUM":"02","RNG_EW":"E","SECT_NUM":"02","GRIDNAME":"PA","GRIDNUM":"03","LANDVALUE":800.0,"LANDASSD":0.0,"BLDGVALUE":0.0,"BLDGASSD":0.0,"GENAREA":"3661","NBHD":"B_EXCEPT_A1","TAXZONE":"0020","CITY":"","COMMCOUN":"2","FSA":"004","RSA":"031","SSA_1":"","SSA_2":"","ESN":21,"ECN":15,"ASSMBDISTRICT":"1","VOTINGPRCNT":"29-530","DFIRM":"02170C7300E","SPUD":"Sutton","SUBDNUM":3492,"LEGAL":"MOOSE TWNST                        BLOCK 8 LOT 3","DOC1_DATE":"1988-10-03T00:00:00Z","DOC1_TYPE":"Patent","DOC1_RCRD":"Palmer-Bk 563 Pg 162","DOC2_DATE":null,"DOC2_TYPE":"","DOC2_RCRD":"","LANDUSE":"","RESUNIT":0.0,"MHUNIT":0.0,"DUPLEXUNIT":0.0,"MULTIUNIT":0.0,"GQUNIT":0.0,"MH_PK_UNIT":0.0,"BLDG_USE1":"","BLDG_USE2":"","BLDG_USE3":"","BLDG_USE4":"","BLDG_USE5":"","BLDG_USE6":"","Photo":"https://ecommerce.matsugov.us/assessment/Pages/Photos.aspx?isDLG=1&P_ID=72886","GlobalID":"{DC0C6063-B764-48EE-B200-602FE0D1E745}","Shape_Length":0.0014230689141235546,"Shape_Area":7.8810242069579687e-08},"geometry":{"type":"MultiPolygon","coordinates":[[[[-149.030882011999978,61.677690626000071,0.0],[-149.031456316999964,61.677689918000056,0.0],[-149.031456963999972,61.677827142000069,0.0],[-149.03088265599996,61.677827854000043,0.0],[-149.030882011999978,61.677690626000071,0.0]]]]}},
{"type":"Feature","properties":{"OBJECTID":60089,"ParcelType":1,"P_ID":28986,"ACCOUNT":"3492B07L011","TAXID_LOKI":"53492B07L011","ACRES":0.11489111,"TAXACRE":0.11,"ORIGACRE":0.11,"FTYPE":"PARCEL","GENOWN":"NATIVE CORP","BUYLEASE":"N","OWNER_1":"EKLUTNA INC","NAME_2":"","MAILING_ADDRESS_LINE_A":"# 201","MAILING_ADDRESS_LINE_B":"16515  CENTERFIELD DR ","MAILING_ADDRESS_CITY":"EAGLE RIVER","MAILING_ADDRESS_STATE":"AK","MAILING_ADDRESS_ZIP":"99577-7719","Buyer_Name":"","Buyer_Name_2":"","Buyer_Mailing_Address_A":"","Buyer_Mailing_Address_B":"","Buyer_Mailing_Address_City":"","Buyer_Mailing_Address_State":"","Buyer_Mailing_Address_Zip":"","MERIDIAN":"S","TWP_NUM":"18","TWP_NS":"N","RNG_NUM":"02","RNG_EW":"E","SECT_NUM":"02","GRIDNAME":"PA","GRIDNUM":"03","LANDVALUE":800.0,"LANDASSD":0.0,"BLDGVALUE":0.0,"BLDGASSD":0.0,"GENAREA":"3661","NBHD":"B_EXCEPT_A1","TAXZONE":"0020","CITY":"","COMMCOUN":"2","FSA":"004","RSA":"031","SSA_1":"","SSA_2":"","ESN":21,"ECN":15,"ASSMBDISTRICT":"1","VOTINGPRCNT":"29-530","DFIRM":"02170C7300E","SPUD":"Sutton","SUBDNUM":3492,"LEGAL":"MOOSE TWNST                        BLOCK 7 LOT 11","DOC1_DATE":"1988-10-03T00:00:00Z","DOC1_TYPE":"Patent","DOC1_RCRD":"Palmer-Bk 563 Pg 162","DOC2_DATE":null,"DOC2_TYPE":"","DOC2_RCRD":"","LANDUSE":"","RESUNIT":0.0,"MHUNIT":0.0,"DUPLEXUNIT":0.0,"MULTIUNIT":0.0,"GQUNIT":0.0,"MH_PK_UNIT":0.0,"BLDG_USE1":"","BLDG_USE2":"","BLDG_USE3":"","BLDG_USE4":"","BLDG_USE5":"","BLDG_USE6":"","Photo":"https://ecommerce.matsugov.us/assessment/Pages/Photos.aspx?isDLG=1&P_ID=28986","GlobalID":"{CCC4EE4B-6D8D-464C-B582-88C922454778}","Shape_Length":0.0014230631454653316,"Shape_Area":7.8804396094199516e-08},"geometry":{"type":"MultiPolygon","coordinates":[[[[-149.033237329999963,61.677824903000044,0.0],[-149.033811643999968,61.677824169000075,0.0],[-149.033812308999984,61.677961381000046,0.0],[-149.033237990999964,61.677962118000039,0.0],[-149.033237329999963,61.677824903000044,0.0]]]]}},
{"type":"Feature","properties":{"OBJECTID":60090,"ParcelType":1,"P_ID":19466,"ACCOUNT":"3492B07L002","TAXID_LOKI":"53492B07L002","ACRES":0.11489445,"TAXACRE":0.11,"ORIGACRE":0.11,"FTYPE":"PARCEL","GENOWN":"NATIVE CORP","BUYLEASE":"N","OWNER_1":"EKLUTNA INC","NAME_2":"","MAILING_ADDRESS_LINE_A":"# 201","MAILING_ADDRESS_LINE_B":"16515  CENTERFIELD DR ","MAILING_ADDRESS_CITY":"EAGLE RIVER","MAILING_ADDRESS_STATE":"AK","MAILING_ADDRESS_ZIP":"99577-7719","Buyer_Name":"","Buyer_Name_2":"","Buyer_Mailing_Address_A":"","Buyer_Mailing_Address_B":"","Buyer_Mailing_Address_City":"","Buyer_Mailing_Address_State":"","Buyer_Mailing_Address_Zip":"","MERIDIAN":"S","TWP_NUM":"18","TWP_NS":"N","RNG_NUM":"02","RNG_EW":"E","SECT_NUM":"02","GRIDNAME":"PA","GRIDNUM":"03","LANDVALUE":800.0,"LANDASSD":0.0,"BLDGVALUE":0.0,"BLDGASSD":0.0,"GENAREA":"3661","NBHD":"B_EXCEPT_A1","TAXZONE":"0020","CITY":"","COMMCOUN":"2","FSA":"004","RSA":"031","SSA_1":"","SSA_2":"","ESN":21,"ECN":15,"ASSMBDISTRICT":"1","VOTINGPRCNT":"29-530","DFIRM":"02170C7300E","SPUD":"Sutton","SUBDNUM":3492,"LEGAL":"MOOSE TWNST                        BLOCK 7 LOT 2","DOC1_DATE":"1988-10-03T00:00:00Z","DOC1_TYPE":"Patent","DOC1_RCRD":"Palmer-Bk 563 Pg 162","DOC2_DATE":null,"DOC2_TYPE":"","DOC2_RCRD":"","LANDUSE":"","RESUNIT":0.0,"MHUNIT":0.0,"DUPLEXUNIT":0.0,"MULTIUNIT":0.0,"GQUNIT":0.0,"MH_PK_UNIT":0.0,"BLDG_USE1":"","BLDG_USE2":"","BLDG_USE3":"","BLDG_USE4":"","BLDG_USE5":"","BLDG_USE6":"","Photo":"https://ecommerce.matsugov.us/assessment/Pages/Photos.aspx?isDLG=1&P_ID=19466","GlobalID":"{2ADC8E02-BFA4-4EE6-9E94-0D0C1858D86C}","Shape_Length":0.0014230680806894748,"Shape_Area":7.8806698144402986e-08},"geometry":{"type":"MultiPolygon","coordinates":[[[[-149.032548153999983,61.677825776000077,0.0],[-149.03312246599998,61.677825049000035,0.0],[-149.033123125999964,61.677962265000076,0.0],[-149.03254880999998,61.677962996000076,0.0],[-149.032548153999983,61.677825776000077,0.0]]]]}},
{"type":"Feature","properties":{"OBJECTID":60092,"ParcelType":1,"P_ID":14641,"ACCOUNT":"3492B08L011","TAXID_LOKI":"53492B08L011","ACRES":0.11489946,"TAXACRE":0.11,"ORIGACRE":0.11,"FTYPE":"PARCEL","GENOWN":"NATIVE CORP","BUYLEASE":"N","OWNER_1":"EKLUTNA INC","NAME_2":"","MAILING_ADDRESS_LINE_A":"# 201","MAILING_ADDRESS_LINE_B":"16515  CENTERFIELD DR ","MAILING_ADDRESS_CITY":"EAGLE RIVER","MAILING_ADDRESS_STATE":"AK","MAILING_ADDRESS_ZIP":"99577-7719","Buyer_Name":"","Buyer_Name_2":"","Buyer_Mailing_Address_A":"","Buyer_Mailing_Address_B":"","Buyer_Mailing_Address_City":"","Buyer_Mailing_Address_State":"","Buyer_Mailing_Address_Zip":"","MERIDIAN":"S","TWP_NUM":"18","TWP_NS":"N","RNG_NUM":"02","RNG_EW":"E","SECT_NUM":"02","GRIDNAME":"PA","GRIDNUM":"03","LANDVALUE":800.0,"LANDASSD":0.0,"BLDGVALUE":0.0,"BLDGASSD":0.0,"GENAREA":"3661","NBHD":"B_EXCEPT_A1","TAXZONE":"0020","CITY":"","COMMCOUN":"2","FSA":"004","RSA":"031","SSA_1":"","SSA_2":"","ESN":21,"ECN":15,"ASSMBDISTRICT":"1","VOTINGPRCNT":"29-530","DFIRM":"02170C7300E","SPUD":"Sutton","SUBDNUM":3492,"LEGAL":"MOOSE TWNST                        BLOCK 8 LOT 11","DOC1_DATE":"1988-10-03T00:00:00Z","DOC1_TYPE":"Patent","DOC1_RCRD":"Palmer-Bk 563 Pg 162","DOC2_DATE":null,"DOC2_TYPE":"","DOC2_RCRD":"","LANDUSE":"","RESUNIT":0.0,"MHUNIT":0.0,"DUPLEXUNIT":0.0,"MULTIUNIT":0.0,"GQUNIT":0.0,"MH_PK_UNIT":0.0,"BLDG_USE1":"","BLDG_USE2":"","BLDG_USE3":"","BLDG_USE4":"","BLDG_USE5":"","BLDG_USE6":"","Photo":"https://ecommerce.matsugov.us/assessment/Pages/Photos.aspx?isDLG=1&P_ID=14641","GlobalID":"{BC7171E4-AB19-4BDB-9EF1-164D106F1796}","Shape_Length":0.0014230769897674073,"Shape_Area":7.8809708344757526e-08},"geometry":{"type":"MultiPolygon","coordinates":[[[[-149.031571823999968,61.677827,0.0],[-149.032146135999966,61.677826282000069,0.0],[-149.032146787999977,61.677963504000047,0.0],[-149.031572473999972,61.677964225000039,0.0],[-149.031571823999968,61.677827,0.0]]]]}},
{"type":"Feature","properties":{"OBJECTID":60095,"ParcelType":1,"P_ID":17101,"ACCOUNT":"3492B08L002","TAXID_LOKI":"53492B08L002","ACRES":0.11490205,"TAXACRE":0.11,"ORIGACRE":0.11,"FTYPE":"PARCEL","GENOWN":"NATIVE CORP","BUYLEASE":"N","OWNER_1":"EKLUTNA INC","NAME_2":"","MAILING_ADDRESS_LINE_A":"# 201","MAILING_ADDRESS_LINE_B":"16515  CENTERFIELD DR ","MAILING_ADDRESS_CITY":"EAGLE RIVER","MAILING_ADDRESS_STATE":"AK","MAILING_ADDRESS_ZIP":"99577-7719","Buyer_Name":"","Buyer_Name_2":"","Buyer_Mailing_Address_A":"","Buyer_Mailing_Address_B":"","Buyer_Mailing_Address_City":"","Buyer_Mailing_Address_State":"","Buyer_Mailing_Address_Zip":"","MERIDIAN":"S","TWP_NUM":"18","TWP_NS":"N","RNG_NUM":"02","RNG_EW":"E","SECT_NUM":"02","GRIDNAME":"PA","GRIDNUM":"03","LANDVALUE":800.0,"LANDASSD":0.0,"BLDGVALUE":0.0,"BLDGASSD":0.0,"GENAREA":"3661","NBHD":"B_EXCEPT_A1","TAXZONE":"0020","CITY":"","COMMCOUN":"2","FSA":"004","RSA":"031","SSA_1":"","SSA_2":"","ESN":21,"ECN":15,"ASSMBDISTRICT":"1","VOTINGPRCNT":"29-530","DFIRM":"02170C7300E","SPUD":"Sutton","SUBDNUM":3492,"LEGAL":"MOOSE TWNST                        BLOCK 8 LOT 2","DOC1_DATE":"1988-10-03T00:00:00Z","DOC1_TYPE":"Patent","DOC1_RCRD":"Palmer-Bk 563 Pg 162","DOC2_DATE":null,"DOC2_TYPE":"","DOC2_RCRD":"","LANDUSE":"","RESUNIT":0.0,"MHUNIT":0.0,"DUPLEXUNIT":0.0,"MULTIUNIT":0.0,"GQUNIT":0.0,"MH_PK_UNIT":0.0,"BLDG_USE1":"","BLDG_USE2":"","BLDG_USE3":"","BLDG_USE4":"","BLDG_USE5":"","BLDG_USE6":"","Photo":"https://ecommerce.matsugov.us/assessment/Pages/Photos.aspx?isDLG=1&P_ID=17101","GlobalID":"{C0C259EC-F3E8-4256-8805-E579E2F7A376}","Shape_Length":0.001423078927469387,"Shape_Area":7.8812023526441719e-08},"geometry":{"type":"MultiPolygon","coordinates":[[[[-149.03088265599996,61.677827854000043,0.0],[-149.031456963999972,61.677827142000069,0.0],[-149.031457610999979,61.677964369000051,0.0],[-149.03088330099996,61.67796508400005,0.0],[-149.03088265599996,61.677827854000043,0.0]]]]}},
{"type":"Feature","properties":{"OBJECTID":60102,"ParcelType":1,"P_ID":63765,"ACCOUNT":"3492B06L002","TAXID_LOKI":"53492B06L002","ACRES":1.3440923,"TAXACRE":1.38,"ORIGACRE":1.38,"FTYPE":"PARCEL","GENOWN":"NATIVE CORP","BUYLEASE":"N","OWNER_1":"EKLUTNA INC","NAME_2":"","MAILING_ADDRESS_LINE_A":"# 201","MAILING_ADDRESS_LINE_B":"16515  CENTERFIELD DR ","MAILING_ADDRESS_CITY":"EAGLE RIVER","MAILING_ADDRESS_STATE":"AK","MAILING_ADDRESS_ZIP":"99577-7719","Buyer_Name":"","Buyer_Name_2":"","Buyer_Mailing_Address_A":"","Buyer_Mailing_Address_B":"","Buyer_Mailing_Address_City":"","Buyer_Mailing_Address_State":"","Buyer_Mailing_Address_Zip":"","MERIDIAN":"S","TWP_NUM":"18","TWP_NS":"N","RNG_NUM":"02","RNG_EW":"E","SECT_NUM":"02","GRIDNAME":"PA","GRIDNUM":"03","LANDVALUE":4600.0,"LANDASSD":0.0,"BLDGVALUE":0.0,"BLDGASSD":0.0,"GENAREA":"3661","NBHD":"B_EXCEPT_A1","TAXZONE":"0020","CITY":"","COMMCOUN":"2","FSA":"004","RSA":"031","SSA_1":"","SSA_2":"","ESN":21,"ECN":15,"ASSMBDISTRICT":"1","VOTINGPRCNT":"29-530","DFIRM":"02170C7300E","SPUD":"Sutton","SUBDNUM":3492,"LEGAL":"MOOSE TWNST                        BLOCK 6 LOT 2","DOC1_DATE":"1988-10-03T00:00:00Z","DOC1_TYPE":"Patent","DOC1_RCRD":"Palmer-Bk 563 Pg 162","DOC2_DATE":null,"DOC2_TYPE":"","DOC2_RCRD":"","LANDUSE":"","RESUNIT":0.0,"MHUNIT":0.0,"DUPLEXUNIT":0.0,"MULTIUNIT":0.0,"GQUNIT":0.0,"MH_PK_UNIT":0.0,"BLDG_USE1":"","BLDG_USE2":"","BLDG_USE3":"","BLDG_USE4":"","BLDG_USE5":"","BLDG_USE6":"","Photo":"https://ecommerce.matsugov.us/assessment/Pages/Photos.aspx?isDLG=1&P_ID=63765","GlobalID":"{A520B9DA-069E-48E8-9124-EF861604981D}","Shape_Length":0.0038862390732744929,"Shape_Area":9.2191229672059734e-07},"geometry":{"type":"MultiPolygon","coordinates":[[[[-149.035388323999967,61.677273318000061,0.0],[-149.036508215999959,61.677271864000033,0.0],[-149.036512311999957,61.678095038000038,0.0],[-149.035392370999972,61.678096528000083,0.0],[-149.035388323999967,61.677273318000061,0.0]]]]}},
{"type":"Feature","properties":{"OBJECTID":60103,"ParcelType":2,"P_ID":58093,"ACCOUNT":"18N02E01C012","TAXID_LOKI":"118N02E01C012","ACRES":15.64085293,"TAXACRE":13.17,"ORIGACRE":15.48,"FTYPE":"PARCEL","GENOWN":"PRIVATE","BUYLEASE":"N","OWNER_1":"CHICKALOON VILLAGE","NAME_2":"CHICKALOON VLG TRAD COUN","MAILING_ADDRESS_LINE_A":"","MAILING_ADDRESS_LINE_B":"PO BOX 1105","MAILING_ADDRESS_CITY":"CHICKALOON","MAILING_ADDRESS_STATE":"AK","MAILING_ADDRESS_ZIP":"99674-1105","Buyer_Name":"","Buyer_Name_2":"","Buyer_Mailing_Address_A":"","Buyer_Mailing_Address_B":"","Buyer_Mailing_Address_City":"","Buyer_Mailing_Address_State":"","Buyer_Mailing_Address_Zip":"","MERIDIAN":"S","TWP_NUM":"18","TWP_NS":"N","RNG_NUM":"02","RNG_EW":"E","SECT_NUM":"01","GRIDNAME":"PA","GRIDNUM":"03","LANDVALUE":37900.0,"LANDASSD":0.0,"BLDGVALUE":1454300.0,"BLDGASSD":0.0,"GENAREA":"3661","NBHD":"B_EXCEPT_A1","TAXZONE":"0020","CITY":"","COMMCOUN":"2","FSA":"004","RSA":"031","SSA_1":"","SSA_2":"","ESN":21,"ECN":15,"ASSMBDISTRICT":"1","VOTINGPRCNT":"29-530","DFIRM":"02170C7300E","SPUD":"Sutton","SUBDNUM":0,"LEGAL":"TOWNSHIP 18N RANGE 2E              SECTION 1 LOT C12","DOC1_DATE":null,"DOC1_TYPE":"","DOC1_RCRD":"","DOC2_DATE":null,"DOC2_TYPE":"","DOC2_RCRD":"","LANDUSE":"","RESUNIT":0.0,"MHUNIT":0.0,"DUPLEXUNIT":0.0,"MULTIUNIT":0.0,"GQUNIT":0.0,"MH_PK_UNIT":0.0,"BLDG_USE1":"6820","BLDG_USE2":"7100","BLDG_USE3":"","BLDG_USE4":"","BLDG_USE5":"","BLDG_USE6":"","Photo":"https://ecommerce.matsugov.us/assessment/Pages/Photos.aspx?isDLG=1&P_ID=58093","GlobalID":"{CF87C710-7E3D-4BA2-9A16-9CDCF7AF1843}","Shape_Length":0.015134051810415061,"Shape_Area":1.0713788398898479e-05},"geometry":{"type":"MultiPolygon","coordinates":[[[[-149.019689795999966,61.677304293000077,0.0],[-149.01970221299996,61.676910269000075,0.0],[-149.019700001999979,61.675779097000031,0.0],[-149.025200374999969,61.67543739000007,0.0],[-149.025200368999975,61.675437597000041,0.0],[-149.025129722999964,61.678031770000075,0.0],[-149.021969972999983,61.677427395000052,0.0],[-149.021650230999967,61.677390649000074,0.0],[-149.021327561999982,61.677360222000061,0.0],[-149.021002518999978,61.677336164000053,0.0],[-149.020675660999956,61.67731851700006,0.0],[-149.020347545999982,61.677307312000039,0.0],[-149.020018736999958,61.677302568000073,0.0],[-149.019689795999966,61.677304293000077,0.0]]]]}},
{"type":"Feature","properties":{"OBJECTID":60104,"ParcelType":1,"P_ID":30361,"ACCOUNT":"3492B06L001","TAXID_LOKI":"53492B06L001","ACRES":1.34414476,"TAXACRE":1.38,"ORIGACRE":1.38,"FTYPE":"PARCEL","GENOWN":"NATIVE CORP","BUYLEASE":"N","OWNER_1":"EKLUTNA INC","NAME_2":"","MAILING_ADDRESS_LINE_A":"# 201","MAILING_ADDRESS_LINE_B":"16515  CENTERFIELD DR ","MAILING_ADDRESS_CITY":"EAGLE RIVER","MAILING_ADDRESS_STATE":"AK","MAILING_ADDRESS_ZIP":"99577-7719","Buyer_Name":"","Buyer_Name_2":"","Buyer_Mailing_Address_A":"","Buyer_Mailing_Address_B":"","Buyer_Mailing_Address_City":"","Buyer_Mailing_Address_State":"","Buyer_Mailing_Address_Zip":"","MERIDIAN":"S","TWP_NUM":"18","TWP_NS":"N","RNG_NUM":"02","RNG_EW":"E","SECT_NUM":"02","GRIDNAME":"PA","GRIDNUM":"03","LANDVALUE":4600.0,"LANDASSD":0.0,"BLDGVALUE":0.0,"BLDGASSD":0.0,"GENAREA":"3661","NBHD":"B_EXCEPT_A1","TAXZONE":"0020","CITY":"","COMMCOUN":"2","FSA":"004","RSA":"031","SSA_1":"","SSA_2":"","ESN":21,"ECN":15,"ASSMBDISTRICT":"1","VOTINGPRCNT":"29-530","DFIRM":"02170C7300E","SPUD":"Sutton","SUBDNUM":3492,"LEGAL":"MOOSE TWNST                        BLOCK 6 LOT 1","DOC1_DATE":"1988-10-03T00:00:00Z","DOC1_TYPE":"Patent","DOC1_RCRD":"Palmer-Bk 563 Pg 162","DOC2_DATE":null,"DOC2_TYPE":"","DOC2_RCRD":"","LANDUSE":"","RESUNIT":0.0,"MHUNIT":0.0,"DUPLEXUNIT":0.0,"MULTIUNIT":0.0,"GQUNIT":0.0,"MH_PK_UNIT":0.0,"BLDG_USE1":"","BLDG_USE2":"","BLDG_USE3":"","BLDG_USE4":"","BLDG_USE5":"","BLDG_USE6":"","Photo":"https://ecommerce.matsugov.us/assessment/Pages/Photos.aspx?isDLG=1&P_ID=30361","GlobalID":"{D9249B8F-264B-4C21-BDA3-193452504EEA}","Shape_Length":0.0038863015310270171,"Shape_Area":9.2194904856553537e-07},"geometry":{"type":"MultiPolygon","coordinates":[[[[-149.03426843799997,61.677274750000038,0.0],[-149.035388323999967,61.677273318000061,0.0],[-149.035392370999972,61.678096528000083,0.0],[-149.034272434999963,61.678097998000055,0.0],[-149.03426843799997,61.677274750000038,0.0]]]]}},
{"type":"Feature","properties":{"OBJECTID":60105,"ParcelType":1,"P_ID":15337,"ACCOUNT":"3492B07L012","TAXID_LOKI":"53492B07L012","ACRES":0.11489263,"TAXACRE":0.11,"ORIGACRE":0.11,"FTYPE":"PARCEL","GENOWN":"NATIVE CORP","BUYLEASE":"N","OWNER_1":"EKLUTNA INC","NAME_2":"","MAILING_ADDRESS_LINE_A":"# 201","MAILING_ADDRESS_LINE_B":"16515  CENTERFIELD DR ","MAILING_ADDRESS_CITY":"EAGLE RIVER","MAILING_ADDRESS_STATE":"AK","MAILING_ADDRESS_ZIP":"99577-7719","Buyer_Name":"","Buyer_Name_2":"","Buyer_Mailing_Address_A":"","Buyer_Mailing_Address_B":"","Buyer_Mailing_Address_City":"","Buyer_Mailing_Address_State":"","Buyer_Mailing_Address_Zip":"","MERIDIAN":"S","TWP_NUM":"18","TWP_NS":"N","RNG_NUM":"02","RNG_EW":"E","SECT_NUM":"02","GRIDNAME":"PA","GRIDNUM":"03","LANDVALUE":800.0,"LANDASSD":0.0,"BLDGVALUE":0.0,"BLDGASSD":0.0,"GENAREA":"3661","NBHD":"B_EXCEPT_A1","TAXZONE":"0020","CITY":"","COMMCOUN":"2","FSA":"004","RSA":"031","SSA_1":"","SSA_2":"","ESN":21,"ECN":15,"ASSMBDISTRICT":"1","VOTINGPRCNT":"29-530","DFIRM":"02170C7300E","SPUD":"Sutton","SUBDNUM":3492,"LEGAL":"MOOSE TWNST                        BLOCK 7 LOT 12","DOC1_DATE":"1988-10-03T00:00:00Z","DOC1_TYPE":"Patent","DOC1_RCRD":"Palmer-Bk 563 Pg 162","DOC2_DATE":null,"DOC2_TYPE":"","DOC2_RCRD":"","LANDUSE":"","RESUNIT":0.0,"MHUNIT":0.0,"DUPLEXUNIT":0.0,"MULTIUNIT":0.0,"GQUNIT":0.0,"MH_PK_UNIT":0.0,"BLDG_USE1":"","BLDG_USE2":"","BLDG_USE3":"","BLDG_USE4":"","BLDG_USE5":"","BLDG_USE6":"","Photo":"https://ecommerce.matsugov.us/assessment/Pages/Photos.aspx?isDLG=1&P_ID=15337","GlobalID":"{E41B11B3-5835-4C94-9E2A-D83C4E8D34F6}","Shape_Length":0.0014230741580666918,"Shape_Area":7.8805590259594256e-08},"geometry":{"type":"MultiPolygon","coordinates":[[[[-149.033237990999964,61.677962118000039,0.0],[-149.033812308999984,61.677961381000046,0.0],[-149.033812974999961,61.678098594000062,0.0],[-149.033238651999966,61.67809933400008,0.0],[-149.033237990999964,61.677962118000039,0.0]]]]}},
{"type":"Feature","properties":{"OBJECTID":60106,"ParcelType":1,"P_ID":66141,"ACCOUNT":"3492B07L001","TAXID_LOKI":"53492B07L001","ACRES":0.11489598,"TAXACRE":0.11,"ORIGACRE":0.11,"FTYPE":"PARCEL","GENOWN":"NATIVE CORP","BUYLEASE":"N","OWNER_1":"EKLUTNA INC","NAME_2":"","MAILING_ADDRESS_LINE_A":"# 201","MAILING_ADDRESS_LINE_B":"16515  CENTERFIELD DR ","MAILING_ADDRESS_CITY":"EAGLE RIVER","MAILING_ADDRESS_STATE":"AK","MAILING_ADDRESS_ZIP":"99577-7719","Buyer_Name":"","Buyer_Name_2":"","Buyer_Mailing_Address_A":"","Buyer_Mailing_Address_B":"","Buyer_Mailing_Address_City":"","Buyer_Mailing_Address_State":"","Buyer_Mailing_Address_Zip":"","MERIDIAN":"S","TWP_NUM":"18","TWP_NS":"N","RNG_NUM":"02","RNG_EW":"E","SECT_NUM":"02","GRIDNAME":"PA","GRIDNUM":"03","LANDVALUE":800.0,"LANDASSD":0.0,"BLDGVALUE":0.0,"BLDGASSD":0.0,"GENAREA":"3661","NBHD":"B_EXCEPT_A1","TAXZONE":"0020","CITY":"","COMMCOUN":"2","FSA":"004","RSA":"031","SSA_1":"","SSA_2":"","ESN":21,"ECN":15,"ASSMBDISTRICT":"1","VOTINGPRCNT":"29-530","DFIRM":"02170C7300E","SPUD":"Sutton","SUBDNUM":3492,"LEGAL":"MOOSE TWNST                        BLOCK 7 LOT 1","DOC1_DATE":"1988-10-03T00:00:00Z","DOC1_TYPE":"Patent","DOC1_RCRD":"Palmer-Bk 563 Pg 162","DOC2_DATE":null,"DOC2_TYPE":"","DOC2_RCRD":"","LANDUSE":"","RESUNIT":0.0,"MHUNIT":0.0,"DUPLEXUNIT":0.0,"MULTIUNIT":0.0,"GQUNIT":0.0,"MH_PK_UNIT":0.0,"BLDG_USE1":"","BLDG_USE2":"","BLDG_USE3":"","BLDG_USE4":"","BLDG_USE5":"","BLDG_USE6":"","Photo":"https://ecommerce.matsugov.us/assessment/Pages/Photos.aspx?isDLG=1&P_ID=66141","GlobalID":"{22A4F3E6-9F74-4084-BAE3-24A5B06C54AD}","Shape_Length":0.001423079095567352,"Shape_Area":7.8807892919323522e-08},"geometry":{"type":"MultiPolygon","coordinates":[[[[-149.03254880999998,61.677962996000076,0.0],[-149.033123125999964,61.677962265000076,0.0],[-149.033123786999965,61.67809948200005,0.0],[-149.032549465999978,61.678100217000065,0.0],[-149.03254880999998,61.677962996000076,0.0]]]]}},
{"type":"Feature","properties":{"OBJECTID":60107,"ParcelType":1,"P_ID":69120,"ACCOUNT":"3492B08L012","TAXID_LOKI":"53492B08L012","ACRES":0.11490025,"TAXACRE":0.11,"ORIGACRE":0.11,"FTYPE":"PARCEL","GENOWN":"NATIVE CORP","BUYLEASE":"N","OWNER_1":"EKLUTNA INC","NAME_2":"","MAILING_ADDRESS_LINE_A":"# 201","MAILING_ADDRESS_LINE_B":"16515  CENTERFIELD DR ","MAILING_ADDRESS_CITY":"EAGLE RIVER","MAILING_ADDRESS_STATE":"AK","MAILING_ADDRESS_ZIP":"99577-7719","Buyer_Name":"","Buyer_Name_2":"","Buyer_Mailing_Address_A":"","Buyer_Mailing_Address_B":"","Buyer_Mailing_Address_City":"","Buyer_Mailing_Address_State":"","Buyer_Mailing_Address_Zip":"","MERIDIAN":"S","TWP_NUM":"18","TWP_NS":"N","RNG_NUM":"02","RNG_EW":"E","SECT_NUM":"02","GRIDNAME":"PA","GRIDNUM":"03","LANDVALUE":800.0,"LANDASSD":0.0,"BLDGVALUE":0.0,"BLDGASSD":0.0,"GENAREA":"3661","NBHD":"B_EXCEPT_A1","TAXZONE":"0020","CITY":"","COMMCOUN":"2","FSA":"004","RSA":"031","SSA_1":"","SSA_2":"","ESN":21,"ECN":15,"ASSMBDISTRICT":"1","VOTINGPRCNT":"29-530","DFIRM":"02170C7300E","SPUD":"Sutton","SUBDNUM":3492,"LEGAL":"MOOSE TWNST                        BLOCK 8 LOT 12","DOC1_DATE":"1988-10-03T00:00:00Z","DOC1_TYPE":"Patent","DOC1_RCRD":"Palmer-Bk 563 Pg 162","DOC2_DATE":null,"DOC2_TYPE":"","DOC2_RCRD":"","LANDUSE":"","RESUNIT":0.0,"MHUNIT":0.0,"DUPLEXUNIT":0.0,"MULTIUNIT":0.0,"GQUNIT":0.0,"MH_PK_UNIT":0.0,"BLDG_USE1":"","BLDG_USE2":"","BLDG_USE3":"","BLDG_USE4":"","BLDG_USE5":"","BLDG_USE6":"","Photo":"https://ecommerce.matsugov.us/assessment/Pages/Photos.aspx?isDLG=1&P_ID=69120","GlobalID":"{BA6523FD-9884-4E7B-A35A-712C98F28B63}","Shape_Length":0.0014230850128670325,"Shape_Area":7.8810916263566745e-08},"geometry":{"type":"MultiPolygon","coordinates":[[[[-149.031572473999972,61.677964225000039,0.0],[-149.032146787999977,61.677963504000047,0.0],[-149.032147441999967,61.678100727000071,0.0],[-149.031573124999966,61.678101452000078,0.0],[-149.031572473999972,61.677964225000039,0.0]]]]}},
{"type":"Feature","properties":{"OBJECTID":60109,"ParcelType":1,"P_ID":41725,"ACCOUNT":"3492B08L001","TAXID_LOKI":"53492B08L001","ACRES":0.11490341,"TAXACRE":0.11,"ORIGACRE":0.11,"FTYPE":"PARCEL","GENOWN":"NATIVE CORP","BUYLEASE":"N","OWNER_1":"EKLUTNA INC","NAME_2":"","MAILING_ADDRESS_LINE_A":"# 201","MAILING_ADDRESS_LINE_B":"16515  CENTERFIELD DR ","MAILING_ADDRESS_CITY":"EAGLE RIVER","MAILING_ADDRESS_STATE":"AK","MAILING_ADDRESS_ZIP":"99577-7719","Buyer_Name":"","Buyer_Name_2":"","Buyer_Mailing_Address_A":"","Buyer_Mailing_Address_B":"","Buyer_Mailing_Address_City":"","Buyer_Mailing_Address_State":"","Buyer_Mailing_Address_Zip":"","MERIDIAN":"S","TWP_NUM":"18","TWP_NS":"N","RNG_NUM":"02","RNG_EW":"E","SECT_NUM":"02","GRIDNAME":"PA","GRIDNUM":"03","LANDVALUE":800.0,"LANDASSD":0.0,"BLDGVALUE":0.0,"BLDGASSD":0.0,"GENAREA":"3661","NBHD":"B_EXCEPT_A1","TAXZONE":"0020","CITY":"","COMMCOUN":"2","FSA":"004","RSA":"031","SSA_1":"","SSA_2":"","ESN":21,"ECN":15,"ASSMBDISTRICT":"1","VOTINGPRCNT":"29-530","DFIRM":"02170C7300E","SPUD":"Sutton","SUBDNUM":3492,"LEGAL":"MOOSE TWNST                        BLOCK 8 LOT 1","DOC1_DATE":"1988-10-03T00:00:00Z","DOC1_TYPE":"Patent","DOC1_RCRD":"Palmer-Bk 563 Pg 162","DOC2_DATE":null,"DOC2_TYPE":"","DOC2_RCRD":"","LANDUSE":"","RESUNIT":0.0,"MHUNIT":0.0,"DUPLEXUNIT":0.0,"MULTIUNIT":0.0,"GQUNIT":0.0,"MH_PK_UNIT":0.0,"BLDG_USE1":"","BLDG_USE2":"","BLDG_USE3":"","BLDG_USE4":"","BLDG_USE5":"","BLDG_USE6":"","Photo":"https://ecommerce.matsugov.us/assessment/Pages/Photos.aspx?isDLG=1&P_ID=41725","GlobalID":"{1FC993A8-75AF-4EBA-A509-98C64EABE352}","Shape_Length":0.0014230879585510343,"Shape_Area":7.8813081877011225e-08},"geometry":{"type":"MultiPolygon","coordinates":[[[[-149.03088330099996,61.67796508400005,0.0],[-149.031457610999979,61.677964369000051,0.0],[-149.031458261999973,61.678101597000079,0.0],[-149.030883946999978,61.678102315000046,0.0],[-149.03088330099996,61.67796508400005,0.0]]]]}},
{"type":"Feature","properties":{"OBJECTID":60110,"ParcelType":1,"P_ID":82148,"ACCOUNT":"3492B090000","TAXID_LOKI":"53492B090000","ACRES":1.5167556,"TAXACRE":1.51,"ORIGACRE":1.51,"FTYPE":"PARCEL","GENOWN":"FEDERAL","BUYLEASE":"N","OWNER_1":"UNITED STATES OF AMERICA","NAME_2":"DEPT OF INTERIOR BUREAU OF LAND MANAGEME","MAILING_ADDRESS_LINE_A":"% FIELD MGR/ANCH FLD OFFC","MAILING_ADDRESS_LINE_B":"6881 ABBOT LOOP RD","MAILING_ADDRESS_CITY":"ANCHORAGE","MAILING_ADDRESS_STATE":"AK","MAILING_ADDRESS_ZIP":"99507","Buyer_Name":"","Buyer_Name_2":"","Buyer_Mailing_Address_A":"","Buyer_Mailing_Address_B":"","Buyer_Mailing_Address_City":"","Buyer_Mailing_Address_State":"","Buyer_Mailing_Address_Zip":"","MERIDIAN":"S","TWP_NUM":"18","TWP_NS":"N","RNG_NUM":"02","RNG_EW":"E","SECT_NUM":"02","GRIDNAME":"PA","GRIDNUM":"03","LANDVALUE":5800.0,"LANDASSD":0.0,"BLDGVALUE":0.0,"BLDGASSD":0.0,"GENAREA":"3661","NBHD":"B_EXCEPT_A1","TAXZONE":"0020","CITY":"","COMMCOUN":"2","FSA":"004","RSA":"031","SSA_1":"","SSA_2":"","ESN":21,"ECN":15,"ASSMBDISTRICT":"1","VOTINGPRCNT":"29-530","DFIRM":"02170C7300E","SPUD":"Sutton","SUBDNUM":3492,"LEGAL":"MOOSE TWNST                        BLOCK 9","DOC1_DATE":null,"DOC1_TYPE":"","DOC1_RCRD":"","DOC2_DATE":null,"DOC2_TYPE":"","DOC2_RCRD":"","LANDUSE":"","RESUNIT":0.0,"MHUNIT":0.0,"DUPLEXUNIT":0.0,"MULTIUNIT":0.0,"GQUNIT":0.0,"MH_PK_UNIT":0.0,"BLDG_USE1":"","BLDG_USE2":"","BLDG_USE3":"","BLDG_USE4":"","BLDG_USE5":"","BLDG_USE6":"","Photo":"https://ecommerce.matsugov.us/assessment/Pages/Photos.aspx?isDLG=1&P_ID=82148","GlobalID":"{5DDEF57C-6524-4F28-A781-7EE2BDF098FF}","Shape_Length":0.0041737436073471471,"Shape_Area":1.0403420128044136e-06},"geometry":{"type":"MultiPolygon","coordinates":[[[[-149.029272076999973,61.677280874000076,0.0],[-149.030535513999979,61.677279362000036,0.0],[-149.03053935799997,61.678102744000057,0.0],[-149.029275877999964,61.67810429900004,0.0],[-149.029272076999973,61.677280874000076,0.0]]]]}},
{"type":"Feature","properties":{"OBJECTID":60111,"ParcelType":1,"P_ID":16500,"ACCOUNT":"3492B100000","TAXID_LOKI":"53492B100000","ACRES":1.73015595,"TAXACRE":1.73,"ORIGACRE":1.73,"FTYPE":"PARCEL","GENOWN":"NATIVE CORP","BUYLEASE":"N","OWNER_1":"EKLUTNA INC","NAME_2":"","MAILING_ADDRESS_LINE_A":"# 201","MAILING_ADDRESS_LINE_B":"16515  CENTERFIELD DR ","MAILING_ADDRESS_CITY":"EAGLE RIVER","MAILING_ADDRESS_STATE":"AK","MAILING_ADDRESS_ZIP":"99577-7719","Buyer_Name":"","Buyer_Name_2":"","Buyer_Mailing_Address_A":"","Buyer_Mailing_Address_B":"","Buyer_Mailing_Address_City":"","Buyer_Mailing_Address_State":"","Buyer_Mailing_Address_Zip":"","MERIDIAN":"S","TWP_NUM":"18","TWP_NS":"N","RNG_NUM":"02","RNG_EW":"E","SECT_NUM":"02","GRIDNAME":"PA","GRIDNUM":"03","LANDVALUE":5800.0,"LANDASSD":0.0,"BLDGVALUE":0.0,"BLDGASSD":0.0,"GENAREA":"3661","NBHD":"B_EXCEPT_A1","TAXZONE":"0020","CITY":"","COMMCOUN":"2","FSA":"004","RSA":"031","SSA_1":"","SSA_2":"","ESN":21,"ECN":15,"ASSMBDISTRICT":"1","VOTINGPRCNT":"29-530","DFIRM":"02170C7300E","SPUD":"Sutton","SUBDNUM":3492,"LEGAL":"MOOSE TWNST                        BLOCK 10","DOC1_DATE":"1988-10-03T00:00:00Z","DOC1_TYPE":"Patent","DOC1_RCRD":"Palmer-Bk 563 Pg 162","DOC2_DATE":null,"DOC2_TYPE":"","DOC2_RCRD":"","LANDUSE":"","RESUNIT":0.0,"MHUNIT":0.0,"DUPLEXUNIT":0.0,"MULTIUNIT":0.0,"GQUNIT":0.0,"MH_PK_UNIT":0.0,"BLDG_USE1":"","BLDG_USE2":"","BLDG_USE3":"","BLDG_USE4":"","BLDG_USE5":"","BLDG_USE6":"","Photo":"https://ecommerce.matsugov.us/assessment/Pages/Photos.aspx?isDLG=1&P_ID=16500","GlobalID":"{65F20B87-FF76-4BCE-95AC-6893118E6D1C}","Shape_Length":0.0045291921778883156,"Shape_Area":1.1867140635620931e-06},"geometry":{"type":"MultiPolygon","coordinates":[[[[-149.027485899999959,61.677282978000051,0.0],[-149.028927004999957,61.67728128300007,0.0],[-149.028931294999978,61.678104719000032,0.0],[-149.02749014799997,61.678106458000059,0.0],[-149.027485899999959,61.677282978000051,0.0]]]]}},
{"type":"Feature","properties":{"OBJECTID":60132,"ParcelType":1,"P_ID":22053,"ACCOUNT":"3492B04L005","TAXID_LOKI":"53492B04L005","ACRES":0.11489498,"TAXACRE":0.11,"ORIGACRE":0.11,"FTYPE":"PARCEL","GENOWN":"NATIVE CORP","BUYLEASE":"N","OWNER_1":"EKLUTNA INC","NAME_2":"","MAILING_ADDRESS_LINE_A":"# 201","MAILING_ADDRESS_LINE_B":"16515  CENTERFIELD DR ","MAILING_ADDRESS_CITY":"EAGLE RIVER","MAILING_ADDRESS_STATE":"AK","MAILING_ADDRESS_ZIP":"99577-7719","Buyer_Name":"","Buyer_Name_2":"","Buyer_Mailing_Address_A":"","Buyer_Mailing_Address_B":"","Buyer_Mailing_Address_City":"","Buyer_Mailing_Address_State":"","Buyer_Mailing_Address_Zip":"","MERIDIAN":"S","TWP_NUM":"18","TWP_NS":"N","RNG_NUM":"02","RNG_EW":"E","SECT_NUM":"02","GRIDNAME":"PA","GRIDNUM":"03","LANDVALUE":800.0,"LANDASSD":0.0,"BLDGVALUE":0.0,"BLDGASSD":0.0,"GENAREA":"3661","NBHD":"B_EXCEPT_A1","TAXZONE":"0020","CITY":"","COMMCOUN":"2","FSA":"004","RSA":"031","SSA_1":"","SSA_2":"","ESN":21,"ECN":15,"ASSMBDISTRICT":"1","VOTINGPRCNT":"29-530","DFIRM":"02170C7300E","SPUD":"Sutton","SUBDNUM":3492,"LEGAL":"MOOSE TWNST                        BLOCK 4 LOT 5","DOC1_DATE":"1988-10-03T00:00:00Z","DOC1_TYPE":"Patent","DOC1_RCRD":"Palmer-Bk 563 Pg 162","DOC2_DATE":null,"DOC2_TYPE":"","DOC2_RCRD":"","LANDUSE":"","RESUNIT":0.0,"MHUNIT":0.0,"DUPLEXUNIT":0.0,"MULTIUNIT":0.0,"GQUNIT":0.0,"MH_PK_UNIT":0.0,"BLDG_USE1":"","BLDG_USE2":"","BLDG_USE3":"","BLDG_USE4":"","BLDG_USE5":"","BLDG_USE6":"","Photo":"https://ecommerce.matsugov.us/assessment/Pages/Photos.aspx?isDLG=1&P_ID=22053","GlobalID":"{A36B4C9D-D705-4E55-90F5-C2E04F462FFE}","Shape_Length":0.001423098220091125,"Shape_Area":7.8808120030402579e-08},"geometry":{"type":"MultiPolygon","coordinates":[[[[-149.033296878999977,61.678263922000042,0.0],[-149.033871206999976,61.67826317600003,0.0],[-149.033871876999967,61.678400391000082,0.0],[-149.033297543999964,61.678401140000062,0.0],[-149.033296878999977,61.678263922000042,0.0]]]]}},
{"type":"Feature","properties":{"OBJECTID":60134,"ParcelType":1,"P_ID":13488,"ACCOUNT":"3492B04L004","TAXID_LOKI":"53492B04L004","ACRES":0.11489812,"TAXACRE":0.11,"ORIGACRE":0.11,"FTYPE":"PARCEL","GENOWN":"NATIVE CORP","BUYLEASE":"N","OWNER_1":"EKLUTNA INC","NAME_2":"","MAILING_ADDRESS_LINE_A":"# 201","MAILING_ADDRESS_LINE_B":"16515  CENTERFIELD DR ","MAILING_ADDRESS_CITY":"EAGLE RIVER","MAILING_ADDRESS_STATE":"AK","MAILING_ADDRESS_ZIP":"99577-7719","Buyer_Name":"","Buyer_Name_2":"","Buyer_Mailing_Address_A":"","Buyer_Mailing_Address_B":"","Buyer_Mailing_Address_City":"","Buyer_Mailing_Address_State":"","Buyer_Mailing_Address_Zip":"","MERIDIAN":"S","TWP_NUM":"18","TWP_NS":"N","RNG_NUM":"02","RNG_EW":"E","SECT_NUM":"02","GRIDNAME":"PA","GRIDNUM":"03","LANDVALUE":800.0,"LANDASSD":0.0,"BLDGVALUE":0.0,"BLDGASSD":0.0,"GENAREA":"3661","NBHD":"B_EXCEPT_A1","TAXZONE":"0020","CITY":"","COMMCOUN":"2","FSA":"004","RSA":"031","SSA_1":"","SSA_2":"","ESN":21,"ECN":15,"ASSMBDISTRICT":"1","VOTINGPRCNT":"29-530","DFIRM":"02170C7300E","SPUD":"Sutton","SUBDNUM":3492,"LEGAL":"MOOSE TWNST                        BLOCK 4 LOT 4","DOC1_DATE":"1988-10-03T00:00:00Z","DOC1_TYPE":"Patent","DOC1_RCRD":"Palmer-Bk 563 Pg 162","DOC2_DATE":null,"DOC2_TYPE":"","DOC2_RCRD":"","LANDUSE":"","RESUNIT":0.0,"MHUNIT":0.0,"DUPLEXUNIT":0.0,"MULTIUNIT":0.0,"GQUNIT":0.0,"MH_PK_UNIT":0.0,"BLDG_USE1":"","BLDG_USE2":"","BLDG_USE3":"","BLDG_USE4":"","BLDG_USE5":"","BLDG_USE6":"","Photo":"https://ecommerce.matsugov.us/assessment/Pages/Photos.aspx?isDLG=1&P_ID=13488","GlobalID":"{80A1FD08-5B8C-4BA7-9B54-AB0A04D44D2A}","Shape_Length":0.0014231021437054367,"Shape_Area":7.8810570887368622e-08},"geometry":{"type":"MultiPolygon","coordinates":[[[[-149.032607688999974,61.678264809000041,0.0],[-149.033182012999958,61.678264070000068,0.0],[-149.033182677999974,61.678401290000068,0.0],[-149.032608346999979,61.678402032000065,0.0],[-149.032607688999974,61.678264809000041,0.0]]]]}},
{"type":"Feature","properties":{"OBJECTID":60135,"ParcelType":1,"P_ID":78325,"ACCOUNT":"3492B03L005","TAXID_LOKI":"53492B03L005","ACRES":0.11490315,"TAXACRE":0.11,"ORIGACRE":0.11,"FTYPE":"PARCEL","GENOWN":"NATIVE CORP","BUYLEASE":"N","OWNER_1":"EKLUTNA INC","NAME_2":"","MAILING_ADDRESS_LINE_A":"# 201","MAILING_ADDRESS_LINE_B":"16515  CENTERFIELD DR ","MAILING_ADDRESS_CITY":"EAGLE RIVER","MAILING_ADDRESS_STATE":"AK","MAILING_ADDRESS_ZIP":"99577-7719","Buyer_Name":"","Buyer_Name_2":"","Buyer_Mailing_Address_A":"","Buyer_Mailing_Address_B":"","Buyer_Mailing_Address_City":"","Buyer_Mailing_Address_State":"","Buyer_Mailing_Address_Zip":"","MERIDIAN":"S","TWP_NUM":"18","TWP_NS":"N","RNG_NUM":"02","RNG_EW":"E","SECT_NUM":"02","GRIDNAME":"PA","GRIDNUM":"03","LANDVALUE":800.0,"LANDASSD":0.0,"BLDGVALUE":0.0,"BLDGASSD":0.0,"GENAREA":"3661","NBHD":"B_EXCEPT_A1","TAXZONE":"0020","CITY":"","COMMCOUN":"2","FSA":"004","RSA":"031","SSA_1":"","SSA_2":"","ESN":21,"ECN":15,"ASSMBDISTRICT":"1","VOTINGPRCNT":"29-530","DFIRM":"02170C7300E","SPUD":"Sutton","SUBDNUM":3492,"LEGAL":"MOOSE TWNST                        BLOCK 3 LOT 5","DOC1_DATE":"1988-10-03T00:00:00Z","DOC1_TYPE":"Patent","DOC1_RCRD":"Palmer-Bk 563 Pg 162","DOC2_DATE":null,"DOC2_TYPE":"","DOC2_RCRD":"","LANDUSE":"","RESUNIT":0.0,"MHUNIT":0.0,"DUPLEXUNIT":0.0,"MULTIUNIT":0.0,"GQUNIT":0.0,"MH_PK_UNIT":0.0,"BLDG_USE1":"","BLDG_USE2":"","BLDG_USE3":"","BLDG_USE4":"","BLDG_USE5":"","BLDG_USE6":"","Photo":"https://ecommerce.matsugov.us/assessment/Pages/Photos.aspx?isDLG=1&P_ID=78325","GlobalID":"{E71C43EA-CFC2-4403-B78C-773642583CEB}","Shape_Length":0.0014231080568502951,"Shape_Area":7.8813812693036203e-08},"geometry":{"type":"MultiPolygon","coordinates":[[[[-149.031573906999967,61.67826612600004,0.0],[-149.032148228999972,61.678265396000029,0.0],[-149.032148885999959,61.678402623000068,0.0],[-149.031574559999967,61.678403355000057,0.0],[-149.031573906999967,61.67826612600004,0.0]]]]}},
{"type":"Feature","properties":{"OBJECTID":60136,"ParcelType":1,"P_ID":37137,"ACCOUNT":"3492B03L004","TAXID_LOKI":"53492B03L004","ACRES":0.11490629,"TAXACRE":0.11,"ORIGACRE":0.11,"FTYPE":"PARCEL","GENOWN":"NATIVE CORP","BUYLEASE":"N","OWNER_1":"EKLUTNA INC","NAME_2":"","MAILING_ADDRESS_LINE_A":"# 201","MAILING_ADDRESS_LINE_B":"16515  CENTERFIELD DR ","MAILING_ADDRESS_CITY":"EAGLE RIVER","MAILING_ADDRESS_STATE":"AK","MAILING_ADDRESS_ZIP":"99577-7719","Buyer_Name":"","Buyer_Name_2":"","Buyer_Mailing_Address_A":"","Buyer_Mailing_Address_B":"","Buyer_Mailing_Address_City":"","Buyer_Mailing_Address_State":"","Buyer_Mailing_Address_Zip":"","MERIDIAN":"S","TWP_NUM":"18","TWP_NS":"N","RNG_NUM":"02","RNG_EW":"E","SECT_NUM":"02","GRIDNAME":"PA","GRIDNUM":"03","LANDVALUE":800.0,"LANDASSD":0.0,"BLDGVALUE":0.0,"BLDGASSD":0.0,"GENAREA":"3661","NBHD":"B_EXCEPT_A1","TAXZONE":"0020","CITY":"","COMMCOUN":"2","FSA":"004","RSA":"031","SSA_1":"","SSA_2":"","ESN":21,"ECN":15,"ASSMBDISTRICT":"1","VOTINGPRCNT":"29-530","DFIRM":"02170C7300E","SPUD":"Sutton","SUBDNUM":3492,"LEGAL":"MOOSE TWNST                        BLOCK 3 LOT 4","DOC1_DATE":"1988-10-03T00:00:00Z","DOC1_TYPE":"Patent","DOC1_RCRD":"Palmer-Bk 563 Pg 162","DOC2_DATE":null,"DOC2_TYPE":"","DOC2_RCRD":"","LANDUSE":"","RESUNIT":0.0,"MHUNIT":0.0,"DUPLEXUNIT":0.0,"MULTIUNIT":0.0,"GQUNIT":0.0,"MH_PK_UNIT":0.0,"BLDG_USE1":"","BLDG_USE2":"","BLDG_USE3":"","BLDG_USE4":"","BLDG_USE5":"","BLDG_USE6":"","Photo":"https://ecommerce.matsugov.us/assessment/Pages/Photos.aspx?isDLG=1&P_ID=37137","GlobalID":"{0693CACA-955E-437E-BD2A-4DD05B99E2AD}","Shape_Length":0.0014231109891981596,"Shape_Area":7.8815758968935022e-08},"geometry":{"type":"MultiPolygon","coordinates":[[[[-149.030884722999957,61.678266994000069,0.0],[-149.031459042999984,61.678266270000051,0.0],[-149.031459693999977,61.678403501000048,0.0],[-149.030885370999982,61.678404227000044,0.0],[-149.030884722999957,61.678266994000069,0.0]]]]}},
{"type":"Feature","properties":{"OBJECTID":60139,"ParcelType":2,"P_ID":30385,"ACCOUNT":"18N02E01C011","TAXID_LOKI":"118N02E01C011","ACRES":8.55618422,"TAXACRE":7.96,"ORIGACRE":8.89,"FTYPE":"PARCEL","GENOWN":"PRIVATE","BUYLEASE":"N","OWNER_1":"CHICKALOON VILLAGE TRADITIONAL COUNCIL","NAME_2":"","MAILING_ADDRESS_LINE_A":"","MAILING_ADDRESS_LINE_B":"PO BOX 1105","MAILING_ADDRESS_CITY":"SUTTON","MAILING_ADDRESS_STATE":"AK","MAILING_ADDRESS_ZIP":"99674-1105","Buyer_Name":"","Buyer_Name_2":"","Buyer_Mailing_Address_A":"","Buyer_Mailing_Address_B":"","Buyer_Mailing_Address_City":"","Buyer_Mailing_Address_State":"","Buyer_Mailing_Address_Zip":"","MERIDIAN":"S","TWP_NUM":"18","TWP_NS":"N","RNG_NUM":"02","RNG_EW":"E","SECT_NUM":"02","GRIDNAME":"PA","GRIDNUM":"03","LANDVALUE":32000.0,"LANDASSD":0.0,"BLDGVALUE":438900.0,"BLDGASSD":0.0,"GENAREA":"3661","NBHD":"B_EXCEPT_A1","TAXZONE":"0020","CITY":"","COMMCOUN":"2","FSA":"004","RSA":"031","SSA_1":"","SSA_2":"","ESN":21,"ECN":15,"ASSMBDISTRICT":"1","VOTINGPRCNT":"29-530","DFIRM":"02170C7300E","SPUD":"Sutton","SUBDNUM":0,"LEGAL":"TOWNSHIP 18N RANGE 2E              SECTION 1 LOT C11","DOC1_DATE":"2021-08-26T00:00:00Z","DOC1_TYPE":"WARRANTY DEED (ALL TYPES)","DOC1_RCRD":"Palmer-Bk  Pg ","DOC2_DATE":"2018-04-24T00:00:00Z","DOC2_TYPE":"TRANSFER ON DEATH","DOC2_RCRD":"Palmer-Bk  Pg ","LANDUSE":"","RESUNIT":1.0,"MHUNIT":0.0,"DUPLEXUNIT":0.0,"MULTIUNIT":0.0,"GQUNIT":0.0,"MH_PK_UNIT":0.0,"BLDG_USE1":"1100","BLDG_USE2":"6300","BLDG_USE3":"","BLDG_USE4":"","BLDG_USE5":"","BLDG_USE6":"","Photo":"https://ecommerce.matsugov.us/assessment/Pages/Photos.aspx?isDLG=1&P_ID=30385","GlobalID":"{D61DB418-3C23-4316-83FA-3DC58037083C}","Shape_Length":0.0098746641448456216,"Shape_Area":5.8685175397799962e-06},"geometry":{"type":"MultiPolygon","coordinates":[[[[-149.025200374999969,61.67543739000007,0.0],[-149.027206331999963,61.675312996000059,0.0],[-149.027208965999961,61.678459687000043,0.0],[-149.025129722999964,61.678031770000075,0.0],[-149.025200368999975,61.675437597000041,0.0],[-149.025200374999969,61.67543739000007,0.0]]]]}},
{"type":"Feature","properties":{"OBJECTID":60142,"ParcelType":1,"P_ID":84524,"ACCOUNT":"3492B04L006","TAXID_LOKI":"53492B04L006","ACRES":0.11489671,"TAXACRE":0.11,"ORIGACRE":0.11,"FTYPE":"PARCEL","GENOWN":"NATIVE CORP","BUYLEASE":"N","OWNER_1":"EKLUTNA INC","NAME_2":"","MAILING_ADDRESS_LINE_A":"# 201","MAILING_ADDRESS_LINE_B":"16515  CENTERFIELD DR ","MAILING_ADDRESS_CITY":"EAGLE RIVER","MAILING_ADDRESS_STATE":"AK","MAILING_ADDRESS_ZIP":"99577-7719","Buyer_Name":"","Buyer_Name_2":"","Buyer_Mailing_Address_A":"","Buyer_Mailing_Address_B":"","Buyer_Mailing_Address_City":"","Buyer_Mailing_Address_State":"","Buyer_Mailing_Address_Zip":"","MERIDIAN":"S","TWP_NUM":"18","TWP_NS":"N","RNG_NUM":"02","RNG_EW":"E","SECT_NUM":"02","GRIDNAME":"PA","GRIDNUM":"03","LANDVALUE":800.0,"LANDASSD":0.0,"BLDGVALUE":0.0,"BLDGASSD":0.0,"GENAREA":"3661","NBHD":"B_EXCEPT_A1","TAXZONE":"0020","CITY":"","COMMCOUN":"2","FSA":"004","RSA":"031","SSA_1":"","SSA_2":"","ESN":21,"ECN":15,"ASSMBDISTRICT":"1","VOTINGPRCNT":"29-530","DFIRM":"02170C7300E","SPUD":"Sutton","SUBDNUM":3492,"LEGAL":"MOOSE TWNST                        BLOCK 4 LOT 6","DOC1_DATE":"1988-10-03T00:00:00Z","DOC1_TYPE":"Patent","DOC1_RCRD":"Palmer-Bk 563 Pg 162","DOC2_DATE":null,"DOC2_TYPE":"","DOC2_RCRD":"","LANDUSE":"","RESUNIT":0.0,"MHUNIT":0.0,"DUPLEXUNIT":0.0,"MULTIUNIT":0.0,"GQUNIT":0.0,"MH_PK_UNIT":0.0,"BLDG_USE1":"","BLDG_USE2":"","BLDG_USE3":"","BLDG_USE4":"","BLDG_USE5":"","BLDG_USE6":"","Photo":"https://ecommerce.matsugov.us/assessment/Pages/Photos.aspx?isDLG=1&P_ID=84524","GlobalID":"{E2CDF767-E7D5-4215-915F-9710E1F5BC27}","Shape_Length":0.0014231082339352661,"Shape_Area":7.8809464476240334e-08},"geometry":{"type":"MultiPolygon","coordinates":[[[[-149.033297543999964,61.678401140000062,0.0],[-149.033871876999967,61.678400391000082,0.0],[-149.033872545999969,61.678537607000067,0.0],[-149.033298210999959,61.678538360000061,0.0],[-149.033297543999964,61.678401140000062,0.0]]]]}},
{"type":"Feature","properties":{"OBJECTID":60143,"ParcelType":1,"P_ID":85289,"ACCOUNT":"3492B04L003","TAXID_LOKI":"53492B04L003","ACRES":0.11489967,"TAXACRE":0.11,"ORIGACRE":0.11,"FTYPE":"PARCEL","GENOWN":"NATIVE CORP","BUYLEASE":"N","OWNER_1":"EKLUTNA INC","NAME_2":"","MAILING_ADDRESS_LINE_A":"# 201","MAILING_ADDRESS_LINE_B":"16515  CENTERFIELD DR ","MAILING_ADDRESS_CITY":"EAGLE RIVER","MAILING_ADDRESS_STATE":"AK","MAILING_ADDRESS_ZIP":"99577-7719","Buyer_Name":"","Buyer_Name_2":"","Buyer_Mailing_Address_A":"","Buyer_Mailing_Address_B":"","Buyer_Mailing_Address_City":"","Buyer_Mailing_Address_State":"","Buyer_Mailing_Address_Zip":"","MERIDIAN":"S","TWP_NUM":"18","TWP_NS":"N","RNG_NUM":"02","RNG_EW":"E","SECT_NUM":"02","GRIDNAME":"PA","GRIDNUM":"03","LANDVALUE":800.0,"LANDASSD":0.0,"BLDGVALUE":0.0,"BLDGASSD":0.0,"GENAREA":"3661","NBHD":"B_EXCEPT_A1","TAXZONE":"0020","CITY":"","COMMCOUN":"2","FSA":"004","RSA":"031","SSA_1":"","SSA_2":"","ESN":21,"ECN":15,"ASSMBDISTRICT":"1","VOTINGPRCNT":"29-530","DFIRM":"02170C7300E","SPUD":"Sutton","SUBDNUM":3492,"LEGAL":"MOOSE TWNST                        BLOCK 4 LOT 3","DOC1_DATE":"1988-10-03T00:00:00Z","DOC1_TYPE":"Patent","DOC1_RCRD":"Palmer-Bk 563 Pg 162","DOC2_DATE":null,"DOC2_TYPE":"","DOC2_RCRD":"","LANDUSE":"","RESUNIT":0.0,"MHUNIT":0.0,"DUPLEXUNIT":0.0,"MULTIUNIT":0.0,"GQUNIT":0.0,"MH_PK_UNIT":0.0,"BLDG_USE1":"","BLDG_USE2":"","BLDG_USE3":"","BLDG_USE4":"","BLDG_USE5":"","BLDG_USE6":"","Photo":"https://ecommerce.matsugov.us/assessment/Pages/Photos.aspx?isDLG=1&P_ID=85289","GlobalID":"{2B60482C-8793-4D87-8048-F52C2C8766F3}","Shape_Length":0.0014231121671398042,"Shape_Area":7.8811478979603004e-08},"geometry":{"type":"MultiPolygon","coordinates":[[[[-149.032608346999979,61.678402032000065,0.0],[-149.033182677999974,61.678401290000068,0.0],[-149.033183341999973,61.678538510000067,0.0],[-149.03260900899997,61.678539256000079,0.0],[-149.032608346999979,61.678402032000065,0.0]]]]}},
{"type":"Feature","properties":{"OBJECTID":60146,"ParcelType":1,"P_ID":83640,"ACCOUNT":"3492B03L006","TAXID_LOKI":"53492B03L006","ACRES":0.11490467,"TAXACRE":0.11,"ORIGACRE":0.11,"FTYPE":"PARCEL","GENOWN":"NATIVE CORP","BUYLEASE":"N","OWNER_1":"EKLUTNA INC","NAME_2":"","MAILING_ADDRESS_LINE_A":"# 201","MAILING_ADDRESS_LINE_B":"16515  CENTERFIELD DR ","MAILING_ADDRESS_CITY":"EAGLE RIVER","MAILING_ADDRESS_STATE":"AK","MAILING_ADDRESS_ZIP":"99577-7719","Buyer_Name":"","Buyer_Name_2":"","Buyer_Mailing_Address_A":"","Buyer_Mailing_Address_B":"","Buyer_Mailing_Address_City":"","Buyer_Mailing_Address_State":"","Buyer_Mailing_Address_Zip":"","MERIDIAN":"S","TWP_NUM":"18","TWP_NS":"N","RNG_NUM":"02","RNG_EW":"E","SECT_NUM":"02","GRIDNAME":"PA","GRIDNUM":"03","LANDVALUE":800.0,"LANDASSD":0.0,"BLDGVALUE":0.0,"BLDGASSD":0.0,"GENAREA":"3661","NBHD":"B_EXCEPT_A1","TAXZONE":"0020","CITY":"","COMMCOUN":"2","FSA":"004","RSA":"031","SSA_1":"","SSA_2":"","ESN":21,"ECN":15,"ASSMBDISTRICT":"1","VOTINGPRCNT":"29-530","DFIRM":"02170C7300E","SPUD":"Sutton","SUBDNUM":3492,"LEGAL":"MOOSE TWNST                        BLOCK 3 LOT 6","DOC1_DATE":"1988-10-03T00:00:00Z","DOC1_TYPE":"Patent","DOC1_RCRD":"Palmer-Bk 563 Pg 162","DOC2_DATE":null,"DOC2_TYPE":"","DOC2_RCRD":"","LANDUSE":"","RESUNIT":0.0,"MHUNIT":0.0,"DUPLEXUNIT":0.0,"MULTIUNIT":0.0,"GQUNIT":0.0,"MH_PK_UNIT":0.0,"BLDG_USE1":"","BLDG_USE2":"","BLDG_USE3":"","BLDG_USE4":"","BLDG_USE5":"","BLDG_USE6":"","Photo":"https://ecommerce.matsugov.us/assessment/Pages/Photos.aspx?isDLG=1&P_ID=83640","GlobalID":"{A07ED741-1FDD-44AD-B5AE-2EC9C05B6F6E}","Shape_Length":0.0014231190691814282,"Shape_Area":7.8815006856463326e-08},"geometry":{"type":"MultiPolygon","coordinates":[[[[-149.031574559999967,61.678403355000057,0.0],[-149.032148885999959,61.678402623000068,0.0],[-149.032149543999964,61.67853985000005,0.0],[-149.031575212999968,61.678540586000054,0.0],[-149.031574559999967,61.678403355000057,0.0]]]]}},
{"type":"Feature","properties":{"OBJECTID":60147,"ParcelType":1,"P_ID":9784,"ACCOUNT":"3492B03L003","TAXID_LOKI":"53492B03L003","ACRES":0.11490765,"TAXACRE":0.11,"ORIGACRE":0.11,"FTYPE":"PARCEL","GENOWN":"NATIVE CORP","BUYLEASE":"N","OWNER_1":"EKLUTNA INC","NAME_2":"","MAILING_ADDRESS_LINE_A":"# 201","MAILING_ADDRESS_LINE_B":"16515  CENTERFIELD DR ","MAILING_ADDRESS_CITY":"EAGLE RIVER","MAILING_ADDRESS_STATE":"AK","MAILING_ADDRESS_ZIP":"99577-7719","Buyer_Name":"","Buyer_Name_2":"","Buyer_Mailing_Address_A":"","Buyer_Mailing_Address_B":"","Buyer_Mailing_Address_City":"","Buyer_Mailing_Address_State":"","Buyer_Mailing_Address_Zip":"","MERIDIAN":"S","TWP_NUM":"18","TWP_NS":"N","RNG_NUM":"02","RNG_EW":"E","SECT_NUM":"02","GRIDNAME":"PA","GRIDNUM":"03","LANDVALUE":800.0,"LANDASSD":0.0,"BLDGVALUE":0.0,"BLDGASSD":0.0,"GENAREA":"3661","NBHD":"B_EXCEPT_A1","TAXZONE":"0020","CITY":"","COMMCOUN":"2","FSA":"004","RSA":"031","SSA_1":"","SSA_2":"","ESN":21,"ECN":15,"ASSMBDISTRICT":"1","VOTINGPRCNT":"29-530","DFIRM":"02170C7300E","SPUD":"Sutton","SUBDNUM":3492,"LEGAL":"MOOSE TWNST                        BLOCK 3 LOT 3","DOC1_DATE":"1988-10-03T00:00:00Z","DOC1_TYPE":"Patent","DOC1_RCRD":"Palmer-Bk 563 Pg 162","DOC2_DATE":null,"DOC2_TYPE":"","DOC2_RCRD":"","LANDUSE":"","RESUNIT":0.0,"MHUNIT":0.0,"DUPLEXUNIT":0.0,"MULTIUNIT":0.0,"GQUNIT":0.0,"MH_PK_UNIT":0.0,"BLDG_USE1":"","BLDG_USE2":"","BLDG_USE3":"","BLDG_USE4":"","BLDG_USE5":"","BLDG_USE6":"","Photo":"https://ecommerce.matsugov.us/assessment/Pages/Photos.aspx?isDLG=1&P_ID=9784","GlobalID":"{A37D2956-2D34-4547-B8FB-206048BA4A39}","Shape_Length":0.0014231210192136542,"Shape_Area":7.8817104216950672e-08},"geometry":{"type":"MultiPolygon","coordinates":[[[[-149.030885370999982,61.678404227000044,0.0],[-149.031459693999977,61.678403501000048,0.0],[-149.031460347999968,61.678540733000034,0.0],[-149.030886020999958,61.678541462000055,0.0],[-149.030885370999982,61.678404227000044,0.0]]]]}},
{"type":"Feature","properties":{"OBJECTID":60154,"ParcelType":1,"P_ID":78132,"ACCOUNT":"3492B04L007","TAXID_LOKI":"53492B04L007","ACRES":0.11489768,"TAXACRE":0.11,"ORIGACRE":0.11,"FTYPE":"PARCEL","GENOWN":"NATIVE CORP","BUYLEASE":"N","OWNER_1":"EKLUTNA INC","NAME_2":"","MAILING_ADDRESS_LINE_A":"# 201","MAILING_ADDRESS_LINE_B":"16515  CENTERFIELD DR ","MAILING_ADDRESS_CITY":"EAGLE RIVER","MAILING_ADDRESS_STATE":"AK","MAILING_ADDRESS_ZIP":"99577-7719","Buyer_Name":"","Buyer_Name_2":"","Buyer_Mailing_Address_A":"","Buyer_Mailing_Address_B":"","Buyer_Mailing_Address_City":"","Buyer_Mailing_Address_State":"","Buyer_Mailing_Address_Zip":"","MERIDIAN":"S","TWP_NUM":"18","TWP_NS":"N","RNG_NUM":"02","RNG_EW":"E","SECT_NUM":"02","GRIDNAME":"PA","GRIDNUM":"03","LANDVALUE":800.0,"LANDASSD":0.0,"BLDGVALUE":0.0,"BLDGASSD":0.0,"GENAREA":"3661","NBHD":"B_EXCEPT_A1","TAXZONE":"0020","CITY":"","COMMCOUN":"2","FSA":"004","RSA":"031","SSA_1":"","SSA_2":"","ESN":21,"ECN":15,"ASSMBDISTRICT":"1","VOTINGPRCNT":"29-530","DFIRM":"02170C7300E","SPUD":"Sutton","SUBDNUM":3492,"LEGAL":"MOOSE TWNST                        BLOCK 4 LOT 7","DOC1_DATE":"1988-10-03T00:00:00Z","DOC1_TYPE":"Patent","DOC1_RCRD":"Palmer-Bk 563 Pg 162","DOC2_DATE":null,"DOC2_TYPE":"","DOC2_RCRD":"","LANDUSE":"","RESUNIT":0.0,"MHUNIT":0.0,"DUPLEXUNIT":0.0,"MULTIUNIT":0.0,"GQUNIT":0.0,"MH_PK_UNIT":0.0,"BLDG_USE1":"","BLDG_USE2":"","BLDG_USE3":"","BLDG_USE4":"","BLDG_USE5":"","BLDG_USE6":"","Photo":"https://ecommerce.matsugov.us/assessment/Pages/Photos.aspx?isDLG=1&P_ID=78132","GlobalID":"{02EA596A-6B6F-45D7-8051-27DD78626CC8}","Shape_Length":0.0014231172492927451,"Shape_Area":7.8810522120953899e-08},"geometry":{"type":"MultiPolygon","coordinates":[[[[-149.033298210999959,61.678538360000061,0.0],[-149.033872545999969,61.678537607000067,0.0],[-149.033873216999979,61.678674824000041,0.0],[-149.033298876999964,61.67867558100005,0.0],[-149.033298210999959,61.678538360000061,0.0]]]]}},
{"type":"Feature","properties":{"OBJECTID":60155,"ParcelType":1,"P_ID":66234,"ACCOUNT":"3492B04L002","TAXID_LOKI":"53492B04L002","ACRES":0.11490102,"TAXACRE":0.11,"ORIGACRE":0.11,"FTYPE":"PARCEL","GENOWN":"NATIVE CORP","BUYLEASE":"N","OWNER_1":"EKLUTNA INC","NAME_2":"","MAILING_ADDRESS_LINE_A":"# 201","MAILING_ADDRESS_LINE_B":"16515  CENTERFIELD DR ","MAILING_ADDRESS_CITY":"EAGLE RIVER","MAILING_ADDRESS_STATE":"AK","MAILING_ADDRESS_ZIP":"99577-7719","Buyer_Name":"","Buyer_Name_2":"","Buyer_Mailing_Address_A":"","Buyer_Mailing_Address_B":"","Buyer_Mailing_Address_City":"","Buyer_Mailing_Address_State":"","Buyer_Mailing_Address_Zip":"","MERIDIAN":"S","TWP_NUM":"18","TWP_NS":"N","RNG_NUM":"02","RNG_EW":"E","SECT_NUM":"02","GRIDNAME":"PA","GRIDNUM":"03","LANDVALUE":800.0,"LANDASSD":0.0,"BLDGVALUE":0.0,"BLDGASSD":0.0,"GENAREA":"3661","NBHD":"B_EXCEPT_A1","TAXZONE":"0020","CITY":"","COMMCOUN":"2","FSA":"004","RSA":"031","SSA_1":"","SSA_2":"","ESN":21,"ECN":15,"ASSMBDISTRICT":"1","VOTINGPRCNT":"29-530","DFIRM":"02170C7300E","SPUD":"Sutton","SUBDNUM":3492,"LEGAL":"MOOSE TWNST                        BLOCK 4 LOT 2","DOC1_DATE":"1988-10-03T00:00:00Z","DOC1_TYPE":"Patent","DOC1_RCRD":"Palmer-Bk 563 Pg 162","DOC2_DATE":null,"DOC2_TYPE":"","DOC2_RCRD":"","LANDUSE":"","RESUNIT":0.0,"MHUNIT":0.0,"DUPLEXUNIT":0.0,"MULTIUNIT":0.0,"GQUNIT":0.0,"MH_PK_UNIT":0.0,"BLDG_USE1":"","BLDG_USE2":"","BLDG_USE3":"","BLDG_USE4":"","BLDG_USE5":"","BLDG_USE6":"","Photo":"https://ecommerce.matsugov.us/assessment/Pages/Photos.aspx?isDLG=1&P_ID=66234","GlobalID":"{5714126A-B989-4516-B21B-11A3DD2B66CA}","Shape_Length":0.0014231221836482314,"Shape_Area":7.8812824109276094e-08},"geometry":{"type":"MultiPolygon","coordinates":[[[[-149.03260900899997,61.678539256000079,0.0],[-149.033183341999973,61.678538510000067,0.0],[-149.033184007999978,61.678675731000055,0.0],[-149.032609669999971,61.678676482000071,0.0],[-149.03260900899997,61.678539256000079,0.0]]]]}},
{"type":"Feature","properties":{"OBJECTID":60156,"ParcelType":1,"P_ID":32668,"ACCOUNT":"3492B03L007","TAXID_LOKI":"53492B03L007","ACRES":0.11490603,"TAXACRE":0.11,"ORIGACRE":0.11,"FTYPE":"PARCEL","GENOWN":"NATIVE CORP","BUYLEASE":"N","OWNER_1":"EKLUTNA INC","NAME_2":"","MAILING_ADDRESS_LINE_A":"# 201","MAILING_ADDRESS_LINE_B":"16515  CENTERFIELD DR ","MAILING_ADDRESS_CITY":"EAGLE RIVER","MAILING_ADDRESS_STATE":"AK","MAILING_ADDRESS_ZIP":"99577-7719","Buyer_Name":"","Buyer_Name_2":"","Buyer_Mailing_Address_A":"","Buyer_Mailing_Address_B":"","Buyer_Mailing_Address_City":"","Buyer_Mailing_Address_State":"","Buyer_Mailing_Address_Zip":"","MERIDIAN":"S","TWP_NUM":"18","TWP_NS":"N","RNG_NUM":"02","RNG_EW":"E","SECT_NUM":"02","GRIDNAME":"PA","GRIDNUM":"03","LANDVALUE":800.0,"LANDASSD":0.0,"BLDGVALUE":0.0,"BLDGASSD":0.0,"GENAREA":"3661","NBHD":"B_EXCEPT_A1","TAXZONE":"0020","CITY":"","COMMCOUN":"2","FSA":"004","RSA":"031","SSA_1":"","SSA_2":"","ESN":21,"ECN":15,"ASSMBDISTRICT":"1","VOTINGPRCNT":"29-530","DFIRM":"02170C7300E","SPUD":"Sutton","SUBDNUM":3492,"LEGAL":"MOOSE TWNST                        BLOCK 3 LOT 7","DOC1_DATE":"1988-10-03T00:00:00Z","DOC1_TYPE":"Patent","DOC1_RCRD":"Palmer-Bk 563 Pg 162","DOC2_DATE":null,"DOC2_TYPE":"","DOC2_RCRD":"","LANDUSE":"","RESUNIT":0.0,"MHUNIT":0.0,"DUPLEXUNIT":0.0,"MULTIUNIT":0.0,"GQUNIT":0.0,"MH_PK_UNIT":0.0,"BLDG_USE1":"","BLDG_USE2":"","BLDG_USE3":"","BLDG_USE4":"","BLDG_USE5":"","BLDG_USE6":"","Photo":"https://ecommerce.matsugov.us/assessment/Pages/Photos.aspx?isDLG=1&P_ID=32668","GlobalID":"{35DD3C14-A46D-4558-A75F-228CDFEEE3BE}","Shape_Length":0.0014231290889715293,"Shape_Area":7.8816133475251991e-08},"geometry":{"type":"MultiPolygon","coordinates":[[[[-149.031575212999968,61.678540586000054,0.0],[-149.032149543999964,61.67853985000005,0.0],[-149.032150201999968,61.678677078000078,0.0],[-149.031575867999976,61.67867781800004,0.0],[-149.031575212999968,61.678540586000054,0.0]]]]}},
{"type":"Feature","properties":{"OBJECTID":60157,"ParcelType":1,"P_ID":70015,"ACCOUNT":"3492B03L002","TAXID_LOKI":"53492B03L002","ACRES":0.114909,"TAXACRE":0.11,"ORIGACRE":0.11,"FTYPE":"PARCEL","GENOWN":"NATIVE CORP","BUYLEASE":"N","OWNER_1":"EKLUTNA INC","NAME_2":"","MAILING_ADDRESS_LINE_A":"# 201","MAILING_ADDRESS_LINE_B":"16515  CENTERFIELD DR ","MAILING_ADDRESS_CITY":"EAGLE RIVER","MAILING_ADDRESS_STATE":"AK","MAILING_ADDRESS_ZIP":"99577-7719","Buyer_Name":"","Buyer_Name_2":"","Buyer_Mailing_Address_A":"","Buyer_Mailing_Address_B":"","Buyer_Mailing_Address_City":"","Buyer_Mailing_Address_State":"","Buyer_Mailing_Address_Zip":"","MERIDIAN":"S","TWP_NUM":"18","TWP_NS":"N","RNG_NUM":"02","RNG_EW":"E","SECT_NUM":"02","GRIDNAME":"PA","GRIDNUM":"03","LANDVALUE":800.0,"LANDASSD":0.0,"BLDGVALUE":0.0,"BLDGASSD":0.0,"GENAREA":"3661","NBHD":"B_EXCEPT_A1","TAXZONE":"0020","CITY":"","COMMCOUN":"2","FSA":"004","RSA":"031","SSA_1":"","SSA_2":"","ESN":21,"ECN":15,"ASSMBDISTRICT":"1","VOTINGPRCNT":"29-530","DFIRM":"02170C7300E","SPUD":"Sutton","SUBDNUM":3492,"LEGAL":"MOOSE TWNST                        BLOCK 3 LOT 2","DOC1_DATE":"1988-10-03T00:00:00Z","DOC1_TYPE":"Patent","DOC1_RCRD":"Palmer-Bk 563 Pg 162","DOC2_DATE":null,"DOC2_TYPE":"","DOC2_RCRD":"","LANDUSE":"","RESUNIT":0.0,"MHUNIT":0.0,"DUPLEXUNIT":0.0,"MULTIUNIT":0.0,"GQUNIT":0.0,"MH_PK_UNIT":0.0,"BLDG_USE1":"","BLDG_USE2":"","BLDG_USE3":"","BLDG_USE4":"","BLDG_USE5":"","BLDG_USE6":"","Photo":"https://ecommerce.matsugov.us/assessment/Pages/Photos.aspx?isDLG=1&P_ID=70015","GlobalID":"{B7DD1F45-8605-4A04-8878-B8D8832AA27B}","Shape_Length":0.0014231310328135475,"Shape_Area":7.8818448680495532e-08},"geometry":{"type":"MultiPolygon","coordinates":[[[[-149.030886020999958,61.678541462000055,0.0],[-149.031460347999968,61.678540733000034,0.0],[-149.031461001999958,61.678677966000066,0.0],[-149.03088667199998,61.678678699000045,0.0],[-149.030886020999958,61.678541462000055,0.0]]]]}},
{"type":"Feature","properties":{"OBJECTID":60158,"ParcelType":2,"P_ID":55360,"ACCOUNT":"18N02E03D004","TAXID_LOKI":"118N02E03D004","ACRES":38.49949946,"TAXACRE":38.17,"ORIGACRE":38.17,"FTYPE":"PARCEL","GENOWN":"PRIVATE","BUYLEASE":"N","OWNER_1":"HUSCHLE JOHN J & JANE L","NAME_2":"","MAILING_ADDRESS_LINE_A":"","MAILING_ADDRESS_LINE_B":"PO BOX 303","MAILING_ADDRESS_CITY":"SUTTON","MAILING_ADDRESS_STATE":"AK","MAILING_ADDRESS_ZIP":"99674-0303","Buyer_Name":"","Buyer_Name_2":"","Buyer_Mailing_Address_A":"","Buyer_Mailing_Address_B":"","Buyer_Mailing_Address_City":"","Buyer_Mailing_Address_State":"","Buyer_Mailing_Address_Zip":"","MERIDIAN":"S","TWP_NUM":"18","TWP_NS":"N","RNG_NUM":"02","RNG_EW":"E","SECT_NUM":"03","GRIDNAME":"PA","GRIDNUM":"03","LANDVALUE":215100.0,"LANDASSD":215100.0,"BLDGVALUE":116000.0,"BLDGASSD":116000.0,"GENAREA":"3661","NBHD":"A2N16","TAXZONE":"0024","CITY":"","COMMCOUN":"24","FSA":"132","RSA":"","SSA_1":"","SSA_2":"","ESN":19,"ECN":14,"ASSMBDISTRICT":"1","VOTINGPRCNT":"29-505","DFIRM":"02170C7300E","SPUD":null,"SUBDNUM":0,"LEGAL":"TOWNSHIP 18N RANGE 2E              SECTION 3 LOT D4","DOC1_DATE":"1994-11-17T00:00:00Z","DOC1_TYPE":"WARRANTY DEED (ALL TYPES)","DOC1_RCRD":"Palmer-Bk 788 Pg 454","DOC2_DATE":null,"DOC2_TYPE":"","DOC2_RCRD":"","LANDUSE":"","RESUNIT":0.0,"MHUNIT":0.0,"DUPLEXUNIT":0.0,"MULTIUNIT":0.0,"GQUNIT":0.0,"MH_PK_UNIT":0.0,"BLDG_USE1":"6300","BLDG_USE2":"","BLDG_USE3":"","BLDG_USE4":"","BLDG_USE5":"","BLDG_USE6":"","Photo":"https://ecommerce.matsugov.us/assessment/Pages/Photos.aspx?isDLG=1&P_ID=55360","GlobalID":"{09FE6155-4E7C-44D6-9008-91C667CE4903}","Shape_Length":0.022048509940823757,"Shape_Area":2.6406201627971014e-05},"geometry":{"type":"MultiPolygon","coordinates":[[[[-149.062607981999975,61.675264021000032,0.0],[-149.065265855999968,61.675260531000049,0.0],[-149.065256852999966,61.67888270900005,0.0],[-149.057616046999982,61.67888785100007,0.0],[-149.057616244999963,61.677100212000028,0.0],[-149.057616390999982,61.675778220000041,0.0],[-149.062607981999975,61.675264021000032,0.0]]]]}},
{"type":"Feature","properties":{"OBJECTID":60160,"ParcelType":7,"P_ID":201354,"ACCOUNT":"AGENCY","TAXID_LOKI":"S 18N02E02","ACRES":0.45990481,"TAXACRE":0.0,"ORIGACRE":0.0,"FTYPE":"AGENCY","GENOWN":"NO DATA","BUYLEASE":"N","OWNER_1":"","NAME_2":"","MAILING_ADDRESS_LINE_A":"","MAILING_ADDRESS_LINE_B":"","MAILING_ADDRESS_CITY":"","MAILING_ADDRESS_STATE":"","MAILING_ADDRESS_ZIP":"","Buyer_Name":"","Buyer_Name_2":"","Buyer_Mailing_Address_A":"","Buyer_Mailing_Address_B":"","Buyer_Mailing_Address_City":"","Buyer_Mailing_Address_State":"","Buyer_Mailing_Address_Zip":"","MERIDIAN":"S","TWP_NUM":"18","TWP_NS":"N","RNG_NUM":"02","RNG_EW":"E","SECT_NUM":"02","GRIDNAME":"PA","GRIDNUM":"03","LANDVALUE":0.0,"LANDASSD":0.0,"BLDGVALUE":0.0,"BLDGASSD":0.0,"GENAREA":"0","NBHD":"","TAXZONE":"","CITY":"","COMMCOUN":"24","FSA":"","RSA":"031","SSA_1":"","SSA_2":"","ESN":23,"ECN":14,"ASSMBDISTRICT":"1","VOTINGPRCNT":"29-505","DFIRM":"02170C7300E","SPUD":null,"SUBDNUM":0,"LEGAL":"","DOC1_DATE":null,"DOC1_TYPE":"","DOC1_RCRD":"","DOC2_DATE":null,"DOC2_TYPE":"","DOC2_RCRD":"","LANDUSE":"","RESUNIT":0.0,"MHUNIT":0.0,"DUPLEXUNIT":0.0,"MULTIUNIT":0.0,"GQUNIT":0.0,"MH_PK_UNIT":0.0,"BLDG_USE1":"","BLDG_USE2":"","BLDG_USE3":"","BLDG_USE4":"","BLDG_USE5":"","BLDG_USE6":"","Photo":"https://ecommerce.matsugov.us/assessment/Pages/Photos.aspx?isDLG=1&P_ID=201354","GlobalID":"{6308E1C6-C90F-4E3C-8424-E5CCDA40289A}","Shape_Length":0.0022472477592256285,"Shape_Area":3.1545815883084152e-07},"geometry":{"type":"MultiPolygon","coordinates":[[[[-149.041849157999962,61.67827711800004,0.0],[-149.042424954999973,61.678276565000033,0.0],[-149.042425943999973,61.678825195000059,0.0],[-149.041851788999963,61.678825776000053,0.0],[-149.041849157999962,61.67827711800004,0.0]]]]}},
{"type":"Feature","properties":{"OBJECTID":60162,"ParcelType":1,"P_ID":52131,"ACCOUNT":"3492B05L002","TAXID_LOKI":"53492B05L002","ACRES":0.96109339,"TAXACRE":0.96,"ORIGACRE":0.96,"FTYPE":"PARCEL","GENOWN":"NATIVE CORP","BUYLEASE":"N","OWNER_1":"EKLUTNA INC","NAME_2":"","MAILING_ADDRESS_LINE_A":"# 201","MAILING_ADDRESS_LINE_B":"16515  CENTERFIELD DR ","MAILING_ADDRESS_CITY":"EAGLE RIVER","MAILING_ADDRESS_STATE":"AK","MAILING_ADDRESS_ZIP":"99577-7719","Buyer_Name":"","Buyer_Name_2":"","Buyer_Mailing_Address_A":"","Buyer_Mailing_Address_B":"","Buyer_Mailing_Address_City":"","Buyer_Mailing_Address_State":"","Buyer_Mailing_Address_Zip":"","MERIDIAN":"S","TWP_NUM":"18","TWP_NS":"N","RNG_NUM":"02","RNG_EW":"E","SECT_NUM":"02","GRIDNAME":"PA","GRIDNUM":"03","LANDVALUE":4600.0,"LANDASSD":0.0,"BLDGVALUE":0.0,"BLDGASSD":0.0,"GENAREA":"3661","NBHD":"B_EXCEPT_A1","TAXZONE":"0020","CITY":"","COMMCOUN":"2","FSA":"004","RSA":"031","SSA_1":"","SSA_2":"","ESN":21,"ECN":15,"ASSMBDISTRICT":"1","VOTINGPRCNT":"29-530","DFIRM":"02170C7300E","SPUD":"Sutton","SUBDNUM":3492,"LEGAL":"MOOSE TWNST                        BLOCK 5 LOT 2","DOC1_DATE":"1988-10-03T00:00:00Z","DOC1_TYPE":"Patent","DOC1_RCRD":"Palmer-Bk 563 Pg 162","DOC2_DATE":null,"DOC2_TYPE":"","DOC2_RCRD":"","LANDUSE":"","RESUNIT":0.0,"MHUNIT":0.0,"DUPLEXUNIT":0.0,"MULTIUNIT":0.0,"GQUNIT":0.0,"MH_PK_UNIT":0.0,"BLDG_USE1":"","BLDG_USE2":"","BLDG_USE3":"","BLDG_USE4":"","BLDG_USE5":"","BLDG_USE6":"","Photo":"https://ecommerce.matsugov.us/assessment/Pages/Photos.aspx?isDLG=1&P_ID=52131","GlobalID":"{A83B7B65-97C5-4732-A100-7BA2B657CCB7}","Shape_Length":0.0034451803846550968,"Shape_Area":6.5923188943101973e-07},"geometry":{"type":"MultiPolygon","coordinates":[[[[-149.035364467999983,61.678261212000052,0.0],[-149.036513135999968,61.678259676000039,0.0],[-149.036516015999979,61.678833560000044,0.0],[-149.035367315999963,61.678835124000045,0.0],[-149.035364467999983,61.678261212000052,0.0]]]]}},
{"type":"Feature","properties":{"OBJECTID":60163,"ParcelType":1,"P_ID":21060,"ACCOUNT":"3492B05L001","TAXID_LOKI":"53492B05L001","ACRES":0.96113856,"TAXACRE":0.96,"ORIGACRE":0.96,"FTYPE":"PARCEL","GENOWN":"NATIVE CORP","BUYLEASE":"N","OWNER_1":"EKLUTNA INC","NAME_2":"","MAILING_ADDRESS_LINE_A":"# 201","MAILING_ADDRESS_LINE_B":"16515  CENTERFIELD DR ","MAILING_ADDRESS_CITY":"EAGLE RIVER","MAILING_ADDRESS_STATE":"AK","MAILING_ADDRESS_ZIP":"99577-7719","Buyer_Name":"","Buyer_Name_2":"","Buyer_Mailing_Address_A":"","Buyer_Mailing_Address_B":"","Buyer_Mailing_Address_City":"","Buyer_Mailing_Address_State":"","Buyer_Mailing_Address_Zip":"","MERIDIAN":"S","TWP_NUM":"18","TWP_NS":"N","RNG_NUM":"02","RNG_EW":"E","SECT_NUM":"02","GRIDNAME":"PA","GRIDNUM":"03","LANDVALUE":4600.0,"LANDASSD":0.0,"BLDGVALUE":0.0,"BLDGASSD":0.0,"GENAREA":"3661","NBHD":"B_EXCEPT_A1","TAXZONE":"0020","CITY":"","COMMCOUN":"2","FSA":"004","RSA":"031","SSA_1":"","SSA_2":"","ESN":21,"ECN":15,"ASSMBDISTRICT":"1","VOTINGPRCNT":"29-530","DFIRM":"02170C7300E","SPUD":"Sutton","SUBDNUM":3492,"LEGAL":"MOOSE TWNST                        BLOCK 5 LOT 1","DOC1_DATE":"1988-10-03T00:00:00Z","DOC1_TYPE":"Patent","DOC1_RCRD":"Palmer-Bk 563 Pg 162","DOC2_DATE":null,"DOC2_TYPE":"","DOC2_RCRD":"","LANDUSE":"","RESUNIT":0.0,"MHUNIT":0.0,"DUPLEXUNIT":0.0,"MULTIUNIT":0.0,"GQUNIT":0.0,"MH_PK_UNIT":0.0,"BLDG_USE1":"","BLDG_USE2":"","BLDG_USE3":"","BLDG_USE4":"","BLDG_USE5":"","BLDG_USE6":"","Photo":"https://ecommerce.matsugov.us/assessment/Pages/Photos.aspx?isDLG=1&P_ID=21060","GlobalID":"{08534042-2F17-4944-8BD2-70E4F7F1F664}","Shape_Length":0.0034452289953468759,"Shape_Area":6.5926250720703765e-07},"geometry":{"type":"MultiPolygon","coordinates":[[[[-149.034215805999963,61.678262726000071,0.0],[-149.035364467999983,61.678261212000052,0.0],[-149.035367315999963,61.678835124000045,0.0],[-149.034218618999972,61.678836668000031,0.0],[-149.034215805999963,61.678262726000071,0.0]]]]}},
{"type":"Feature","properties":{"OBJECTID":60165,"ParcelType":1,"P_ID":41521,"ACCOUNT":"3492B04L008","TAXID_LOKI":"53492B04L008","ACRES":0.13590306,"TAXACRE":0.14,"ORIGACRE":0.14,"FTYPE":"PARCEL","GENOWN":"NATIVE CORP","BUYLEASE":"N","OWNER_1":"EKLUTNA INC","NAME_2":"","MAILING_ADDRESS_LINE_A":"# 201","MAILING_ADDRESS_LINE_B":"16515  CENTERFIELD DR ","MAILING_ADDRESS_CITY":"EAGLE RIVER","MAILING_ADDRESS_STATE":"AK","MAILING_ADDRESS_ZIP":"99577-7719","Buyer_Name":"","Buyer_Name_2":"","Buyer_Mailing_Address_A":"","Buyer_Mailing_Address_B":"","Buyer_Mailing_Address_City":"","Buyer_Mailing_Address_State":"","Buyer_Mailing_Address_Zip":"","MERIDIAN":"S","TWP_NUM":"18","TWP_NS":"N","RNG_NUM":"02","RNG_EW":"E","SECT_NUM":"02","GRIDNAME":"PA","GRIDNUM":"03","LANDVALUE":1000.0,"LANDASSD":0.0,"BLDGVALUE":0.0,"BLDGASSD":0.0,"GENAREA":"3661","NBHD":"B_EXCEPT_A1","TAXZONE":"0020","CITY":"","COMMCOUN":"2","FSA":"004","RSA":"031","SSA_1":"","SSA_2":"","ESN":21,"ECN":15,"ASSMBDISTRICT":"1","VOTINGPRCNT":"29-530","DFIRM":"02170C7300E","SPUD":"Sutton","SUBDNUM":3492,"LEGAL":"MOOSE TWNST                        BLOCK 4 LOT 8","DOC1_DATE":"1988-10-03T00:00:00Z","DOC1_TYPE":"Patent","DOC1_RCRD":"Palmer-Bk 563 Pg 162","DOC2_DATE":null,"DOC2_TYPE":"","DOC2_RCRD":"","LANDUSE":"","RESUNIT":0.0,"MHUNIT":0.0,"DUPLEXUNIT":0.0,"MULTIUNIT":0.0,"GQUNIT":0.0,"MH_PK_UNIT":0.0,"BLDG_USE1":"","BLDG_USE2":"","BLDG_USE3":"","BLDG_USE4":"","BLDG_USE5":"","BLDG_USE6":"","Photo":"https://ecommerce.matsugov.us/assessment/Pages/Photos.aspx?isDLG=1&P_ID=41521","GlobalID":"{F7464BCD-FE63-45C8-9423-23A4D7E4AD21}","Shape_Length":0.0014732998629058507,"Shape_Area":9.3219260213306917e-08},"geometry":{"type":"MultiPolygon","coordinates":[[[[-149.033298876999964,61.67867558100005,0.0],[-149.033873216999979,61.678674824000041,0.0],[-149.033874010999966,61.678837127000065,0.0],[-149.033299665999976,61.678837888000032,0.0],[-149.033298876999964,61.67867558100005,0.0]]]]}},
{"type":"Feature","properties":{"OBJECTID":60166,"ParcelType":1,"P_ID":10411,"ACCOUNT":"3492B04L001","TAXID_LOKI":"53492B04L001","ACRES":0.13590709,"TAXACRE":0.14,"ORIGACRE":0.14,"FTYPE":"PARCEL","GENOWN":"NATIVE CORP","BUYLEASE":"N","OWNER_1":"EKLUTNA INC","NAME_2":"","MAILING_ADDRESS_LINE_A":"# 201","MAILING_ADDRESS_LINE_B":"16515  CENTERFIELD DR ","MAILING_ADDRESS_CITY":"EAGLE RIVER","MAILING_ADDRESS_STATE":"AK","MAILING_ADDRESS_ZIP":"99577-7719","Buyer_Name":"","Buyer_Name_2":"","Buyer_Mailing_Address_A":"","Buyer_Mailing_Address_B":"","Buyer_Mailing_Address_City":"","Buyer_Mailing_Address_State":"","Buyer_Mailing_Address_Zip":"","MERIDIAN":"S","TWP_NUM":"18","TWP_NS":"N","RNG_NUM":"02","RNG_EW":"E","SECT_NUM":"02","GRIDNAME":"PA","GRIDNUM":"03","LANDVALUE":1000.0,"LANDASSD":0.0,"BLDGVALUE":0.0,"BLDGASSD":0.0,"GENAREA":"3661","NBHD":"B_EXCEPT_A1","TAXZONE":"0020","CITY":"","COMMCOUN":"2","FSA":"004","RSA":"031","SSA_1":"","SSA_2":"","ESN":21,"ECN":15,"ASSMBDISTRICT":"1","VOTINGPRCNT":"29-530","DFIRM":"02170C7300E","SPUD":"Sutton","SUBDNUM":3492,"LEGAL":"MOOSE TWNST                        BLOCK 4 LOT 1","DOC1_DATE":"1988-10-03T00:00:00Z","DOC1_TYPE":"Patent","DOC1_RCRD":"Palmer-Bk 563 Pg 162","DOC2_DATE":null,"DOC2_TYPE":"","DOC2_RCRD":"","LANDUSE":"","RESUNIT":0.0,"MHUNIT":0.0,"DUPLEXUNIT":0.0,"MULTIUNIT":0.0,"GQUNIT":0.0,"MH_PK_UNIT":0.0,"BLDG_USE1":"","BLDG_USE2":"","BLDG_USE3":"","BLDG_USE4":"","BLDG_USE5":"","BLDG_USE6":"","Photo":"https://ecommerce.matsugov.us/assessment/Pages/Photos.aspx?isDLG=1&P_ID=10411","GlobalID":"{5AA42C4C-6C15-4423-B503-C816FFC01264}","Shape_Length":0.0014733058177568718,"Shape_Area":9.3221800284907117e-08},"geometry":{"type":"MultiPolygon","coordinates":[[[[-149.032609669999971,61.678676482000071,0.0],[-149.033184007999978,61.678675731000055,0.0],[-149.033184798999969,61.678838039000027,0.0],[-149.032610455999958,61.678838794000058,0.0],[-149.032609669999971,61.678676482000071,0.0]]]]}},
{"type":"Feature","properties":{"OBJECTID":60168,"ParcelType":1,"P_ID":35261,"ACCOUNT":"3492B03L008","TAXID_LOKI":"53492B03L008","ACRES":0.13591266,"TAXACRE":0.14,"ORIGACRE":0.14,"FTYPE":"PARCEL","GENOWN":"NATIVE CORP","BUYLEASE":"N","OWNER_1":"EKLUTNA INC","NAME_2":"","MAILING_ADDRESS_LINE_A":"# 201","MAILING_ADDRESS_LINE_B":"16515  CENTERFIELD DR ","MAILING_ADDRESS_CITY":"EAGLE RIVER","MAILING_ADDRESS_STATE":"AK","MAILING_ADDRESS_ZIP":"99577-7719","Buyer_Name":"","Buyer_Name_2":"","Buyer_Mailing_Address_A":"","Buyer_Mailing_Address_B":"","Buyer_Mailing_Address_City":"","Buyer_Mailing_Address_State":"","Buyer_Mailing_Address_Zip":"","MERIDIAN":"S","TWP_NUM":"18","TWP_NS":"N","RNG_NUM":"02","RNG_EW":"E","SECT_NUM":"02","GRIDNAME":"PA","GRIDNUM":"03","LANDVALUE":1000.0,"LANDASSD":0.0,"BLDGVALUE":0.0,"BLDGASSD":0.0,"GENAREA":"3661","NBHD":"B_EXCEPT_A1","TAXZONE":"0020","CITY":"","COMMCOUN":"2","FSA":"004","RSA":"031","SSA_1":"","SSA_2":"","ESN":21,"ECN":15,"ASSMBDISTRICT":"1","VOTINGPRCNT":"29-530","DFIRM":"02170C7300E","SPUD":"Sutton","SUBDNUM":3492,"LEGAL":"MOOSE TWNST                        BLOCK 3 LOT 8","DOC1_DATE":"1988-10-03T00:00:00Z","DOC1_TYPE":"Patent","DOC1_RCRD":"Palmer-Bk 563 Pg 162","DOC2_DATE":null,"DOC2_TYPE":"","DOC2_RCRD":"","LANDUSE":"","RESUNIT":0.0,"MHUNIT":0.0,"DUPLEXUNIT":0.0,"MULTIUNIT":0.0,"GQUNIT":0.0,"MH_PK_UNIT":0.0,"BLDG_USE1":"","BLDG_USE2":"","BLDG_USE3":"","BLDG_USE4":"","BLDG_USE5":"","BLDG_USE6":"","Photo":"https://ecommerce.matsugov.us/assessment/Pages/Photos.aspx?isDLG=1&P_ID=35261","GlobalID":"{446C2757-EFC5-4FAE-9BFF-62412A2B288E}","Shape_Length":0.0014733136985026084,"Shape_Area":9.3225936425036881e-08},"geometry":{"type":"MultiPolygon","coordinates":[[[[-149.031575867999976,61.67867781800004,0.0],[-149.032150201999968,61.678677078000078,0.0],[-149.03215098299998,61.678839394000079,0.0],[-149.031576644999973,61.678840139000044,0.0],[-149.031575867999976,61.67867781800004,0.0]]]]}},
{"type":"Feature","properties":{"OBJECTID":60169,"ParcelType":1,"P_ID":60496,"ACCOUNT":"3492B03L001","TAXID_LOKI":"53492B03L001","ACRES":0.13591645,"TAXACRE":0.14,"ORIGACRE":0.14,"FTYPE":"PARCEL","GENOWN":"NATIVE CORP","BUYLEASE":"N","OWNER_1":"EKLUTNA INC","NAME_2":"","MAILING_ADDRESS_LINE_A":"# 201","MAILING_ADDRESS_LINE_B":"16515  CENTERFIELD DR ","MAILING_ADDRESS_CITY":"EAGLE RIVER","MAILING_ADDRESS_STATE":"AK","MAILING_ADDRESS_ZIP":"99577-7719","Buyer_Name":"","Buyer_Name_2":"","Buyer_Mailing_Address_A":"","Buyer_Mailing_Address_B":"","Buyer_Mailing_Address_City":"","Buyer_Mailing_Address_State":"","Buyer_Mailing_Address_Zip":"","MERIDIAN":"S","TWP_NUM":"18","TWP_NS":"N","RNG_NUM":"02","RNG_EW":"E","SECT_NUM":"02","GRIDNAME":"PA","GRIDNUM":"03","LANDVALUE":1000.0,"LANDASSD":0.0,"BLDGVALUE":0.0,"BLDGASSD":0.0,"GENAREA":"3661","NBHD":"B_EXCEPT_A1","TAXZONE":"0020","CITY":"","COMMCOUN":"2","FSA":"004","RSA":"031","SSA_1":"","SSA_2":"","ESN":21,"ECN":15,"ASSMBDISTRICT":"1","VOTINGPRCNT":"29-530","DFIRM":"02170C7300E","SPUD":"Sutton","SUBDNUM":3492,"LEGAL":"MOOSE TWNST                        BLOCK 3 LOT 1","DOC1_DATE":"1988-10-03T00:00:00Z","DOC1_TYPE":"Patent","DOC1_RCRD":"Palmer-Bk 563 Pg 162","DOC2_DATE":null,"DOC2_TYPE":"","DOC2_RCRD":"","LANDUSE":"","RESUNIT":0.0,"MHUNIT":0.0,"DUPLEXUNIT":0.0,"MULTIUNIT":0.0,"GQUNIT":0.0,"MH_PK_UNIT":0.0,"BLDG_USE1":"","BLDG_USE2":"","BLDG_USE3":"","BLDG_USE4":"","BLDG_USE5":"","BLDG_USE6":"","Photo":"https://ecommerce.matsugov.us/assessment/Pages/Photos.aspx?isDLG=1&P_ID=60496","GlobalID":"{C0254C80-4A4A-44A8-8361-745BEE23F7D8}","Shape_Length":0.0014733166277589305,"Shape_Area":9.3228230473610551e-08},"geometry":{"type":"MultiPolygon","coordinates":[[[[-149.03088667199998,61.678678699000045,0.0],[-149.031461001999958,61.678677966000066,0.0],[-149.031461777999965,61.678840287000071,0.0],[-149.030887442999983,61.678841025000054,0.0],[-149.03088667199998,61.678678699000045,0.0]]]]}},
{"type":"Feature","properties":{"OBJECTID":60170,"ParcelType":1,"P_ID":2274,"ACCOUNT":"3492B02L002","TAXID_LOKI":"53492B02L002","ACRES":0.48065473,"TAXACRE":0.48,"ORIGACRE":0.48,"FTYPE":"PARCEL","GENOWN":"NATIVE CORP","BUYLEASE":"N","OWNER_1":"EKLUTNA INC","NAME_2":"","MAILING_ADDRESS_LINE_A":"# 201","MAILING_ADDRESS_LINE_B":"16515  CENTERFIELD DR ","MAILING_ADDRESS_CITY":"EAGLE RIVER","MAILING_ADDRESS_STATE":"AK","MAILING_ADDRESS_ZIP":"99577-7719","Buyer_Name":"","Buyer_Name_2":"","Buyer_Mailing_Address_A":"","Buyer_Mailing_Address_B":"","Buyer_Mailing_Address_City":"","Buyer_Mailing_Address_State":"","Buyer_Mailing_Address_Zip":"","MERIDIAN":"S","TWP_NUM":"18","TWP_NS":"N","RNG_NUM":"02","RNG_EW":"E","SECT_NUM":"02","GRIDNAME":"PA","GRIDNUM":"03","LANDVALUE":2300.0,"LANDASSD":0.0,"BLDGVALUE":0.0,"BLDGASSD":0.0,"GENAREA":"3661","NBHD":"B_EXCEPT_A1","TAXZONE":"0020","CITY":"","COMMCOUN":"2","FSA":"004","RSA":"031","SSA_1":"","SSA_2":"","ESN":21,"ECN":15,"ASSMBDISTRICT":"1","VOTINGPRCNT":"29-530","DFIRM":"02170C7300E","SPUD":"Sutton","SUBDNUM":3492,"LEGAL":"MOOSE TWNST                        BLOCK 2 LOT 2","DOC1_DATE":"1988-10-03T00:00:00Z","DOC1_TYPE":"Patent","DOC1_RCRD":"Palmer-Bk 563 Pg 162","DOC2_DATE":null,"DOC2_TYPE":"","DOC2_RCRD":"","LANDUSE":"","RESUNIT":0.0,"MHUNIT":0.0,"DUPLEXUNIT":0.0,"MULTIUNIT":0.0,"GQUNIT":0.0,"MH_PK_UNIT":0.0,"BLDG_USE1":"","BLDG_USE2":"","BLDG_USE3":"","BLDG_USE4":"","BLDG_USE5":"","BLDG_USE6":"","Photo":"https://ecommerce.matsugov.us/assessment/Pages/Photos.aspx?isDLG=1&P_ID=2274","GlobalID":"{2AA6B85D-378F-431C-A42D-2E6E9498B026}","Shape_Length":0.0022967536447129956,"Shape_Area":3.2969034774970327e-07},"geometry":{"type":"MultiPolygon","coordinates":[[[[-149.029965816999976,61.678268139000068,0.0],[-149.03054013199997,61.678267424000069,0.0],[-149.030542842999978,61.678841465000062,0.0],[-149.029968513999961,61.678842194000083,0.0],[-149.029965816999976,61.678268139000068,0.0]]]]}},
{"type":"Feature","properties":{"OBJECTID":60171,"ParcelType":1,"P_ID":61120,"ACCOUNT":"3492B02L001","TAXID_LOKI":"53492B02L001","ACRES":0.46360895,"TAXACRE":0.48,"ORIGACRE":0.48,"FTYPE":"PARCEL","GENOWN":"NATIVE CORP","BUYLEASE":"N","OWNER_1":"EKLUTNA INC","NAME_2":"","MAILING_ADDRESS_LINE_A":"# 201","MAILING_ADDRESS_LINE_B":"16515  CENTERFIELD DR ","MAILING_ADDRESS_CITY":"EAGLE RIVER","MAILING_ADDRESS_STATE":"AK","MAILING_ADDRESS_ZIP":"99577-7719","Buyer_Name":"","Buyer_Name_2":"","Buyer_Mailing_Address_A":"","Buyer_Mailing_Address_B":"","Buyer_Mailing_Address_City":"","Buyer_Mailing_Address_State":"","Buyer_Mailing_Address_Zip":"","MERIDIAN":"S","TWP_NUM":"18","TWP_NS":"N","RNG_NUM":"02","RNG_EW":"E","SECT_NUM":"02","GRIDNAME":"PA","GRIDNUM":"03","LANDVALUE":2300.0,"LANDASSD":0.0,"BLDGVALUE":0.0,"BLDGASSD":0.0,"GENAREA":"3661","NBHD":"B_EXCEPT_A1","TAXZONE":"0020","CITY":"","COMMCOUN":"2","FSA":"004","RSA":"031","SSA_1":"","SSA_2":"","ESN":21,"ECN":15,"ASSMBDISTRICT":"1","VOTINGPRCNT":"29-530","DFIRM":"02170C7300E","SPUD":"Sutton","SUBDNUM":3492,"LEGAL":"MOOSE TWNST                        BLOCK 2 LOT 1","DOC1_DATE":"1988-10-03T00:00:00Z","DOC1_TYPE":"Patent","DOC1_RCRD":"Palmer-Bk 563 Pg 162","DOC2_DATE":null,"DOC2_TYPE":"","DOC2_RCRD":"","LANDUSE":"","RESUNIT":0.0,"MHUNIT":0.0,"DUPLEXUNIT":0.0,"MULTIUNIT":0.0,"GQUNIT":0.0,"MH_PK_UNIT":0.0,"BLDG_USE1":"","BLDG_USE2":"","BLDG_USE3":"","BLDG_USE4":"","BLDG_USE5":"","BLDG_USE6":"","Photo":"https://ecommerce.matsugov.us/assessment/Pages/Photos.aspx?isDLG=1&P_ID=61120","GlobalID":"{45490F45-EF2F-4895-BA31-B2A522D0814F}","Shape_Length":0.0022279940484385505,"Shape_Area":3.1818296015090479e-07},"geometry":{"type":"MultiPolygon","coordinates":[[[[-149.029276642999974,61.67826898900006,0.0],[-149.029850953999983,61.678268282000033,0.0],[-149.029853647999971,61.678842339000028,0.0],[-149.029567458999963,61.678842700000075,0.0],[-149.029278948999973,61.678763133000075,0.0],[-149.029276642999974,61.67826898900006,0.0]]]]}},
{"type":"Feature","properties":{"OBJECTID":60172,"ParcelType":1,"P_ID":47677,"ACCOUNT":"3676000T00B","TAXID_LOKI":"53676000T00B","ACRES":20.60156303,"TAXACRE":20.73,"ORIGACRE":20.73,"FTYPE":"PARCEL","GENOWN":"PRIVATE","BUYLEASE":"N","OWNER_1":"BORREGO MICHAEL","NAME_2":"","MAILING_ADDRESS_LINE_A":"","MAILING_ADDRESS_LINE_B":"13695 E JERSEY LOOP ","MAILING_ADDRESS_CITY":"PALMER","MAILING_ADDRESS_STATE":"AK","MAILING_ADDRESS_ZIP":"99645","Buyer_Name":"","Buyer_Name_2":"","Buyer_Mailing_Address_A":"","Buyer_Mailing_Address_B":"","Buyer_Mailing_Address_City":"","Buyer_Mailing_Address_State":"","Buyer_Mailing_Address_Zip":"","MERIDIAN":"S","TWP_NUM":"18","TWP_NS":"N","RNG_NUM":"02","RNG_EW":"E","SECT_NUM":"02","GRIDNAME":"PA","GRIDNUM":"03","LANDVALUE":57200.0,"LANDASSD":57200.0,"BLDGVALUE":19900.0,"BLDGASSD":19900.0,"GENAREA":"3661","NBHD":"B_EXCEPT_A1","TAXZONE":"0109","CITY":"","COMMCOUN":"24","FSA":"132","RSA":"031","SSA_1":"","SSA_2":"","ESN":19,"ECN":14,"ASSMBDISTRICT":"1","VOTINGPRCNT":"29-505","DFIRM":"02170C7300E","SPUD":null,"SUBDNUM":3676,"LEGAL":"MOOSE CRK EST                      TRACT B","DOC1_DATE":null,"DOC1_TYPE":"","DOC1_RCRD":"","DOC2_DATE":null,"DOC2_TYPE":"","DOC2_RCRD":"","LANDUSE":"","RESUNIT":0.0,"MHUNIT":0.0,"DUPLEXUNIT":0.0,"MULTIUNIT":0.0,"GQUNIT":0.0,"MH_PK_UNIT":0.0,"BLDG_USE1":"1110","BLDG_USE2":"","BLDG_USE3":"","BLDG_USE4":"","BLDG_USE5":"","BLDG_USE6":"","Photo":"https://ecommerce.matsugov.us/assessment/Pages/Photos.aspx?isDLG=1&P_ID=47677","GlobalID":"{199D4C26-5128-444B-84A7-F795B06A005E}","Shape_Length":0.019023280546929606,"Shape_Area":1.4130800517729308e-05},"geometry":{"type":"MultiPolygon","coordinates":[[[[-149.053832745999983,61.679025345000071,0.0],[-149.053832470999964,61.678890920000072,0.0],[-149.050035630999957,61.67889376200003,0.0],[-149.050035256999962,61.677086882000083,0.0],[-149.053831292999973,61.677093668000055,0.0],[-149.057616244999963,61.677100212000028,0.0],[-149.057616046999982,61.67888785100007,0.0],[-149.05761603199997,61.679021058000046,0.0],[-149.053832745999983,61.679025345000071,0.0]]]]}},
{"type":"Feature","properties":{"OBJECTID":60178,"ParcelType":2,"P_ID":23347,"ACCOUNT":"18N02E01C009","TAXID_LOKI":"118N02E01C009","ACRES":8.14644603,"TAXACRE":5.65,"ORIGACRE":7.0,"FTYPE":"PARCEL","GENOWN":"PRIVATE","BUYLEASE":"N","OWNER_1":"USIBELLI COAL MINE INC","NAME_2":"","MAILING_ADDRESS_LINE_A":"","MAILING_ADDRESS_LINE_B":"PO BOX 1000","MAILING_ADDRESS_CITY":"HEALY","MAILING_ADDRESS_STATE":"AK","MAILING_ADDRESS_ZIP":"99743-1000","Buyer_Name":"","Buyer_Name_2":"","Buyer_Mailing_Address_A":"","Buyer_Mailing_Address_B":"","Buyer_Mailing_Address_City":"","Buyer_Mailing_Address_State":"","Buyer_Mailing_Address_Zip":"","MERIDIAN":"S","TWP_NUM":"18","TWP_NS":"N","RNG_NUM":"02","RNG_EW":"E","SECT_NUM":"02","GRIDNAME":"PA","GRIDNUM":"03","LANDVALUE":22500.0,"LANDASSD":22500.0,"BLDGVALUE":0.0,"BLDGASSD":0.0,"GENAREA":"3661","NBHD":"B_EXCEPT_A1","TAXZONE":"0020","CITY":"","COMMCOUN":"2","FSA":"004","RSA":"031","SSA_1":"","SSA_2":"","ESN":22,"ECN":15,"ASSMBDISTRICT":"1","VOTINGPRCNT":"29-530","DFIRM":"02170C7300E","SPUD":"Sutton","SUBDNUM":0,"LEGAL":"TOWNSHIP 18N RANGE 2E              SECTION 1 LOT C9","DOC1_DATE":"1998-01-12T00:00:00Z","DOC1_TYPE":"","DOC1_RCRD":"Palmer-Bk 929 Pg 912","DOC2_DATE":"1995-08-18T00:00:00Z","DOC2_TYPE":"WARRANTY DEED (ALL TYPES)","DOC2_RCRD":"Palmer-Bk 816 Pg 613","LANDUSE":"","RESUNIT":0.0,"MHUNIT":0.0,"DUPLEXUNIT":0.0,"MULTIUNIT":0.0,"GQUNIT":0.0,"MH_PK_UNIT":0.0,"BLDG_USE1":"","BLDG_USE2":"","BLDG_USE3":"","BLDG_USE4":"","BLDG_USE5":"","BLDG_USE6":"","Photo":"https://ecommerce.matsugov.us/assessment/Pages/Photos.aspx?isDLG=1&P_ID=23347","GlobalID":"{C12B02E3-8D9B-4BBB-8CE2-A4E90FE9950C}","Shape_Length":0.016378913800035217,"Shape_Area":5.5875640433219994e-06},"geometry":{"type":"MultiPolygon","coordinates":[[[[-149.01959658499996,61.678926345000036,0.0],[-149.019599359999972,61.677985435000039,0.0],[-149.020547702999977,61.67806095800006,0.0],[-149.021937048999973,61.677885589000027,0.0],[-149.023501446999973,61.678018274000067,0.0],[-149.02720925899996,61.678808467000067,0.0],[-149.027209352999961,61.67892088800005,0.0],[-149.01959658499996,61.678926345000036,0.0]]]]}},
{"type":"Feature","properties":{"OBJECTID":60179,"ParcelType":2,"P_ID":53412,"ACCOUNT":"18N02E01C008","TAXID_LOKI":"118N02E01C008","ACRES":10.15199079,"TAXACRE":11.3,"ORIGACRE":15.29,"FTYPE":"PARCEL","GENOWN":"PRIVATE","BUYLEASE":"N","OWNER_1":"WADE LISA R","NAME_2":"AGNEW GENE R","MAILING_ADDRESS_LINE_A":"","MAILING_ADDRESS_LINE_B":"9510 N GLENN HWY","MAILING_ADDRESS_CITY":"PALMER","MAILING_ADDRESS_STATE":"AK","MAILING_ADDRESS_ZIP":"99645","Buyer_Name":"","Buyer_Name_2":"","Buyer_Mailing_Address_A":"","Buyer_Mailing_Address_B":"","Buyer_Mailing_Address_City":"","Buyer_Mailing_Address_State":"","Buyer_Mailing_Address_Zip":"","MERIDIAN":"S","TWP_NUM":"18","TWP_NS":"N","RNG_NUM":"02","RNG_EW":"E","SECT_NUM":"01","GRIDNAME":"PA","GRIDNUM":"03","LANDVALUE":25000.0,"LANDASSD":25000.0,"BLDGVALUE":307800.0,"BLDGASSD":307800.0,"GENAREA":"3661","NBHD":"B_EXCEPT_A1","TAXZONE":"0020","CITY":"","COMMCOUN":"2","FSA":"004","RSA":"031","SSA_1":"","SSA_2":"","ESN":21,"ECN":15,"ASSMBDISTRICT":"1","VOTINGPRCNT":"29-530","DFIRM":"02170C7300E","SPUD":"Sutton","SUBDNUM":0,"LEGAL":"TOWNSHIP 18N RANGE 2E              SECTION 1 LOT C8","DOC1_DATE":"2006-09-27T00:00:00Z","DOC1_TYPE":"QUITCLAIM DEED (ALL TYPE)","DOC1_RCRD":"Palmer-Bk  Pg 0","DOC2_DATE":"2006-03-28T00:00:00Z","DOC2_TYPE":"WARRANTY DEED (ALL TYPES)","DOC2_RCRD":"Palmer-Bk  Pg 0","LANDUSE":"","RESUNIT":2.0,"MHUNIT":0.0,"DUPLEXUNIT":0.0,"MULTIUNIT":0.0,"GQUNIT":0.0,"MH_PK_UNIT":0.0,"BLDG_USE1":"1100","BLDG_USE2":"","BLDG_USE3":"","BLDG_USE4":"","BLDG_USE5":"","BLDG_USE6":"","Photo":"https://ecommerce.matsugov.us/assessment/Pages/Photos.aspx?isDLG=1&P_ID=53412","GlobalID":"{7A938F63-3503-4D15-BFF4-2EB81453E62C}","Shape_Length":0.017023664613332677,"Shape_Area":6.9526137745883223e-06},"geometry":{"type":"MultiPolygon","coordinates":[[[[-149.011992918999965,61.678117479000036,0.0],[-149.01278737399997,61.678114561000029,0.0],[-149.014276720999959,61.677913706000027,0.0],[-149.016213032999957,61.678029523000077,0.0],[-149.016480873999967,61.678036965000047,0.0],[-149.016749152999978,61.678038424000079,0.0],[-149.017017281999983,61.678033895000056,0.0],[-149.017284664999977,61.678023387000053,0.0],[-149.017550716999978,61.67800692600008,0.0],[-149.017814845999965,61.677984546000062,0.0],[-149.018076473999969,61.677956297000037,0.0],[-149.018404395999966,61.677915121000069,0.0],[-149.019599579999976,61.67791062200007,0.0],[-149.019599359999972,61.677985435000039,0.0],[-149.01959658499996,61.678926345000036,0.0],[-149.011993597999975,61.678892834000067,0.0],[-149.011992918999965,61.678117479000036,0.0]]]]}},
{"type":"Feature","properties":{"OBJECTID":60182,"ParcelType":7,"P_ID":201355,"ACCOUNT":"AGENCY","TAXID_LOKI":"S 18N02E01","ACRES":10.83386776,"TAXACRE":0.0,"ORIGACRE":0.0,"FTYPE":"AGENCY","GENOWN":"NO DATA","BUYLEASE":"N","OWNER_1":"","NAME_2":"","MAILING_ADDRESS_LINE_A":"","MAILING_ADDRESS_LINE_B":"","MAILING_ADDRESS_CITY":"","MAILING_ADDRESS_STATE":"","MAILING_ADDRESS_ZIP":"","Buyer_Name":"","Buyer_Name_2":"","Buyer_Mailing_Address_A":"","Buyer_Mailing_Address_B":"","Buyer_Mailing_Address_City":"","Buyer_Mailing_Address_State":"","Buyer_Mailing_Address_Zip":"","MERIDIAN":"S","TWP_NUM":"18","TWP_NS":"N","RNG_NUM":"02","RNG_EW":"E","SECT_NUM":"01","GRIDNAME":"PA","GRIDNUM":"03","LANDVALUE":0.0,"LANDASSD":0.0,"BLDGVALUE":0.0,"BLDGASSD":0.0,"GENAREA":"0","NBHD":"","TAXZONE":"","CITY":"","COMMCOUN":"2","FSA":"004","RSA":"031","SSA_1":"","SSA_2":"","ESN":21,"ECN":15,"ASSMBDISTRICT":"1","VOTINGPRCNT":"29-530","DFIRM":"02170C7300E","SPUD":"Sutton","SUBDNUM":0,"LEGAL":"","DOC1_DATE":null,"DOC1_TYPE":"","DOC1_RCRD":"","DOC2_DATE":null,"DOC2_TYPE":"","DOC2_RCRD":"","LANDUSE":"","RESUNIT":0.0,"MHUNIT":0.0,"DUPLEXUNIT":0.0,"MULTIUNIT":0.0,"GQUNIT":0.0,"MH_PK_UNIT":0.0,"BLDG_USE1":"","BLDG_USE2":"","BLDG_USE3":"","BLDG_USE4":"","BLDG_USE5":"","BLDG_USE6":"","Photo":"https://ecommerce.matsugov.us/assessment/Pages/Photos.aspx?isDLG=1&P_ID=201355","GlobalID":"{F4CBAB79-2D90-4AF5-8D9D-C5A69B8E7886}","Shape_Length":0.017179391035320946,"Shape_Area":7.4274079363832369e-06},"geometry":{"type":"MultiPolygon","coordinates":[[[[-149.004417707999977,61.67802443100004,0.0],[-149.004939374999964,61.678012392000028,0.0],[-149.005208427999975,61.678012824000064,0.0],[-149.005477177999978,61.678018904000055,0.0],[-149.005745099999956,61.678030621000062,0.0],[-149.006011671999971,61.678047950000064,0.0],[-149.006276370999984,61.678070859000059,0.0],[-149.006541376999962,61.678083161000075,0.0],[-149.006807377999962,61.678088833000061,0.0],[-149.00707363799998,61.678087858000083,0.0],[-149.007339420999983,61.678080240000043,0.0],[-149.007603996999961,61.678066001000047,0.0],[-149.007866633999981,61.678045179000037,0.0],[-149.008126604999973,61.678017830000044,0.0],[-149.008383194999965,61.67798403200004,0.0],[-149.008635694999981,61.677943877000075,0.0],[-149.008883405999967,61.677897476000055,0.0],[-149.00912564799998,61.677844958000037,0.0],[-149.009325111999971,61.677807727000072,0.0],[-149.009528817999978,61.677776106000067,0.0],[-149.009736066999977,61.677750201000038,0.0],[-149.009946152999959,61.677730102000055,0.0],[-149.010158353999969,61.677715877000082,0.0],[-149.01037194099996,61.677707576000046,0.0],[-149.010586185999983,61.677705227000047,0.0],[-149.010800350999972,61.677708837000068,0.0],[-149.011013705999972,61.677718394000067,0.0],[-149.011992627999973,61.677777008000078,0.0],[-149.011992918999965,61.678117479000036,0.0],[-149.011993597999975,61.678892834000067,0.0],[-149.004418344999976,61.67890626600007,0.0],[-149.004417707999977,61.67802443100004,0.0]]]]}},
{"type":"Feature","properties":{"OBJECTID":60183,"ParcelType":2,"P_ID":21928,"ACCOUNT":"18N02E01A006","TAXID_LOKI":"118N02E01A006","ACRES":7.41719633,"TAXACRE":7.61,"ORIGACRE":7.61,"FTYPE":"PARCEL","GENOWN":"BOROUGH","BUYLEASE":"N","OWNER_1":"MATANUSKA-SUSITNA BOROUGH","NAME_2":"","MAILING_ADDRESS_LINE_A":"","MAILING_ADDRESS_LINE_B":"350 E DAHLIA AVE ","MAILING_ADDRESS_CITY":"PALMER","MAILING_ADDRESS_STATE":"AK","MAILING_ADDRESS_ZIP":"99645-6488","Buyer_Name":"","Buyer_Name_2":"","Buyer_Mailing_Address_A":"","Buyer_Mailing_Address_B":"","Buyer_Mailing_Address_City":"","Buyer_Mailing_Address_State":"","Buyer_Mailing_Address_Zip":"","MERIDIAN":"S","TWP_NUM":"18","TWP_NS":"N","RNG_NUM":"02","RNG_EW":"E","SECT_NUM":"01","GRIDNAME":"PA","GRIDNUM":"03","LANDVALUE":30600.0,"LANDASSD":0.0,"BLDGVALUE":0.0,"BLDGASSD":0.0,"GENAREA":"3661","NBHD":"B_EXCEPT_A1","TAXZONE":"0020","CITY":"","COMMCOUN":"2","FSA":"004","RSA":"031","SSA_1":"","SSA_2":"","ESN":21,"ECN":15,"ASSMBDISTRICT":"1","VOTINGPRCNT":"29-530","DFIRM":"02170C7300E","SPUD":"Sutton","SUBDNUM":0,"LEGAL":"TOWNSHIP 18N RANGE 2E              SECTION 1 LOT A6","DOC1_DATE":"1975-01-17T00:00:00Z","DOC1_TYPE":"Patent","DOC1_RCRD":"Palmer-Bk 92 Pg 939","DOC2_DATE":null,"DOC2_TYPE":"","DOC2_RCRD":"","LANDUSE":"","RESUNIT":0.0,"MHUNIT":0.0,"DUPLEXUNIT":0.0,"MULTIUNIT":0.0,"GQUNIT":0.0,"MH_PK_UNIT":0.0,"BLDG_USE1":"","BLDG_USE2":"","BLDG_USE3":"","BLDG_USE4":"","BLDG_USE5":"","BLDG_USE6":"","Photo":"https://ecommerce.matsugov.us/assessment/Pages/Photos.aspx?isDLG=1&P_ID=21928","GlobalID":"{DE2550CE-67FF-4B27-9532-34D1C668BCD2}","Shape_Length":0.016737683474502163,"Shape_Area":5.0865972940267487e-06},"geometry":{"type":"MultiPolygon","coordinates":[[[[-149.004417707999977,61.67802443100004,0.0],[-149.004418344999976,61.67890626600007,0.0],[-148.996796306999983,61.678887351000071,0.0],[-148.996795000999981,61.678296769000042,0.0],[-148.996949305999976,61.678298434000055,0.0],[-148.99710325099997,61.678303717000063,0.0],[-148.998727391999978,61.678384940000058,0.0],[-148.998982398999971,61.67839199000008,0.0],[-148.999237833999956,61.678392689000077,0.0],[-148.999492995999958,61.678387040000075,0.0],[-148.999747185999979,61.67837505500006,0.0],[-148.999999706999972,61.678356768000071,0.0],[-149.000249869999976,61.678332228000045,0.0],[-149.000496987999981,61.678301503000057,0.0],[-149.001895406999978,61.678122340000073,0.0],[-149.002136581999963,61.678097784000045,0.0],[-149.002380253999974,61.67807963100006,0.0],[-149.002625673999972,61.678067937000037,0.0],[-149.002809457999973,61.678063468000062,0.0],[-149.004417707999977,61.67802443100004,0.0]]]]}},
{"type":"Feature","properties":{"OBJECTID":60185,"ParcelType":2,"P_ID":28390,"ACCOUNT":"18N03E06B002","TAXID_LOKI":"118N03E06B002","ACRES":22.90151433,"TAXACRE":16.3,"ORIGACRE":16.3,"FTYPE":"PARCEL","GENOWN":"PRIVATE","BUYLEASE":"N","OWNER_1":"DRYDEN NANCY K","NAME_2":"DRYDEN DANIEL P EST","MAILING_ADDRESS_LINE_A":"","MAILING_ADDRESS_LINE_B":"10175 N GLENN HWY ","MAILING_ADDRESS_CITY":"PALMER","MAILING_ADDRESS_STATE":"AK","MAILING_ADDRESS_ZIP":"99645-8123","Buyer_Name":"","Buyer_Name_2":"","Buyer_Mailing_Address_A":"","Buyer_Mailing_Address_B":"","Buyer_Mailing_Address_City":"","Buyer_Mailing_Address_State":"","Buyer_Mailing_Address_Zip":"","MERIDIAN":"S","TWP_NUM":"18","TWP_NS":"N","RNG_NUM":"03","RNG_EW":"E","SECT_NUM":"06","GRIDNAME":"PA","GRIDNUM":"02","LANDVALUE":49200.0,"LANDASSD":0.0,"BLDGVALUE":289500.0,"BLDGASSD":53441.0,"GENAREA":"3652","NBHD":"B_EXCEPT_A1","TAXZONE":"0020","CITY":"","COMMCOUN":"2","FSA":"004","RSA":"031","SSA_1":"","SSA_2":"","ESN":21,"ECN":15,"ASSMBDISTRICT":"1","VOTINGPRCNT":"29-530","DFIRM":null,"SPUD":"Sutton","SUBDNUM":0,"LEGAL":"TOWNSHIP 18N RANGE 3E              SECTION 6 LOT B2","DOC1_DATE":"2026-08-19T00:00:00Z","DOC1_TYPE":"PERSONAL REPRESENTATIVE","DOC1_RCRD":"Palmer-Bk  Pg ","DOC2_DATE":"1976-07-20T00:00:00Z","DOC2_TYPE":"QUITCLAIM DEED (ALL TYPE)","DOC2_RCRD":"Palmer-Bk 120 Pg 404","LANDUSE":"","RESUNIT":2.0,"MHUNIT":0.0,"DUPLEXUNIT":0.0,"MULTIUNIT":0.0,"GQUNIT":0.0,"MH_PK_UNIT":0.0,"BLDG_USE1":"1100","BLDG_USE2":"1110","BLDG_USE3":"","BLDG_USE4":"","BLDG_USE5":"","BLDG_USE6":"","Photo":"https://ecommerce.matsugov.us/assessment/Pages/Photos.aspx?isDLG=1&P_ID=28390","GlobalID":"{7161D642-FEB8-486A-ADC9-CB9A650A054D}","Shape_Length":0.018194357807975122,"Shape_Area":1.5698965895033963e-05},"geometry":{"type":"MultiPolygon","coordinates":[[[[-148.99411450499997,61.675554435000038,0.0],[-148.996788195999983,61.675221712000052,0.0],[-148.99678820799997,61.675221757000031,0.0],[-148.996793179999969,61.677474008000047,0.0],[-148.996383707999968,61.677518066000061,0.0],[-148.995971941999983,61.67755700400005,0.0],[-148.995707431999961,61.67757735400005,0.0],[-148.995445295999957,61.677603741000041,0.0],[-148.995186142999984,61.677636104000044,0.0],[-148.994930575999973,61.677674368000055,0.0],[-148.994679189999971,61.67771844400005,0.0],[-148.994432568999969,61.677768230000083,0.0],[-148.994191287999968,61.67782360800004,0.0],[-148.993955908999965,61.677884451000068,0.0],[-148.993726979999963,61.677950618000068,0.0],[-148.993505030999984,61.678021952000051,0.0],[-148.993290579999979,61.678098291000083,0.0],[-148.991315002999983,61.678887312000029,0.0],[-148.990184995999982,61.678887276000069,0.0],[-148.990173957999957,61.676527797000062,0.0],[-148.990173955999978,61.676527565000072,0.0],[-148.990405477999957,61.676443910000046,0.0],[-148.99411450499997,61.675554435000038,0.0]]]]}},
{"type":"Feature","properties":{"OBJECTID":60199,"ParcelType":2,"P_ID":82374,"ACCOUNT":"18N03E05C003","TAXID_LOKI":"118N03E05C003","ACRES":40.69339006,"TAXACRE":40.0,"ORIGACRE":40.0,"FTYPE":"PARCEL","GENOWN":"PRIVATE","BUYLEASE":"N","OWNER_1":"PEABODY WILLIAM & MILLICENT TR","NAME_2":"PEABODY WILLIAM P & M E TRES","MAILING_ADDRESS_LINE_A":"","MAILING_ADDRESS_LINE_B":"7933 N LUCKY CIR ","MAILING_ADDRESS_CITY":"PALMER","MAILING_ADDRESS_STATE":"AK","MAILING_ADDRESS_ZIP":"99645","Buyer_Name":"","Buyer_Name_2":"","Buyer_Mailing_Address_A":"","Buyer_Mailing_Address_B":"","Buyer_Mailing_Address_City":"","Buyer_Mailing_Address_State":"","Buyer_Mailing_Address_Zip":"","MERIDIAN":"S","TWP_NUM":"18","TWP_NS":"N","RNG_NUM":"03","RNG_EW":"E","SECT_NUM":"05","GRIDNAME":"PA","GRIDNUM":"02","LANDVALUE":20000.0,"LANDASSD":20000.0,"BLDGVALUE":0.0,"BLDGASSD":0.0,"GENAREA":"3654","NBHD":"AG_LAND","TAXZONE":"0025","CITY":"","COMMCOUN":"15","FSA":"900","RSA":"019","SSA_1":"","SSA_2":"","ESN":23,"ECN":14,"ASSMBDISTRICT":"1","VOTINGPRCNT":"25-315","DFIRM":null,"SPUD":null,"SUBDNUM":0,"LEGAL":"TOWNSHIP 18N RANGE 3E              SECTION 5 LOT C3","DOC1_DATE":"2010-04-12T00:00:00Z","DOC1_TYPE":"QUITCLAIM DEED (ALL TYPE)","DOC1_RCRD":"Palmer-Bk  Pg ","DOC2_DATE":"2009-07-29T00:00:00Z","DOC2_TYPE":"QUITCLAIM DEED (ALL TYPE)","DOC2_RCRD":"Palmer-Bk  Pg ","LANDUSE":"","RESUNIT":0.0,"MHUNIT":0.0,"DUPLEXUNIT":0.0,"MULTIUNIT":0.0,"GQUNIT":0.0,"MH_PK_UNIT":0.0,"BLDG_USE1":"","BLDG_USE2":"","BLDG_USE3":"","BLDG_USE4":"","BLDG_USE5":"","BLDG_USE6":"","Photo":"https://ecommerce.matsugov.us/assessment/Pages/Photos.aspx?isDLG=1&P_ID=82374","GlobalID":"{A0A829F3-131A-4E89-8170-3BDC41D661FC}","Shape_Length":0.022681564755828592,"Shape_Area":2.7910782924169302e-05},"geometry":{"type":"MultiPolygon","coordinates":[[[[-148.959642152999976,61.675302554000041,0.0],[-148.96737348299996,61.67527405900006,0.0],[-148.967387711999976,61.678884679000078,0.0],[-148.959658875999963,61.678913161000082,0.0],[-148.959642152999976,61.675302554000041,0.0]]]]}},
{"type":"Feature","properties":{"OBJECTID":60201,"ParcelType":2,"P_ID":34250,"ACCOUNT":"18N03E05C001","TAXID_LOKI":"118N03E05C001","ACRES":40.0007611,"TAXACRE":40.0,"ORIGACRE":40.0,"FTYPE":"PARCEL","GENOWN":"PRIVATE","BUYLEASE":"N","OWNER_1":"CLARK CARL E & MARY ROSE","NAME_2":"","MAILING_ADDRESS_LINE_A":"","MAILING_ADDRESS_LINE_B":"12244 N WOLVERINE RD ","MAILING_ADDRESS_CITY":"PALMER","MAILING_ADDRESS_STATE":"AK","MAILING_ADDRESS_ZIP":"99645-8794","Buyer_Name":"","Buyer_Name_2":"","Buyer_Mailing_Address_A":"","Buyer_Mailing_Address_B":"","Buyer_Mailing_Address_City":"","Buyer_Mailing_Address_State":"","Buyer_Mailing_Address_Zip":"","MERIDIAN":"S","TWP_NUM":"18","TWP_NS":"N","RNG_NUM":"03","RNG_EW":"E","SECT_NUM":"05","GRIDNAME":"PA","GRIDNUM":"02","LANDVALUE":52800.0,"LANDASSD":0.0,"BLDGVALUE":2200.0,"BLDGASSD":0.0,"GENAREA":"3654","NBHD":"A1N10","TAXZONE":"0026","CITY":"","COMMCOUN":"15","FSA":"132","RSA":"019","SSA_1":"","SSA_2":"","ESN":24,"ECN":14,"ASSMBDISTRICT":"1","VOTINGPRCNT":"25-315","DFIRM":null,"SPUD":null,"SUBDNUM":0,"LEGAL":"TOWNSHIP 18N RANGE 3E              SECTION 5 LOT C1","DOC1_DATE":"1991-03-27T00:00:00Z","DOC1_TYPE":"WARRANTY DEED (ALL TYPES)","DOC1_RCRD":"Palmer-Bk 645 Pg 765","DOC2_DATE":"1991-02-14T00:00:00Z","DOC2_TYPE":"QUITCLAIM DEED (ALL TYPE)","DOC2_RCRD":"Palmer-Bk 642 Pg 799","LANDUSE":"","RESUNIT":1.0,"MHUNIT":0.0,"DUPLEXUNIT":0.0,"MULTIUNIT":0.0,"GQUNIT":0.0,"MH_PK_UNIT":0.0,"BLDG_USE1":"1100","BLDG_USE2":"","BLDG_USE3":"","BLDG_USE4":"","BLDG_USE5":"","BLDG_USE6":"","Photo":"https://ecommerce.matsugov.us/assessment/Pages/Photos.aspx?isDLG=1&P_ID=34250","GlobalID":"{4BAC736F-80EA-422A-8ED9-27346DAB48D1}","Shape_Length":0.022418430536615883,"Shape_Area":2.7435721846587882e-05},"geometry":{"type":"MultiPolygon","coordinates":[[[[-148.952044075999964,61.675330133000045,0.0],[-148.959642152999976,61.675302554000041,0.0],[-148.959658875999963,61.678913161000082,0.0],[-148.952059908999956,61.678940739000041,0.0],[-148.952044075999964,61.675330133000045,0.0]]]]}},
{"type":"Feature","properties":{"OBJECTID":60205,"ParcelType":2,"P_ID":62900,"ACCOUNT":"18N02E02B004","TAXID_LOKI":"118N02E02B004","ACRES":5.04467199,"TAXACRE":5.0,"ORIGACRE":5.0,"FTYPE":"PARCEL","GENOWN":"STATE","BUYLEASE":"N","OWNER_1":"ALASKA STATE OF","NAME_2":"","MAILING_ADDRESS_LINE_A":"% DEPT OF TRANS & PUB FAC","MAILING_ADDRESS_LINE_B":"PO BOX 196900","MAILING_ADDRESS_CITY":"ANCHORAGE","MAILING_ADDRESS_STATE":"AK","MAILING_ADDRESS_ZIP":"99519-6900","Buyer_Name":"","Buyer_Name_2":"","Buyer_Mailing_Address_A":"","Buyer_Mailing_Address_B":"","Buyer_Mailing_Address_City":"","Buyer_Mailing_Address_State":"","Buyer_Mailing_Address_Zip":"","MERIDIAN":"S","TWP_NUM":"18","TWP_NS":"N","RNG_NUM":"02","RNG_EW":"E","SECT_NUM":"02","GRIDNAME":"PA","GRIDNUM":"03","LANDVALUE":11500.0,"LANDASSD":0.0,"BLDGVALUE":0.0,"BLDGASSD":0.0,"GENAREA":"3661","NBHD":"B_EXCEPT_A1","TAXZONE":"0109","CITY":"","COMMCOUN":"24","FSA":"132","RSA":"031","SSA_1":"","SSA_2":"","ESN":19,"ECN":14,"ASSMBDISTRICT":"1","VOTINGPRCNT":"29-505","DFIRM":"02170C7300E","SPUD":null,"SUBDNUM":0,"LEGAL":"TOWNSHIP 18N RANGE 2E              SECTION 2 LOT B4","DOC1_DATE":"2007-01-10T00:00:00Z","DOC1_TYPE":"Patent","DOC1_RCRD":"Palmer-Bk  Pg ","DOC2_DATE":null,"DOC2_TYPE":"","DOC2_RCRD":"","LANDUSE":"","RESUNIT":0.0,"MHUNIT":0.0,"DUPLEXUNIT":0.0,"MULTIUNIT":0.0,"GQUNIT":0.0,"MH_PK_UNIT":0.0,"BLDG_USE1":"","BLDG_USE2":"","BLDG_USE3":"","BLDG_USE4":"","BLDG_USE5":"","BLDG_USE6":"","Photo":"https://ecommerce.matsugov.us/assessment/Pages/Photos.aspx?isDLG=1&P_ID=62900","GlobalID":"{AFAB3F44-E4E5-4126-8DD6-50575FC107E4}","Shape_Length":0.0094220455277218666,"Shape_Area":3.4603337325889934e-06},"geometry":{"type":"MultiPolygon","coordinates":[[[[-149.050035630999957,61.67889376200003,0.0],[-149.053832470999964,61.678890920000072,0.0],[-149.053832745999983,61.679025345000071,0.0],[-149.05383439199997,61.679797428000029,0.0],[-149.050030213999975,61.67980824700004,0.0],[-149.050035630999957,61.67889376200003,0.0]]]]}},
{"type":"Feature","properties":{"OBJECTID":60206,"ParcelType":2,"P_ID":19103,"ACCOUNT":"18N03E05D001","TAXID_LOKI":"118N03E05D001","ACRES":160.00305748,"TAXACRE":160.0,"ORIGACRE":160.0,"FTYPE":"PARCEL","GENOWN":"PRIVATE","BUYLEASE":"N","OWNER_1":"HARTMAN ALBERT EST","NAME_2":"","MAILING_ADDRESS_LINE_A":"% DEBRA HARTMAN","MAILING_ADDRESS_LINE_B":"3105 S OLD GLENN HWY ","MAILING_ADDRESS_CITY":"PALMER","MAILING_ADDRESS_STATE":"AK","MAILING_ADDRESS_ZIP":"99645","Buyer_Name":"","Buyer_Name_2":"","Buyer_Mailing_Address_A":"","Buyer_Mailing_Address_B":"","Buyer_Mailing_Address_City":"","Buyer_Mailing_Address_State":"","Buyer_Mailing_Address_Zip":"","MERIDIAN":"S","TWP_NUM":"18","TWP_NS":"N","RNG_NUM":"03","RNG_EW":"E","SECT_NUM":"05","GRIDNAME":"PA","GRIDNUM":"02","LANDVALUE":101200.0,"LANDASSD":101200.0,"BLDGVALUE":65800.0,"BLDGASSD":65800.0,"GENAREA":"3654","NBHD":"B_EXCEPT_A1","TAXZONE":"0026","CITY":"","COMMCOUN":"15","FSA":"132","RSA":"019","SSA_1":"","SSA_2":"","ESN":24,"ECN":14,"ASSMBDISTRICT":"1","VOTINGPRCNT":"25-315","DFIRM":null,"SPUD":null,"SUBDNUM":0,"LEGAL":"TOWNSHIP 18N RANGE 3E              SECTION 5 LOT D1","DOC1_DATE":"2004-02-19T00:00:00Z","DOC1_TYPE":"QUITCLAIM DEED (ALL TYPE)","DOC1_RCRD":"Palmer-Bk  Pg 0","DOC2_DATE":"2001-08-02T00:00:00Z","DOC2_TYPE":"REPURCHASE QUITCLAIM DEED","DOC2_RCRD":"Palmer-Bk 1153 Pg 357","LANDUSE":"","RESUNIT":0.0,"MHUNIT":1.0,"DUPLEXUNIT":0.0,"MULTIUNIT":0.0,"GQUNIT":0.0,"MH_PK_UNIT":0.0,"BLDG_USE1":"1120","BLDG_USE2":"","BLDG_USE3":"","BLDG_USE4":"","BLDG_USE5":"","BLDG_USE6":"","Photo":"https://ecommerce.matsugov.us/assessment/Pages/Photos.aspx?isDLG=1&P_ID=19103","GlobalID":"{F994C27D-C45E-4872-9B81-0C55321A152C}","Shape_Length":0.060031374998995107,"Shape_Area":0.00010973482579789701},"geometry":{"type":"MultiPolygon","coordinates":[[[[-148.95956184299996,61.671692177000068,0.0],[-148.959625431999967,61.671691945000077,0.0],[-148.959642152999976,61.675302554000041,0.0],[-148.952044075999964,61.675330133000045,0.0],[-148.952059908999956,61.678940739000041,0.0],[-148.936861950999969,61.678994630000034,0.0],[-148.936847889999967,61.675384026000074,0.0],[-148.944445986999966,61.675357290000079,0.0],[-148.944431037999976,61.671746683000038,0.0],[-148.952028239999976,61.671719525000071,0.0],[-148.958897859999979,61.671694605000027,0.0],[-148.95956184299996,61.671692177000068,0.0]]]]}},
{"type":"Feature","properties":{"OBJECTID":60207,"ParcelType":2,"P_ID":33413,"ACCOUNT":"18N03E06D006","TAXID_LOKI":"118N03E06D006","ACRES":30.79935935,"TAXACRE":29.92,"ORIGACRE":29.92,"FTYPE":"PARCEL","GENOWN":"PRIVATE","BUYLEASE":"N","OWNER_1":"PEABODY WILLIAM & MILLICENT TR","NAME_2":"PEABODY WILLIAM P & M E TRES","MAILING_ADDRESS_LINE_A":"","MAILING_ADDRESS_LINE_B":"7933 N LUCKY CIR ","MAILING_ADDRESS_CITY":"PALMER","MAILING_ADDRESS_STATE":"AK","MAILING_ADDRESS_ZIP":"99645","Buyer_Name":"","Buyer_Name_2":"","Buyer_Mailing_Address_A":"","Buyer_Mailing_Address_B":"","Buyer_Mailing_Address_City":"","Buyer_Mailing_Address_State":"","Buyer_Mailing_Address_Zip":"","MERIDIAN":"S","TWP_NUM":"18","TWP_NS":"N","RNG_NUM":"03","RNG_EW":"E","SECT_NUM":"06","GRIDNAME":"PA","GRIDNUM":"02","LANDVALUE":15000.0,"LANDASSD":15000.0,"BLDGVALUE":0.0,"BLDGASSD":0.0,"GENAREA":"3654","NBHD":"AG_LAND","TAXZONE":"0025","CITY":"","COMMCOUN":"15","FSA":"900","RSA":"019","SSA_1":"","SSA_2":"","ESN":23,"ECN":14,"ASSMBDISTRICT":"1","VOTINGPRCNT":"25-315","DFIRM":null,"SPUD":null,"SUBDNUM":0,"LEGAL":"TOWNSHIP 18N RANGE 3E              SECTION 6 LOT D6","DOC1_DATE":"2010-04-12T00:00:00Z","DOC1_TYPE":"QUITCLAIM DEED (ALL TYPE)","DOC1_RCRD":"Palmer-Bk  Pg ","DOC2_DATE":"2007-06-18T00:00:00Z","DOC2_TYPE":"QUITCLAIM DEED (ALL TYPE)","DOC2_RCRD":"Palmer-Bk  Pg ","LANDUSE":"","RESUNIT":0.0,"MHUNIT":0.0,"DUPLEXUNIT":0.0,"MULTIUNIT":0.0,"GQUNIT":0.0,"MH_PK_UNIT":0.0,"BLDG_USE1":"","BLDG_USE2":"","BLDG_USE3":"","BLDG_USE4":"","BLDG_USE5":"","BLDG_USE6":"","Photo":"https://ecommerce.matsugov.us/assessment/Pages/Photos.aspx?isDLG=1&P_ID=33413","GlobalID":"{66F450DA-44D9-4B08-A5C7-B6129346F19D}","Shape_Length":0.021619288202587,"Shape_Area":2.1124630909767619e-05},"geometry":{"type":"MultiPolygon","coordinates":[[[[-148.96737348299996,61.67527405900006,0.0],[-148.974971685999975,61.675275326000076,0.0],[-148.974980539999962,61.677390496000044,0.0],[-148.974944334999975,61.677422609000075,0.0],[-148.970926129999981,61.67782675400008,0.0],[-148.970054818999984,61.678182860000049,0.0],[-148.967389237999981,61.679272199000081,0.0],[-148.967389236999963,61.67927204700004,0.0],[-148.967387711999976,61.678884679000078,0.0],[-148.96737348299996,61.67527405900006,0.0]]]]}},
{"type":"Feature","properties":{"OBJECTID":60214,"ParcelType":2,"P_ID":45872,"ACCOUNT":"18N02E02A006","TAXID_LOKI":"118N02E02A006","ACRES":17.51567253,"TAXACRE":17.48,"ORIGACRE":17.48,"FTYPE":"PARCEL","GENOWN":"PRIVATE","BUYLEASE":"N","OWNER_1":"FOWLER JAMES W & PAULA J","NAME_2":"","MAILING_ADDRESS_LINE_A":"","MAILING_ADDRESS_LINE_B":"1211 NW 111TH ST ","MAILING_ADDRESS_CITY":"VANCOUVER","MAILING_ADDRESS_STATE":"WA","MAILING_ADDRESS_ZIP":"98685","Buyer_Name":"","Buyer_Name_2":"","Buyer_Mailing_Address_A":"","Buyer_Mailing_Address_B":"","Buyer_Mailing_Address_City":"","Buyer_Mailing_Address_State":"","Buyer_Mailing_Address_Zip":"","MERIDIAN":"S","TWP_NUM":"18","TWP_NS":"N","RNG_NUM":"02","RNG_EW":"E","SECT_NUM":"02","GRIDNAME":"PA","GRIDNUM":"03","LANDVALUE":7500.0,"LANDASSD":7500.0,"BLDGVALUE":0.0,"BLDGASSD":0.0,"GENAREA":"3661","NBHD":"B_EXCEPT_A1","TAXZONE":"0109","CITY":"","COMMCOUN":"24","FSA":"132","RSA":"031","SSA_1":"","SSA_2":"","ESN":19,"ECN":14,"ASSMBDISTRICT":"1","VOTINGPRCNT":"29-505","DFIRM":"02170C7300E","SPUD":null,"SUBDNUM":0,"LEGAL":"TOWNSHIP 18N RANGE 2E              SECTION 2 LOT A6","DOC1_DATE":"2008-07-15T00:00:00Z","DOC1_TYPE":"WARRANTY DEED (ALL TYPES)","DOC1_RCRD":"Palmer-Bk  Pg ","DOC2_DATE":"2010-04-02T00:00:00Z","DOC2_TYPE":"WARRANTY DEED (ALL TYPES)","DOC2_RCRD":"Palmer-Bk  Pg ","LANDUSE":"","RESUNIT":0.0,"MHUNIT":0.0,"DUPLEXUNIT":0.0,"MULTIUNIT":0.0,"GQUNIT":0.0,"MH_PK_UNIT":0.0,"BLDG_USE1":"","BLDG_USE2":"","BLDG_USE3":"","BLDG_USE4":"","BLDG_USE5":"","BLDG_USE6":"","Photo":"https://ecommerce.matsugov.us/assessment/Pages/Photos.aspx?isDLG=1&P_ID=45872","GlobalID":"{72E72DAC-54ED-48E5-9294-8079CD08ADA9}","Shape_Length":0.016437844802583635,"Shape_Area":1.2014278685091148e-05},"geometry":{"type":"MultiPolygon","coordinates":[[[[-149.047699195999968,61.676779716000055,0.0],[-149.050036473999967,61.676314367000032,0.0],[-149.050036102999968,61.676557051000032,0.0],[-149.050035256999962,61.677086882000083,0.0],[-149.050035630999957,61.67889376200003,0.0],[-149.050030213999975,61.67980824700004,0.0],[-149.050029973999983,61.679925925000077,0.0],[-149.050029192999972,61.680303524000067,0.0],[-149.04993466199997,61.680263015000037,0.0],[-149.049760914999979,61.680191940000043,0.0],[-149.049580499999962,61.680124719000048,0.0],[-149.049393794999958,61.680061495000075,0.0],[-149.049201189999962,61.680002401000081,0.0],[-149.048836276999964,61.679896023000083,0.0],[-149.048466609999963,61.679792090000035,0.0],[-149.048090167999959,61.679693800000052,0.0],[-149.047707335999974,61.679601250000076,0.0],[-149.04731849999996,61.679514535000067,0.0],[-149.046924053999959,61.67943374400005,0.0],[-149.046523,61.679355187000056,0.0],[-149.046357589999957,61.679318844000079,0.0],[-149.046199064999968,61.679276135000066,0.0],[-149.046048507999984,61.67922734900003,0.0],[-149.045906945999974,61.679172821000066,0.0],[-149.045775350999975,61.679112923000048,0.0],[-149.045654618999976,61.679048065000075,0.0],[-149.045545574999977,61.678978690000065,0.0],[-149.045448965999981,61.678905271000076,0.0],[-149.045365450999981,61.678828313000054,0.0],[-149.045295603999961,61.678748340000027,0.0],[-149.045239897999977,61.678665898000077,0.0],[-149.04519871499997,61.678581552000082,0.0],[-149.045172337999958,61.678495878000035,0.0],[-149.045107395999963,61.678199653000036,0.0],[-149.046827438999969,61.678113455000073,0.0],[-149.04691989799997,61.677859956000077,0.0],[-149.046273183999972,61.677112150000028,0.0],[-149.046379753999958,61.677079129000049,0.0],[-149.046490103999957,61.677049041000032,0.0],[-149.046603875999978,61.677021982000042,0.0],[-149.047699195999968,61.676779716000055,0.0]]]]}},
{"type":"Feature","properties":{"OBJECTID":60215,"ParcelType":2,"P_ID":88444,"ACCOUNT":"18N02E02B002","TAXID_LOKI":"118N02E02B002","ACRES":4.17746384,"TAXACRE":4.02,"ORIGACRE":4.02,"FTYPE":"PARCEL","GENOWN":"PRIVATE","BUYLEASE":"N","OWNER_1":"SEIDL MARK & SUSAN","NAME_2":"","MAILING_ADDRESS_LINE_A":"","MAILING_ADDRESS_LINE_B":"17221  TIGER ST NW","MAILING_ADDRESS_CITY":"RAMSEY","MAILING_ADDRESS_STATE":"MN","MAILING_ADDRESS_ZIP":"55303","Buyer_Name":"","Buyer_Name_2":"","Buyer_Mailing_Address_A":"","Buyer_Mailing_Address_B":"","Buyer_Mailing_Address_City":"","Buyer_Mailing_Address_State":"","Buyer_Mailing_Address_Zip":"","MERIDIAN":"S","TWP_NUM":"18","TWP_NS":"N","RNG_NUM":"02","RNG_EW":"E","SECT_NUM":"02","GRIDNAME":"PA","GRIDNUM":"03","LANDVALUE":4900.0,"LANDASSD":4900.0,"BLDGVALUE":0.0,"BLDGASSD":0.0,"GENAREA":"3661","NBHD":"B_EXCEPT_A1","TAXZONE":"0109","CITY":"","COMMCOUN":"24","FSA":"132","RSA":"031","SSA_1":"","SSA_2":"","ESN":19,"ECN":14,"ASSMBDISTRICT":"1","VOTINGPRCNT":"29-505","DFIRM":"02170C7300E","SPUD":null,"SUBDNUM":0,"LEGAL":"TOWNSHIP 18N RANGE 2E              SECTION 2 LOT B2","DOC1_DATE":"2003-12-01T00:00:00Z","DOC1_TYPE":"WARRANTY DEED (ALL TYPES)","DOC1_RCRD":"Palmer-Bk  Pg 0","DOC2_DATE":"2001-08-03T00:00:00Z","DOC2_TYPE":"WARRANTY DEED (ALL TYPES)","DOC2_RCRD":"Palmer-Bk 1153 Pg 492","LANDUSE":"","RESUNIT":0.0,"MHUNIT":0.0,"DUPLEXUNIT":0.0,"MULTIUNIT":0.0,"GQUNIT":0.0,"MH_PK_UNIT":0.0,"BLDG_USE1":"","BLDG_USE2":"","BLDG_USE3":"","BLDG_USE4":"","BLDG_USE5":"","BLDG_USE6":"","Photo":"https://ecommerce.matsugov.us/assessment/Pages/Photos.aspx?isDLG=1&P_ID=88444","GlobalID":"{3DCE9A2D-25BE-4F6B-AFE9-6533DF38D5EB}","Shape_Length":0.0088810812560731287,"Shape_Area":2.8607442996783089e-06},"geometry":{"type":"MultiPolygon","coordinates":[[[[-149.050029973999983,61.679925925000077,0.0],[-149.050030213999975,61.67980824700004,0.0],[-149.05383439199997,61.679797428000029,0.0],[-149.053836193999956,61.680717538000067,0.0],[-149.051355326999982,61.680716860000075,0.0],[-149.051253825999964,61.680613977000064,0.0],[-149.051139834999958,61.680514091000077,0.0],[-149.051013741999981,61.680417542000043,0.0],[-149.050875982999969,61.680324662000032,0.0],[-149.050727027999983,61.680235770000081,0.0],[-149.050567384999965,61.680151168000066,0.0],[-149.050397600999958,61.680071147000035,0.0],[-149.05021825999998,61.679995980000058,0.0],[-149.050029973999983,61.679925925000077,0.0]]]]}},
{"type":"Feature","properties":{"OBJECTID":60216,"ParcelType":2,"P_ID":35545,"ACCOUNT":"18N03E05B004","TAXID_LOKI":"118N03E05B004","ACRES":13.82153407,"TAXACRE":12.97,"ORIGACRE":12.97,"FTYPE":"PARCEL","GENOWN":"PRIVATE","BUYLEASE":"N","OWNER_1":"PEABODY WILLIAM & MILLICENT TR","NAME_2":"PEABODY WILLIAM P & M E TRES","MAILING_ADDRESS_LINE_A":"","MAILING_ADDRESS_LINE_B":"7933 N LUCKY CIR ","MAILING_ADDRESS_CITY":"PALMER","MAILING_ADDRESS_STATE":"AK","MAILING_ADDRESS_ZIP":"99645","Buyer_Name":"","Buyer_Name_2":"","Buyer_Mailing_Address_A":"","Buyer_Mailing_Address_B":"","Buyer_Mailing_Address_City":"","Buyer_Mailing_Address_State":"","Buyer_Mailing_Address_Zip":"","MERIDIAN":"S","TWP_NUM":"18","TWP_NS":"N","RNG_NUM":"03","RNG_EW":"E","SECT_NUM":"05","GRIDNAME":"PA","GRIDNUM":"02","LANDVALUE":6500.0,"LANDASSD":6500.0,"BLDGVALUE":0.0,"BLDGASSD":0.0,"GENAREA":"3654","NBHD":"AG_LAND","TAXZONE":"0025","CITY":"","COMMCOUN":"15","FSA":"900","RSA":"019","SSA_1":"","SSA_2":"","ESN":23,"ECN":14,"ASSMBDISTRICT":"1","VOTINGPRCNT":"25-315","DFIRM":null,"SPUD":null,"SUBDNUM":0,"LEGAL":"TOWNSHIP 18N RANGE 3E              SECTION 5 LOT B4","DOC1_DATE":"2010-04-12T00:00:00Z","DOC1_TYPE":"QUITCLAIM DEED (ALL TYPE)","DOC1_RCRD":"Palmer-Bk  Pg ","DOC2_DATE":"2009-07-29T00:00:00Z","DOC2_TYPE":"QUITCLAIM DEED (ALL TYPE)","DOC2_RCRD":"Palmer-Bk  Pg ","LANDUSE":"","RESUNIT":0.0,"MHUNIT":0.0,"DUPLEXUNIT":0.0,"MULTIUNIT":0.0,"GQUNIT":0.0,"MH_PK_UNIT":0.0,"BLDG_USE1":"","BLDG_USE2":"","BLDG_USE3":"","BLDG_USE4":"","BLDG_USE5":"","BLDG_USE6":"","Photo":"https://ecommerce.matsugov.us/assessment/Pages/Photos.aspx?isDLG=1&P_ID=35545","GlobalID":"{D3094921-2939-4DB4-9422-2AD13FBD6EE3}","Shape_Length":0.017795282408943163,"Shape_Area":9.4809206002921979e-06},"geometry":{"type":"MultiPolygon","coordinates":[[[[-148.959658875999963,61.678913161000082,0.0],[-148.967387711999976,61.678884679000078,0.0],[-148.967389236999963,61.67927204700004,0.0],[-148.967389237999981,61.679272199000081,0.0],[-148.966240408999965,61.679741431000082,0.0],[-148.965864189999962,61.679895091000049,0.0],[-148.964020332999979,61.680194332000042,0.0],[-148.960726930999982,61.68038776800006,0.0],[-148.960499011999957,61.680450301000064,0.0],[-148.959667051999958,61.680678557000078,0.0],[-148.959667049999979,61.680678381000064,0.0],[-148.959658875999963,61.678913161000082,0.0]]]]}},
{"type":"Feature","properties":{"OBJECTID":60217,"ParcelType":2,"P_ID":74366,"ACCOUNT":"18N02E02A007","TAXID_LOKI":"118N02E02A007","ACRES":49.17653285,"TAXACRE":47.26,"ORIGACRE":47.26,"FTYPE":"PARCEL","GENOWN":"PRIVATE","BUYLEASE":"N","OWNER_1":"FOWLER JAMES W & PAULA J","NAME_2":"","MAILING_ADDRESS_LINE_A":"","MAILING_ADDRESS_LINE_B":"1211 NW 111TH ST ","MAILING_ADDRESS_CITY":"VANCOUVER","MAILING_ADDRESS_STATE":"WA","MAILING_ADDRESS_ZIP":"98685","Buyer_Name":"","Buyer_Name_2":"","Buyer_Mailing_Address_A":"","Buyer_Mailing_Address_B":"","Buyer_Mailing_Address_City":"","Buyer_Mailing_Address_State":"","Buyer_Mailing_Address_Zip":"","MERIDIAN":"S","TWP_NUM":"18","TWP_NS":"N","RNG_NUM":"02","RNG_EW":"E","SECT_NUM":"02","GRIDNAME":"PA","GRIDNUM":"03","LANDVALUE":57100.0,"LANDASSD":46372.0,"BLDGVALUE":0.0,"BLDGASSD":0.0,"GENAREA":"3661","NBHD":"B_EXCEPT_A1","TAXZONE":"0019","CITY":"","COMMCOUN":"2","FSA":"900","RSA":"031","SSA_1":"","SSA_2":"","ESN":22,"ECN":14,"ASSMBDISTRICT":"1","VOTINGPRCNT":"29-505","DFIRM":"02170C7300E","SPUD":"Sutton","SUBDNUM":0,"LEGAL":"TOWNSHIP 18N RANGE 2E              SECTION 2 LOT A7","DOC1_DATE":"2008-07-15T00:00:00Z","DOC1_TYPE":"WARRANTY DEED (ALL TYPES)","DOC1_RCRD":"Palmer-Bk  Pg ","DOC2_DATE":"2010-04-02T00:00:00Z","DOC2_TYPE":"QUITCLAIM DEED (ALL TYPE)","DOC2_RCRD":"Palmer-Bk  Pg ","LANDUSE":"","RESUNIT":0.0,"MHUNIT":0.0,"DUPLEXUNIT":0.0,"MULTIUNIT":0.0,"GQUNIT":0.0,"MH_PK_UNIT":0.0,"BLDG_USE1":"","BLDG_USE2":"","BLDG_USE3":"","BLDG_USE4":"","BLDG_USE5":"","BLDG_USE6":"","Photo":"https://ecommerce.matsugov.us/assessment/Pages/Photos.aspx?isDLG=1&P_ID=74366","GlobalID":"{D42D1899-8BAE-430C-B177-80084D370481}","Shape_Length":0.040214368749289291,"Shape_Area":3.3733425068323934e-05},"geometry":{"type":"MultiPolygon","coordinates":[[[[-149.043755199999964,61.680638788000067,0.0],[-149.043694810999966,61.680635322000057,0.0],[-149.043381618999973,61.68073159100004,0.0],[-149.042839166999983,61.680722095000078,0.0],[-149.042645710999977,61.680665094000062,0.0],[-149.042421036999968,61.680646400000057,0.0],[-149.042218000999981,61.680607880000082,0.0],[-149.041579837999961,61.680557755000052,0.0],[-149.041354057999968,61.680574726000032,0.0],[-149.04123823599997,61.680532534000065,0.0],[-149.041013143999976,61.680498091000061,0.0],[-149.040984155999979,61.680493656000067,0.0],[-149.04073358399998,61.680363507000038,0.0],[-149.040647203999981,61.680318640000053,0.0],[-149.040606258999958,61.680231709000054,0.0],[-149.040568306999972,61.680151137000053,0.0],[-149.040318783999965,61.680062348000035,0.0],[-149.040187045999971,61.679905401000042,0.0],[-149.040168180999956,61.679882927000051,0.0],[-149.04004508099996,61.679785034000076,0.0],[-149.039910175999978,61.679553570000053,0.0],[-149.039896352999961,61.679529855000055,0.0],[-149.039864756999975,61.679436272000032,0.0],[-149.03974704099997,61.679087609000078,0.0],[-149.039687126999979,61.678910143000053,0.0],[-149.042426389999974,61.678907479000031,0.0],[-149.042425943999973,61.678825195000059,0.0],[-149.042424954999973,61.678276565000033,0.0],[-149.042419483999964,61.675279956000054,0.0],[-149.050027717999967,61.675275613000053,0.0],[-149.050037398999962,61.675670742000079,0.0],[-149.05003703099996,61.675934588000075,0.0],[-149.047383726999982,61.676456649000045,0.0],[-149.046288436999959,61.676698904000034,0.0],[-149.046110305999974,61.676741780000043,0.0],[-149.045938599999971,61.67679021500004,0.0],[-149.045774085999966,61.676843992000045,0.0],[-149.045617498999974,61.676902870000049,0.0],[-149.045469539999971,61.676966586000049,0.0],[-149.045330867999979,61.677034857000081,0.0],[-149.045202100999973,61.677107377000027,0.0],[-149.045083818999984,61.677183822000075,0.0],[-149.044976548999983,61.677263851000077,0.0],[-149.044880766999967,61.677347105000081,0.0],[-149.044796902999963,61.677433214000075,0.0],[-149.044777098999958,61.677455165000083,0.0],[-149.044702549999982,61.677546670000083,0.0],[-149.044640214999959,61.677640215000054,0.0],[-149.04459033699996,61.677735432000077,0.0],[-149.044553114999957,61.677831947000072,0.0],[-149.044528693999979,61.677929381000069,0.0],[-149.044517170999967,61.678027349000047,0.0],[-149.044518588999978,61.678125469000065,0.0],[-149.044532944999958,61.678223354000068,0.0],[-149.04459896299997,61.678524525000057,0.0],[-149.044626696999984,61.678618295000035,0.0],[-149.044668492999961,61.67871088000004,0.0],[-149.044724140999961,61.678801804000045,0.0],[-149.044793350999981,61.678890601000035,0.0],[-149.044875769999976,61.678976815000055,0.0],[-149.044970976999963,61.679060002000028,0.0],[-149.045078477999965,61.679139736000081,0.0],[-149.045197723999962,61.679215606000071,0.0],[-149.045328101999957,61.679287223000074,0.0],[-149.045468941999957,61.67935422000005,0.0],[-149.045619518999956,61.679416250000031,0.0],[-149.045779062999969,61.679472998000051,0.0],[-149.045946751999963,61.679524170000036,0.0],[-149.046121724999978,61.679569503000039,0.0],[-149.04630308299997,61.679608766000058,0.0],[-149.046703960999963,61.679687288000082,0.0],[-149.047081565999974,61.679764630000079,0.0],[-149.047453798999982,61.679847643000073,0.0],[-149.047820285999961,61.679936243000043,0.0],[-149.048180653999964,61.680030338000051,0.0],[-149.048534536999966,61.68012983400007,0.0],[-149.048899228999971,61.680236151000031,0.0],[-149.050024556999972,61.680680436000046,0.0],[-149.050033214999956,61.681611916000065,0.0],[-149.049962206999965,61.681675673000029,0.0],[-149.049880262999977,61.681736398000055,0.0],[-149.049787956999978,61.681793668000068,0.0],[-149.049685929999981,61.681847084000083,0.0],[-149.049574889999974,61.681896278000067,0.0],[-149.04945560799996,61.681940906000079,0.0],[-149.049328914999961,61.681980657000054,0.0],[-149.049195690999966,61.682015255000067,0.0],[-149.049056862999976,61.682044460000043,0.0],[-149.048913396999978,61.682068069000081,0.0],[-149.048766287999968,61.682085918000041,0.0],[-149.047095814999977,61.682277894000038,0.0],[-149.047037097999976,61.682285251000053,0.0],[-149.04679884899997,61.682026683000061,0.0],[-149.04639470799998,61.68185492300006,0.0],[-149.046349611999972,61.681809633000057,0.0],[-149.046145053999965,61.681754994000073,0.0],[-149.046004055999958,61.681717332000062,0.0],[-149.045750708999975,61.681654210000033,0.0],[-149.045265023999974,61.681534991000035,0.0],[-149.04478488899997,61.681417744000044,0.0],[-149.044633852999965,61.681184459000065,0.0],[-149.044619013999977,61.68114932800006,0.0],[-149.044515784999959,61.680904942000041,0.0],[-149.044242277999956,61.680765036000082,0.0],[-149.043843401999965,61.68064385100007,0.0],[-149.043755199999964,61.680638788000067,0.0]]]]}},
{"type":"Feature","properties":{"OBJECTID":60218,"ParcelType":1,"P_ID":12774,"ACCOUNT":"3676000T00A","TAXID_LOKI":"53676000T00A","ACRES":19.10044253,"TAXACRE":19.24,"ORIGACRE":19.24,"FTYPE":"PARCEL","GENOWN":"PRIVATE","BUYLEASE":"N","OWNER_1":"SEIDL MARK & SUSAN","NAME_2":"","MAILING_ADDRESS_LINE_A":"","MAILING_ADDRESS_LINE_B":"17221  TIGER ST NW","MAILING_ADDRESS_CITY":"RAMSEY","MAILING_ADDRESS_STATE":"MN","MAILING_ADDRESS_ZIP":"55303","Buyer_Name":"","Buyer_Name_2":"","Buyer_Mailing_Address_A":"","Buyer_Mailing_Address_B":"","Buyer_Mailing_Address_City":"","Buyer_Mailing_Address_State":"","Buyer_Mailing_Address_Zip":"","MERIDIAN":"S","TWP_NUM":"18","TWP_NS":"N","RNG_NUM":"02","RNG_EW":"E","SECT_NUM":"02","GRIDNAME":"PA","GRIDNUM":"03","LANDVALUE":39800.0,"LANDASSD":39800.0,"BLDGVALUE":0.0,"BLDGASSD":0.0,"GENAREA":"3661","NBHD":"B_EXCEPT_A1","TAXZONE":"0109","CITY":"","COMMCOUN":"24","FSA":"132","RSA":"031","SSA_1":"","SSA_2":"","ESN":19,"ECN":14,"ASSMBDISTRICT":"1","VOTINGPRCNT":"29-505","DFIRM":"02170C7300E","SPUD":null,"SUBDNUM":3676,"LEGAL":"MOOSE CRK EST                      TRACT A","DOC1_DATE":"2003-12-01T00:00:00Z","DOC1_TYPE":"WARRANTY DEED (ALL TYPES)","DOC1_RCRD":"Palmer-Bk  Pg 0","DOC2_DATE":"2001-08-03T00:00:00Z","DOC2_TYPE":"WARRANTY DEED (ALL TYPES)","DOC2_RCRD":"Palmer-Bk 1153 Pg 492","LANDUSE":"","RESUNIT":0.0,"MHUNIT":0.0,"DUPLEXUNIT":0.0,"MULTIUNIT":0.0,"GQUNIT":0.0,"MH_PK_UNIT":0.0,"BLDG_USE1":"","BLDG_USE2":"","BLDG_USE3":"","BLDG_USE4":"","BLDG_USE5":"","BLDG_USE6":"","Photo":"https://ecommerce.matsugov.us/assessment/Pages/Photos.aspx?isDLG=1&P_ID=12774","GlobalID":"{3D10D636-C407-4DA5-9017-7219E7EA8348}","Shape_Length":0.01449276973942853,"Shape_Area":1.3102323753843818e-05},"geometry":{"type":"MultiPolygon","coordinates":[[[[-149.053832745999983,61.679025345000071,0.0],[-149.05761603199997,61.679021058000046,0.0],[-149.057615641999973,61.68248888100004,0.0],[-149.053839128999982,61.682490484000027,0.0],[-149.053836193999956,61.680717538000067,0.0],[-149.05383439199997,61.679797428000029,0.0],[-149.053832745999983,61.679025345000071,0.0]]]]}},
{"type":"Feature","properties":{"OBJECTID":60219,"ParcelType":2,"P_ID":79300,"ACCOUNT":"18N02E02A009","TAXID_LOKI":"118N02E02A009","ACRES":32.28131408,"TAXACRE":32.18,"ORIGACRE":32.18,"FTYPE":"PARCEL","GENOWN":"PRIVATE","BUYLEASE":"N","OWNER_1":"SAXUM TRUST","NAME_2":"","MAILING_ADDRESS_LINE_A":"% AXEL BODNAR","MAILING_ADDRESS_LINE_B":"6831 E LAMAR  R RD ","MAILING_ADDRESS_CITY":"WASILLA","MAILING_ADDRESS_STATE":"AK","MAILING_ADDRESS_ZIP":"99654-9085","Buyer_Name":"","Buyer_Name_2":"","Buyer_Mailing_Address_A":"","Buyer_Mailing_Address_B":"","Buyer_Mailing_Address_City":"","Buyer_Mailing_Address_State":"","Buyer_Mailing_Address_Zip":"","MERIDIAN":"S","TWP_NUM":"18","TWP_NS":"N","RNG_NUM":"02","RNG_EW":"E","SECT_NUM":"02","GRIDNAME":"PA","GRIDNUM":"03","LANDVALUE":79600.0,"LANDASSD":79600.0,"BLDGVALUE":4500.0,"BLDGASSD":4500.0,"GENAREA":"3661","NBHD":"B_EXCEPT_A1","TAXZONE":"0020","CITY":"","COMMCOUN":"2","FSA":"004","RSA":"031","SSA_1":"","SSA_2":"","ESN":22,"ECN":15,"ASSMBDISTRICT":"1","VOTINGPRCNT":"29-530","DFIRM":"02170C7300E","SPUD":"Sutton","SUBDNUM":0,"LEGAL":"TOWNSHIP 18N RANGE 2E              SECTION 2 LOT A9","DOC1_DATE":"2024-08-12T00:00:00Z","DOC1_TYPE":"QUITCLAIM DEED (ALL TYPE)","DOC1_RCRD":"Palmer-Bk  Pg ","DOC2_DATE":"2022-07-26T00:00:00Z","DOC2_TYPE":"WARRANTY DEED (ALL TYPES)","DOC2_RCRD":"Palmer-Bk  Pg ","LANDUSE":"","RESUNIT":0.0,"MHUNIT":0.0,"DUPLEXUNIT":0.0,"MULTIUNIT":0.0,"GQUNIT":0.0,"MH_PK_UNIT":0.0,"BLDG_USE1":"","BLDG_USE2":"","BLDG_USE3":"","BLDG_USE4":"","BLDG_USE5":"","BLDG_USE6":"","Photo":"https://ecommerce.matsugov.us/assessment/Pages/Photos.aspx?isDLG=1&P_ID=79300","GlobalID":"{D08A35E7-1483-4FDB-8B22-527468E3D8EE}","Shape_Length":0.027663463454956752,"Shape_Area":2.2145547049020431e-05},"geometry":{"type":"MultiPolygon","coordinates":[[[[-149.02721010999997,61.679826239000079,0.0],[-149.027209352999961,61.67892088800005,0.0],[-149.028688870999957,61.678919750000034,0.0],[-149.030238245999982,61.679398720000052,0.0],[-149.03484114799997,61.681411472000036,0.0],[-149.035072029999981,61.681512393000048,0.0],[-149.035316832999968,61.681614818000071,0.0],[-149.035317343999964,61.681615023000063,0.0],[-149.035571106999981,61.681712355000059,0.0],[-149.035571807999958,61.681712613000059,0.0],[-149.035834328999982,61.681804760000034,0.0],[-149.035834844999982,61.68180493400007,0.0],[-149.036105933999977,61.681891804000031,0.0],[-149.036384117999972,61.681972921000067,0.0],[-149.036384694999981,61.681973081000081,0.0],[-149.03666975699997,61.682048415000054,0.0],[-149.036670495999971,61.682048601000076,0.0],[-149.036962308999961,61.682118110000033,0.0],[-149.036962847999973,61.68211823200005,0.0],[-149.037260990999982,61.682181803000049,0.0],[-149.038918257999967,61.682514696000055,0.0],[-149.037475317999963,61.682516067000051,0.0],[-149.036817398999972,61.682516692000036,0.0],[-149.034930942999978,61.682518491000053,0.0],[-149.027212360999982,61.682517894000057,0.0],[-149.02721010999997,61.679826239000079,0.0]]]]}},
{"type":"Feature","properties":{"OBJECTID":60220,"ParcelType":2,"P_ID":48225,"ACCOUNT":"18N03E06B007","TAXID_LOKI":"118N03E06B007","ACRES":2.1655438,"TAXACRE":2.36,"ORIGACRE":9.14,"FTYPE":"PARCEL","GENOWN":"PRIVATE","BUYLEASE":"N","OWNER_1":"MCLAUGHLIN KYLE C & ALANA E","NAME_2":"","MAILING_ADDRESS_LINE_A":"","MAILING_ADDRESS_LINE_B":"10414 N GLENN HWY ","MAILING_ADDRESS_CITY":"PALMER","MAILING_ADDRESS_STATE":"AK","MAILING_ADDRESS_ZIP":"99645","Buyer_Name":"","Buyer_Name_2":"","Buyer_Mailing_Address_A":"","Buyer_Mailing_Address_B":"","Buyer_Mailing_Address_City":"","Buyer_Mailing_Address_State":"","Buyer_Mailing_Address_Zip":"","MERIDIAN":"S","TWP_NUM":"18","TWP_NS":"N","RNG_NUM":"03","RNG_EW":"E","SECT_NUM":"06","GRIDNAME":"PA","GRIDNUM":"02","LANDVALUE":19100.0,"LANDASSD":19100.0,"BLDGVALUE":0.0,"BLDGASSD":0.0,"GENAREA":"3652","NBHD":"B_EXCEPT_A1","TAXZONE":"0020","CITY":"","COMMCOUN":"2","FSA":"004","RSA":"031","SSA_1":"","SSA_2":"","ESN":22,"ECN":15,"ASSMBDISTRICT":"1","VOTINGPRCNT":"29-530","DFIRM":null,"SPUD":"Sutton","SUBDNUM":0,"LEGAL":"TOWNSHIP 18N RANGE 3E              SECTION 6 LOT B7","DOC1_DATE":"2022-10-05T00:00:00Z","DOC1_TYPE":"WARRANTY DEED (ALL TYPES)","DOC1_RCRD":"Palmer-Bk  Pg ","DOC2_DATE":"2018-05-31T00:00:00Z","DOC2_TYPE":"QUITCLAIM DEED (ALL TYPE)","DOC2_RCRD":"Palmer-Bk  Pg ","LANDUSE":"","RESUNIT":0.0,"MHUNIT":0.0,"DUPLEXUNIT":0.0,"MULTIUNIT":0.0,"GQUNIT":0.0,"MH_PK_UNIT":0.0,"BLDG_USE1":"","BLDG_USE2":"","BLDG_USE3":"","BLDG_USE4":"","BLDG_USE5":"","BLDG_USE6":"","Photo":"https://ecommerce.matsugov.us/assessment/Pages/Photos.aspx?isDLG=1&P_ID=48225","GlobalID":"{309A3669-BB65-46FE-A281-19C93FC62C8F}","Shape_Length":0.0052390910217219545,"Shape_Area":1.4946949238646044e-06},"geometry":{"type":"MultiPolygon","coordinates":[[[[-148.989522140999981,61.681330798000033,0.0],[-148.990193967999971,61.680805554000074,0.0],[-148.990201883999958,61.682497844000068,0.0],[-148.988899564999969,61.68249779100006,0.0],[-148.988889291999982,61.682386564000069,0.0],[-148.988892705999973,61.68227524100007,0.0],[-148.988909795999973,61.68216420300007,0.0],[-148.988940499999984,61.682053828000051,0.0],[-148.988984714999958,61.68194449300006,0.0],[-148.989042292999983,61.68183657000003,0.0],[-148.989113031999977,61.681730429000083,0.0],[-148.989196693999958,61.681626431000041,0.0],[-148.989292990999957,61.68152493000008,0.0],[-148.989401596999983,61.681426274000046,0.0],[-148.989522140999981,61.681330798000033,0.0]]]]}},
{"type":"Feature","properties":{"OBJECTID":60221,"ParcelType":2,"P_ID":3031,"ACCOUNT":"18N03E06B006","TAXID_LOKI":"118N03E06B006","ACRES":42.02507272,"TAXACRE":35.81,"ORIGACRE":42.68,"FTYPE":"PARCEL","GENOWN":"PRIVATE","BUYLEASE":"N","OWNER_1":"DRYDEN NANCY K","NAME_2":"DRYDEN DANIEL P EST","MAILING_ADDRESS_LINE_A":"","MAILING_ADDRESS_LINE_B":"10175 N GLENN HWY","MAILING_ADDRESS_CITY":"PALMER","MAILING_ADDRESS_STATE":"AK","MAILING_ADDRESS_ZIP":"99645","Buyer_Name":"","Buyer_Name_2":"","Buyer_Mailing_Address_A":"","Buyer_Mailing_Address_B":"","Buyer_Mailing_Address_City":"","Buyer_Mailing_Address_State":"","Buyer_Mailing_Address_Zip":"","MERIDIAN":"S","TWP_NUM":"18","TWP_NS":"N","RNG_NUM":"03","RNG_EW":"E","SECT_NUM":"06","GRIDNAME":"PA","GRIDNUM":"02","LANDVALUE":62300.0,"LANDASSD":62300.0,"BLDGVALUE":0.0,"BLDGASSD":0.0,"GENAREA":"3652","NBHD":"B_EXCEPT_A1","TAXZONE":"0020","CITY":"","COMMCOUN":"2","FSA":"004","RSA":"031","SSA_1":"","SSA_2":"","ESN":22,"ECN":15,"ASSMBDISTRICT":"1","VOTINGPRCNT":"29-530","DFIRM":null,"SPUD":"Sutton","SUBDNUM":0,"LEGAL":"TOWNSHIP 18N RANGE 3E              SECTION 6 LOT B6","DOC1_DATE":"2026-08-19T00:00:00Z","DOC1_TYPE":"PERSONAL REPRESENTATIVE","DOC1_RCRD":"Palmer-Bk  Pg ","DOC2_DATE":"1999-05-13T00:00:00Z","DOC2_TYPE":"QUITCLAIM DEED (ALL TYPE)","DOC2_RCRD":"Palmer-Bk 1012 Pg 985","LANDUSE":"","RESUNIT":0.0,"MHUNIT":0.0,"DUPLEXUNIT":0.0,"MULTIUNIT":0.0,"GQUNIT":0.0,"MH_PK_UNIT":0.0,"BLDG_USE1":"","BLDG_USE2":"","BLDG_USE3":"","BLDG_USE4":"","BLDG_USE5":"","BLDG_USE6":"","Photo":"https://ecommerce.matsugov.us/assessment/Pages/Photos.aspx?isDLG=1&P_ID=3031","GlobalID":"{26C2C8F8-46B1-4973-B13F-4C82F6C4967D}","Shape_Length":0.02371467612259593,"Shape_Area":2.8801188356732285e-05},"geometry":{"type":"MultiPolygon","coordinates":[[[[-148.988896940999979,61.676990167000042,0.0],[-148.990173955999978,61.676527565000072,0.0],[-148.990173957999957,61.676527797000062,0.0],[-148.990184995999982,61.678887276000069,0.0],[-148.990187221999975,61.679363568000042,0.0],[-148.990000410999983,61.679460296000059,0.0],[-148.989822371999963,61.679560691000063,0.0],[-148.989653424999972,61.679664571000046,0.0],[-148.989493868999972,61.679771751000033,0.0],[-148.989343991999959,61.679882041000042,0.0],[-148.988217986999956,61.68078216300006,0.0],[-148.988065190999976,61.680889936000028,0.0],[-148.98792346999997,61.681001073000061,0.0],[-148.987793152999984,61.681115316000046,0.0],[-148.987674540999961,61.681232403000081,0.0],[-148.987567906999971,61.681352063000077,0.0],[-148.987473497999957,61.681474018000074,0.0],[-148.987391533999983,61.681597988000078,0.0],[-148.987322199999966,61.681723685000065,0.0],[-148.987265660999981,61.681850821000069,0.0],[-148.987222045999971,61.681979101000081,0.0],[-148.987191456999966,61.682108227000072,0.0],[-148.987173961999957,61.682237903000043,0.0],[-148.987169604999963,61.682367828000054,0.0],[-148.987178393999983,61.682497703000081,0.0],[-148.982601896999967,61.682497363000039,0.0],[-148.982585463999982,61.678789600000073,0.0],[-148.982585463999982,61.678789524000081,0.0],[-148.98264297999998,61.678771875000052,0.0],[-148.988146755999963,61.677681403000065,0.0],[-148.988896940999979,61.676990167000042,0.0]]]]}},
{"type":"Feature","properties":{"OBJECTID":60222,"ParcelType":2,"P_ID":85923,"ACCOUNT":"18N03E06A003","TAXID_LOKI":"118N03E06A003","ACRES":28.12754127,"TAXACRE":19.85,"ORIGACRE":26.88,"FTYPE":"PARCEL","GENOWN":"BOROUGH","BUYLEASE":"N","OWNER_1":"MATANUSKA-SUSITNA BOROUGH","NAME_2":"","MAILING_ADDRESS_LINE_A":"","MAILING_ADDRESS_LINE_B":"350 E DAHLIA AVE ","MAILING_ADDRESS_CITY":"PALMER","MAILING_ADDRESS_STATE":"AK","MAILING_ADDRESS_ZIP":"99645-6488","Buyer_Name":"","Buyer_Name_2":"","Buyer_Mailing_Address_A":"","Buyer_Mailing_Address_B":"","Buyer_Mailing_Address_City":"","Buyer_Mailing_Address_State":"","Buyer_Mailing_Address_Zip":"","MERIDIAN":"S","TWP_NUM":"18","TWP_NS":"N","RNG_NUM":"03","RNG_EW":"E","SECT_NUM":"06","GRIDNAME":"PA","GRIDNUM":"02","LANDVALUE":45700.0,"LANDASSD":0.0,"BLDGVALUE":0.0,"BLDGASSD":0.0,"GENAREA":"3652","NBHD":"B_EXCEPT_A1","TAXZONE":"0020","CITY":"","COMMCOUN":"2","FSA":"004","RSA":"031","SSA_1":"","SSA_2":"","ESN":22,"ECN":15,"ASSMBDISTRICT":"1","VOTINGPRCNT":"29-530","DFIRM":null,"SPUD":"Sutton","SUBDNUM":0,"LEGAL":"TOWNSHIP 18N RANGE 3E              SECTION 6 LOT A3","DOC1_DATE":null,"DOC1_TYPE":"","DOC1_RCRD":"","DOC2_DATE":null,"DOC2_TYPE":"","DOC2_RCRD":"","LANDUSE":"","RESUNIT":0.0,"MHUNIT":0.0,"DUPLEXUNIT":0.0,"MULTIUNIT":0.0,"GQUNIT":0.0,"MH_PK_UNIT":0.0,"BLDG_USE1":"","BLDG_USE2":"","BLDG_USE3":"","BLDG_USE4":"","BLDG_USE5":"","BLDG_USE6":"","Photo":"https://ecommerce.matsugov.us/assessment/Pages/Photos.aspx?isDLG=1&P_ID=85923","GlobalID":"{2CDEF03B-BD18-481D-A050-126B99AFE9E1}","Shape_Length":0.02057081664510892,"Shape_Area":1.9294815720357501e-05},"geometry":{"type":"MultiPolygon","coordinates":[[[[-148.975458211999978,61.680979646000083,0.0],[-148.982585463999982,61.678789524000081,0.0],[-148.982585463999982,61.678789600000073,0.0],[-148.982601896999967,61.682497363000039,0.0],[-148.975001914999979,61.682496461000028,0.0],[-148.974996497999967,61.681202299000063,0.0],[-148.974996496999978,61.681202251000059,0.0],[-148.975458211999978,61.680979646000083,0.0]]]]}},
{"type":"Feature","properties":{"OBJECTID":60223,"ParcelType":2,"P_ID":27202,"ACCOUNT":"18N03E05B005","TAXID_LOKI":"118N03E05B005","ACRES":30.37809781,"TAXACRE":29.83,"ORIGACRE":29.83,"FTYPE":"PARCEL","GENOWN":"PRIVATE","BUYLEASE":"N","OWNER_1":"PEABODY WILLIAM & MILLICENT TR","NAME_2":"PEABODY WILLIAM P & M E TRES","MAILING_ADDRESS_LINE_A":"","MAILING_ADDRESS_LINE_B":"7933 N LUCKY CIR ","MAILING_ADDRESS_CITY":"PALMER","MAILING_ADDRESS_STATE":"AK","MAILING_ADDRESS_ZIP":"99645","Buyer_Name":"","Buyer_Name_2":"","Buyer_Mailing_Address_A":"","Buyer_Mailing_Address_B":"","Buyer_Mailing_Address_City":"","Buyer_Mailing_Address_State":"","Buyer_Mailing_Address_Zip":"","MERIDIAN":"S","TWP_NUM":"18","TWP_NS":"N","RNG_NUM":"03","RNG_EW":"E","SECT_NUM":"05","GRIDNAME":"PA","GRIDNUM":"02","LANDVALUE":53100.0,"LANDASSD":53100.0,"BLDGVALUE":0.0,"BLDGASSD":0.0,"GENAREA":"3654","NBHD":"A1N10","TAXZONE":"0025","CITY":"","COMMCOUN":"15","FSA":"900","RSA":"019","SSA_1":"","SSA_2":"","ESN":23,"ECN":14,"ASSMBDISTRICT":"1","VOTINGPRCNT":"25-315","DFIRM":null,"SPUD":null,"SUBDNUM":0,"LEGAL":"TOWNSHIP 18N RANGE 3E              SECTION 5 LOT B5","DOC1_DATE":"2009-07-29T00:00:00Z","DOC1_TYPE":"QUITCLAIM DEED (ALL TYPE)","DOC1_RCRD":"Palmer-Bk  Pg ","DOC2_DATE":"2003-12-24T00:00:00Z","DOC2_TYPE":"QUITCLAIM DEED (ALL TYPE)","DOC2_RCRD":"Palmer-Bk  Pg 0","LANDUSE":"","RESUNIT":0.0,"MHUNIT":0.0,"DUPLEXUNIT":0.0,"MULTIUNIT":0.0,"GQUNIT":0.0,"MH_PK_UNIT":0.0,"BLDG_USE1":"","BLDG_USE2":"","BLDG_USE3":"","BLDG_USE4":"","BLDG_USE5":"","BLDG_USE6":"","Photo":"https://ecommerce.matsugov.us/assessment/Pages/Photos.aspx?isDLG=1&P_ID=27202","GlobalID":"{202E93BE-5CFF-470E-8FDE-A843D138E696}","Shape_Length":0.020679870647463995,"Shape_Area":2.083809305899365e-05},"geometry":{"type":"MultiPolygon","coordinates":[[[[-148.952059908999956,61.678940739000041,0.0],[-148.959658875999963,61.678913161000082,0.0],[-148.959667049999979,61.680678381000064,0.0],[-148.959667051999958,61.680678557000078,0.0],[-148.955612417999959,61.681789829000081,0.0],[-148.954504877999966,61.68209334200003,0.0],[-148.953453994999961,61.682246854000027,0.0],[-148.952075292999979,61.682448238000063,0.0],[-148.952075292999979,61.682448177000083,0.0],[-148.952059908999956,61.678940739000041,0.0]]]]}},
{"type":"Feature","properties":{"OBJECTID":60225,"ParcelType":2,"P_ID":33454,"ACCOUNT":"18N02E02B005","TAXID_LOKI":"118N02E02B005","ACRES":23.88172951,"TAXACRE":24.0,"ORIGACRE":24.0,"FTYPE":"PARCEL","GENOWN":"STATE","BUYLEASE":"N","OWNER_1":"ALASKA STATE OF","NAME_2":"DEPT OF NATURAL RESOURCES DIV OF LANDS","MAILING_ADDRESS_LINE_A":"","MAILING_ADDRESS_LINE_B":"550 W 7TH AVE ","MAILING_ADDRESS_CITY":"ANCHORAGE","MAILING_ADDRESS_STATE":"AK","MAILING_ADDRESS_ZIP":"99501-3579","Buyer_Name":"","Buyer_Name_2":"","Buyer_Mailing_Address_A":"","Buyer_Mailing_Address_B":"","Buyer_Mailing_Address_City":"","Buyer_Mailing_Address_State":"","Buyer_Mailing_Address_Zip":"","MERIDIAN":"S","TWP_NUM":"18","TWP_NS":"N","RNG_NUM":"02","RNG_EW":"E","SECT_NUM":"03","GRIDNAME":"PA","GRIDNUM":"03","LANDVALUE":49700.0,"LANDASSD":0.0,"BLDGVALUE":0.0,"BLDGASSD":0.0,"GENAREA":"3661","NBHD":"B_EXCEPT_A1","TAXZONE":"0109","CITY":"","COMMCOUN":"24","FSA":"132","RSA":"031","SSA_1":"","SSA_2":"","ESN":19,"ECN":14,"ASSMBDISTRICT":"1","VOTINGPRCNT":"29-505","DFIRM":"02170C7300E","SPUD":null,"SUBDNUM":0,"LEGAL":"TOWNSHIP 18N RANGE 2E              SECTION 2 LOT B5","DOC1_DATE":null,"DOC1_TYPE":"","DOC1_RCRD":"","DOC2_DATE":null,"DOC2_TYPE":"","DOC2_RCRD":"","LANDUSE":"","RESUNIT":0.0,"MHUNIT":0.0,"DUPLEXUNIT":0.0,"MULTIUNIT":0.0,"GQUNIT":0.0,"MH_PK_UNIT":0.0,"BLDG_USE1":"","BLDG_USE2":"","BLDG_USE3":"","BLDG_USE4":"","BLDG_USE5":"","BLDG_USE6":"","Photo":"https://ecommerce.matsugov.us/assessment/Pages/Photos.aspx?isDLG=1&P_ID=33454","GlobalID":"{E2C3460D-0846-4DDB-9349-1FD62A64A1CF}","Shape_Length":0.027301131362259805,"Shape_Area":1.6385575727425715e-05},"geometry":{"type":"MultiPolygon","coordinates":[[[[-149.04666497499997,61.682874216000073,0.0],[-149.049946816999977,61.682503887000053,0.0],[-149.05004131299998,61.682491791000075,0.0],[-149.050210667999977,61.682464872000082,0.0],[-149.050375093999975,61.682431766000036,0.0],[-149.050533591999965,61.682392675000074,0.0],[-149.050685193999982,61.68234783500003,0.0],[-149.050828982999974,61.682297520000077,0.0],[-149.050964082999968,61.682242036000048,0.0],[-149.051089671999961,61.682181720000074,0.0],[-149.051204985999959,61.682116937000046,0.0],[-149.051309325999966,61.68204808400003,0.0],[-149.051402056999962,61.681975578000049,0.0],[-149.051482614999969,61.681899860000044,0.0],[-149.05155050999997,61.681821390000039,0.0],[-149.051605328999983,61.681740646000037,0.0],[-149.051646739999967,61.68165811800003,0.0],[-149.051674490999972,61.681574308000052,0.0],[-149.051688413999983,61.681489724000073,0.0],[-149.051688422999973,61.681404884000074,0.0],[-149.051673593999965,61.681303722000052,0.0],[-149.051647679999974,61.681203065000034,0.0],[-149.05161074999998,61.681103187000076,0.0],[-149.051562902999962,61.681004361000078,0.0],[-149.051504272999978,61.680906854000057,0.0],[-149.051435018999967,61.680810934000078,0.0],[-149.051355326999982,61.680716860000075,0.0],[-149.053836193999956,61.680717538000067,0.0],[-149.053839128999982,61.682490484000027,0.0],[-149.057615641999973,61.68248888100004,0.0],[-149.057615483999967,61.683903352000073,0.0],[-149.057162625999979,61.683892330000049,0.0],[-149.055774800999984,61.68430578300007,0.0],[-149.054053942999957,61.684307804000071,0.0],[-149.052328274999979,61.683409745000063,0.0],[-149.051314696999981,61.683110888000044,0.0],[-149.050306069999976,61.683055551000052,0.0],[-149.047887970999966,61.683536626000034,0.0],[-149.047332103999963,61.683451429000058,0.0],[-149.04666497499997,61.682874216000073,0.0]]]]}},
{"type":"Feature","properties":{"OBJECTID":60226,"ParcelType":2,"P_ID":28037,"ACCOUNT":"18N02E02A005","TAXID_LOKI":"118N02E02A005","ACRES":5.01265399,"TAXACRE":5.0,"ORIGACRE":5.0,"FTYPE":"PARCEL","GENOWN":"BOROUGH","BUYLEASE":"N","OWNER_1":"MATANUSKA-SUSITNA BOROUGH","NAME_2":"","MAILING_ADDRESS_LINE_A":"","MAILING_ADDRESS_LINE_B":"350 E DAHLIA AVE ","MAILING_ADDRESS_CITY":"PALMER","MAILING_ADDRESS_STATE":"AK","MAILING_ADDRESS_ZIP":"99645-6488","Buyer_Name":"","Buyer_Name_2":"","Buyer_Mailing_Address_A":"","Buyer_Mailing_Address_B":"","Buyer_Mailing_Address_City":"","Buyer_Mailing_Address_State":"","Buyer_Mailing_Address_Zip":"","MERIDIAN":"S","TWP_NUM":"18","TWP_NS":"N","RNG_NUM":"02","RNG_EW":"E","SECT_NUM":"02","GRIDNAME":"PA","GRIDNUM":"03","LANDVALUE":31600.0,"LANDASSD":0.0,"BLDGVALUE":0.0,"BLDGASSD":0.0,"GENAREA":"3661","NBHD":"B_EXCEPT_A1","TAXZONE":"0020","CITY":"","COMMCOUN":"2","FSA":"004","RSA":"031","SSA_1":"","SSA_2":"","ESN":22,"ECN":15,"ASSMBDISTRICT":"1","VOTINGPRCNT":"29-530","DFIRM":"02170C7300E","SPUD":"Sutton","SUBDNUM":0,"LEGAL":"TOWNSHIP 18N RANGE 2E              SECTION 2 LOT A5","DOC1_DATE":"2007-01-10T00:00:00Z","DOC1_TYPE":"Patent","DOC1_RCRD":"Palmer-Bk  Pg ","DOC2_DATE":null,"DOC2_TYPE":"","DOC2_RCRD":"","LANDUSE":"","RESUNIT":0.0,"MHUNIT":0.0,"DUPLEXUNIT":0.0,"MULTIUNIT":0.0,"GQUNIT":0.0,"MH_PK_UNIT":0.0,"BLDG_USE1":"","BLDG_USE2":"","BLDG_USE3":"","BLDG_USE4":"","BLDG_USE5":"","BLDG_USE6":"","Photo":"https://ecommerce.matsugov.us/assessment/Pages/Photos.aspx?isDLG=1&P_ID=28037","GlobalID":"{CAA1E95B-95A2-4B59-8519-CC74447C904F}","Shape_Length":0.007423179875721918,"Shape_Area":3.4388158474942331e-06},"geometry":{"type":"MultiPolygon","coordinates":[[[[-149.034930942999978,61.682518491000053,0.0],[-149.036817398999972,61.682516692000036,0.0],[-149.036837588999958,61.684310673000027,0.0],[-149.034880046999973,61.684302836000029,0.0],[-149.034930942999978,61.682518491000053,0.0]]]]}},
{"type":"Feature","properties":{"OBJECTID":60227,"ParcelType":2,"P_ID":18793,"ACCOUNT":"18N02E03A003","TAXID_LOKI":"118N02E03A003","ACRES":117.64242353,"TAXACRE":116.9,"ORIGACRE":116.9,"FTYPE":"PARCEL","GENOWN":"MENTAL HEALTH","BUYLEASE":"N","OWNER_1":"ALASKA STATE OF","NAME_2":"AK MENTAL HEALTH TR AUTH","MAILING_ADDRESS_LINE_A":"STE 201","MAILING_ADDRESS_LINE_B":"2600  CORDOVA ST ","MAILING_ADDRESS_CITY":"ANCHORAGE","MAILING_ADDRESS_STATE":"AK","MAILING_ADDRESS_ZIP":"99503-2745","Buyer_Name":"","Buyer_Name_2":"","Buyer_Mailing_Address_A":"","Buyer_Mailing_Address_B":"","Buyer_Mailing_Address_City":"","Buyer_Mailing_Address_State":"","Buyer_Mailing_Address_Zip":"","MERIDIAN":"S","TWP_NUM":"18","TWP_NS":"N","RNG_NUM":"02","RNG_EW":"E","SECT_NUM":"03","GRIDNAME":"PA","GRIDNUM":"03","LANDVALUE":154600.0,"LANDASSD":0.0,"BLDGVALUE":0.0,"BLDGASSD":0.0,"GENAREA":"3661","NBHD":"A2N16","TAXZONE":"0024","CITY":"","COMMCOUN":"24","FSA":"132","RSA":"","SSA_1":"","SSA_2":"","ESN":19,"ECN":14,"ASSMBDISTRICT":"1","VOTINGPRCNT":"29-505","DFIRM":"02170C7290F","SPUD":null,"SUBDNUM":0,"LEGAL":"TOWNSHIP 18N RANGE 2E              SECTION 3 LOT A3","DOC1_DATE":null,"DOC1_TYPE":"","DOC1_RCRD":"","DOC2_DATE":null,"DOC2_TYPE":"","DOC2_RCRD":"","LANDUSE":"","RESUNIT":0.0,"MHUNIT":0.0,"DUPLEXUNIT":0.0,"MULTIUNIT":0.0,"GQUNIT":0.0,"MH_PK_UNIT":0.0,"BLDG_USE1":"","BLDG_USE2":"","BLDG_USE3":"","BLDG_USE4":"","BLDG_USE5":"","BLDG_USE6":"","Photo":"https://ecommerce.matsugov.us/assessment/Pages/Photos.aspx?isDLG=1&P_ID=18793","GlobalID":"{00F6BBDD-CA7C-48B1-BA30-A7844DA3F3D8}","Shape_Length":0.042202874798392243,"Shape_Area":8.0701525037381639e-05},"geometry":{"type":"MultiPolygon","coordinates":[[[[-149.065473516999958,61.683574595000039,0.0],[-149.064742443999961,61.683488687000079,0.0],[-149.064081304999974,61.68361386600003,0.0],[-149.062482348999964,61.684021701000063,0.0],[-149.057615483999967,61.683903352000073,0.0],[-149.057615641999973,61.68248888100004,0.0],[-149.05761603199997,61.679021058000046,0.0],[-149.057616046999982,61.67888785100007,0.0],[-149.065256852999966,61.67888270900005,0.0],[-149.068343373999966,61.678875029000039,0.0],[-149.068841816999964,61.678874736000068,0.0],[-149.072871225999961,61.678876119000051,0.0],[-149.07288005999996,61.682832880000035,0.0],[-149.07288336199997,61.684084972000051,0.0],[-149.072885997999975,61.685222647000046,0.0],[-149.072221867999957,61.685030751000056,0.0],[-149.07064285499996,61.684775459000036,0.0],[-149.069874849999962,61.684656010000083,0.0],[-149.068619652999956,61.684592375000079,0.0],[-149.06704998799998,61.684114854000029,0.0],[-149.066350342999982,61.68371858900008,0.0],[-149.065473516999958,61.683574595000039,0.0]]]]}},
{"type":"Feature","properties":{"OBJECTID":60228,"ParcelType":9,"P_ID":201360,"ACCOUNT":"HYDRO","TAXID_LOKI":"HYDRO","ACRES":5.94722852,"TAXACRE":0.0,"ORIGACRE":0.0,"FTYPE":"HYDRO","GENOWN":"NA","BUYLEASE":"N","OWNER_1":"","NAME_2":"","MAILING_ADDRESS_LINE_A":"","MAILING_ADDRESS_LINE_B":"","MAILING_ADDRESS_CITY":"","MAILING_ADDRESS_STATE":"","MAILING_ADDRESS_ZIP":"","Buyer_Name":"","Buyer_Name_2":"","Buyer_Mailing_Address_A":"","Buyer_Mailing_Address_B":"","Buyer_Mailing_Address_City":"","Buyer_Mailing_Address_State":"","Buyer_Mailing_Address_Zip":"","MERIDIAN":"","TWP_NUM":"","TWP_NS":"","RNG_NUM":"02","RNG_EW":"E","SECT_NUM":"","GRIDNAME":"","GRIDNUM":"","LANDVALUE":0.0,"LANDASSD":0.0,"BLDGVALUE":0.0,"BLDGASSD":0.0,"GENAREA":"0","NBHD":"","TAXZONE":"","CITY":"","COMMCOUN":"","FSA":"","RSA":"","SSA_1":"","SSA_2":"","ESN":19,"ECN":15,"ASSMBDISTRICT":"1","VOTINGPRCNT":"29-530","DFIRM":"","SPUD":"","SUBDNUM":0,"LEGAL":"","DOC1_DATE":null,"DOC1_TYPE":"","DOC1_RCRD":"","DOC2_DATE":null,"DOC2_TYPE":"","DOC2_RCRD":"","LANDUSE":"","RESUNIT":0.0,"MHUNIT":0.0,"DUPLEXUNIT":0.0,"MULTIUNIT":0.0,"GQUNIT":0.0,"MH_PK_UNIT":0.0,"BLDG_USE1":"","BLDG_USE2":"","BLDG_USE3":"","BLDG_USE4":"","BLDG_USE5":"","BLDG_USE6":"","Photo":"https://ecommerce.matsugov.us/assessment/Pages/Photos.aspx?isDLG=1&P_ID=201360","GlobalID":"{07D500CB-6D73-4F39-BC2E-86696336DFF3}","Shape_Length":0.036499728340557779,"Shape_Area":4.0801695384792366e-06},"geometry":{"type":"MultiPolygon","coordinates":[[[[-149.065704905999979,61.683801943000049,0.0],[-149.064519551999979,61.683736528000054,0.0],[-149.062961593999972,61.684165711000048,0.0],[-149.062265435999961,61.684257283000079,0.0],[-149.060432133999967,61.684269635000078,0.0],[-149.058121750999959,61.68403341100003,0.0],[-149.057615459999965,61.684102344000053,0.0],[-149.057615483999967,61.683903352000073,0.0],[-149.062482348999964,61.684021701000063,0.0],[-149.064081304999974,61.68361386600003,0.0],[-149.064742443999961,61.683488687000079,0.0],[-149.065473516999958,61.683574595000039,0.0],[-149.066350342999982,61.68371858900008,0.0],[-149.06704998799998,61.684114854000029,0.0],[-149.068619652999956,61.684592375000079,0.0],[-149.069874849999962,61.684656010000083,0.0],[-149.07064285499996,61.684775459000036,0.0],[-149.072221867999957,61.685030751000056,0.0],[-149.072885997999975,61.685222647000046,0.0],[-149.07391364999998,61.685710372000074,0.0],[-149.075290744999961,61.686090458000081,0.0],[-149.074132871999979,61.686090895000063,0.0],[-149.072886528999959,61.685544510000057,0.0],[-149.072088667999964,61.685222973000066,0.0],[-149.07045731599996,61.68489863800005,0.0],[-149.069601707999965,61.684840739000038,0.0],[-149.068042367999965,61.684697931000073,0.0],[-149.067199991999956,61.684464296000044,0.0],[-149.066476406999982,61.684100601000068,0.0],[-149.065704905999979,61.683801943000049,0.0]]]]}},
{"type":"Feature","properties":{"OBJECTID":60229,"ParcelType":2,"P_ID":85100,"ACCOUNT":"18N02E03A002","TAXID_LOKI":"118N02E03A002","ACRES":37.71633457,"TAXACRE":43.1,"ORIGACRE":43.1,"FTYPE":"PARCEL","GENOWN":"MENTAL HEALTH","BUYLEASE":"N","OWNER_1":"ALASKA STATE OF","NAME_2":"AK MENTAL HEALTH TR AUTH","MAILING_ADDRESS_LINE_A":"STE 201","MAILING_ADDRESS_LINE_B":"2600  CORDOVA ST ","MAILING_ADDRESS_CITY":"ANCHORAGE","MAILING_ADDRESS_STATE":"AK","MAILING_ADDRESS_ZIP":"99503-2745","Buyer_Name":"","Buyer_Name_2":"","Buyer_Mailing_Address_A":"","Buyer_Mailing_Address_B":"","Buyer_Mailing_Address_City":"","Buyer_Mailing_Address_State":"","Buyer_Mailing_Address_Zip":"","MERIDIAN":"S","TWP_NUM":"18","TWP_NS":"N","RNG_NUM":"02","RNG_EW":"E","SECT_NUM":"03","GRIDNAME":"PA","GRIDNUM":"03","LANDVALUE":89200.0,"LANDASSD":0.0,"BLDGVALUE":0.0,"BLDGASSD":0.0,"GENAREA":"3661","NBHD":"B_EXCEPT_A1","TAXZONE":"0021","CITY":"","COMMCOUN":"2","FSA":"","RSA":"","SSA_1":"","SSA_2":"","ESN":29,"ECN":15,"ASSMBDISTRICT":"1","VOTINGPRCNT":"29-530","DFIRM":"02170C7290F","SPUD":"Sutton","SUBDNUM":0,"LEGAL":"TOWNSHIP 18N RANGE 2E              SECTION 3 LOT A2","DOC1_DATE":null,"DOC1_TYPE":"","DOC1_RCRD":"","DOC2_DATE":null,"DOC2_TYPE":"","DOC2_RCRD":"","LANDUSE":"","RESUNIT":0.0,"MHUNIT":0.0,"DUPLEXUNIT":0.0,"MULTIUNIT":0.0,"GQUNIT":0.0,"MH_PK_UNIT":0.0,"BLDG_USE1":"","BLDG_USE2":"","BLDG_USE3":"","BLDG_USE4":"","BLDG_USE5":"","BLDG_USE6":"","Photo":"https://ecommerce.matsugov.us/assessment/Pages/Photos.aspx?isDLG=1&P_ID=85100","GlobalID":"{A6A0C167-A37C-49A8-A277-7206995AB2AD}","Shape_Length":0.033442413071952733,"Shape_Area":2.5873838073885576e-05},"geometry":{"type":"MultiPolygon","coordinates":[[[[-149.057615436999981,61.684302952000053,0.0],[-149.057615459999965,61.684102344000053,0.0],[-149.058121750999959,61.68403341100003,0.0],[-149.060432133999967,61.684269635000078,0.0],[-149.062265435999961,61.684257283000079,0.0],[-149.062961593999972,61.684165711000048,0.0],[-149.064519551999979,61.683736528000054,0.0],[-149.065704905999979,61.683801943000049,0.0],[-149.066476406999982,61.684100601000068,0.0],[-149.067199991999956,61.684464296000044,0.0],[-149.068042367999965,61.684697931000073,0.0],[-149.069601707999965,61.684840739000038,0.0],[-149.07045731599996,61.68489863800005,0.0],[-149.072088667999964,61.685222973000066,0.0],[-149.072886528999959,61.685544510000057,0.0],[-149.072886806999975,61.686091354000041,0.0],[-149.057615232999979,61.686096063000036,0.0],[-149.057615436999981,61.684302952000053,0.0]]]]}},
{"type":"Feature","properties":{"OBJECTID":60230,"ParcelType":2,"P_ID":34941,"ACCOUNT":"18N02E02A002","TAXID_LOKI":"118N02E02A002","ACRES":118.43719182,"TAXACRE":118.0,"ORIGACRE":118.0,"FTYPE":"PARCEL","GENOWN":"BOROUGH","BUYLEASE":"N","OWNER_1":"MATANUSKA-SUSITNA BOROUGH","NAME_2":"","MAILING_ADDRESS_LINE_A":"","MAILING_ADDRESS_LINE_B":"350 E DAHLIA AVE ","MAILING_ADDRESS_CITY":"PALMER","MAILING_ADDRESS_STATE":"AK","MAILING_ADDRESS_ZIP":"99645-6488","Buyer_Name":"","Buyer_Name_2":"","Buyer_Mailing_Address_A":"","Buyer_Mailing_Address_B":"","Buyer_Mailing_Address_City":"","Buyer_Mailing_Address_State":"","Buyer_Mailing_Address_Zip":"","MERIDIAN":"S","TWP_NUM":"19","TWP_NS":"N","RNG_NUM":"02","RNG_EW":"E","SECT_NUM":"03","GRIDNAME":"IN","GRIDNUM":"16","LANDVALUE":156100.0,"LANDASSD":0.0,"BLDGVALUE":0.0,"BLDGASSD":0.0,"GENAREA":"3661","NBHD":"B_EXCEPT_A1","TAXZONE":"0020","CITY":"","COMMCOUN":"2","FSA":"004","RSA":"031","SSA_1":"","SSA_2":"","ESN":22,"ECN":15,"ASSMBDISTRICT":"1","VOTINGPRCNT":"29-530","DFIRM":"02170C7300E","SPUD":"Sutton","SUBDNUM":0,"LEGAL":"TOWNSHIP 18N RANGE 2E              SECTION 2 LOT A2","DOC1_DATE":null,"DOC1_TYPE":"","DOC1_RCRD":"","DOC2_DATE":null,"DOC2_TYPE":"","DOC2_RCRD":"","LANDUSE":"","RESUNIT":0.0,"MHUNIT":0.0,"DUPLEXUNIT":0.0,"MULTIUNIT":0.0,"GQUNIT":0.0,"MH_PK_UNIT":0.0,"BLDG_USE1":"","BLDG_USE2":"","BLDG_USE3":"","BLDG_USE4":"","BLDG_USE5":"","BLDG_USE6":"","Photo":"https://ecommerce.matsugov.us/assessment/Pages/Photos.aspx?isDLG=1&P_ID=34941","GlobalID":"{48BB0A98-1B71-405D-B143-DB41CD03E08A}","Shape_Length":0.071376630011365058,"Shape_Area":8.1242272241024543e-05},"geometry":{"type":"MultiPolygon","coordinates":[[[[-149.027212360999982,61.682517894000057,0.0],[-149.034930942999978,61.682518491000053,0.0],[-149.034880046999973,61.684302836000029,0.0],[-149.036837588999958,61.684310673000027,0.0],[-149.036817398999972,61.682516692000036,0.0],[-149.037475317999963,61.682516067000051,0.0],[-149.040555189999964,61.683148337000034,0.0],[-149.040780864999959,61.68319066600003,0.0],[-149.041011156999957,61.683226955000066,0.0],[-149.041245343999975,61.68325709100003,0.0],[-149.041482704999964,61.683280982000042,0.0],[-149.041722498999974,61.683298554000032,0.0],[-149.041963978999974,61.683309751000081,0.0],[-149.04220639899998,61.683314539000037,0.0],[-149.042449003999963,61.683312904000047,0.0],[-149.042691039999966,61.683304848000034,0.0],[-149.042931755999973,61.683290399000043,0.0],[-149.043170402999976,61.683269600000074,0.0],[-149.04340623799996,61.683242518000043,0.0],[-149.04628785099996,61.682916767000052,0.0],[-149.046288919999967,61.684312422000062,0.0],[-149.050059037999972,61.684312795000039,0.0],[-149.054053942999957,61.684307804000071,0.0],[-149.055774800999984,61.68430578300007,0.0],[-149.05654377999997,61.684304465000082,0.0],[-149.057615436999981,61.684302952000053,0.0],[-149.057615232999979,61.686096063000036,0.0],[-149.029110774999964,61.686153507000029,0.0],[-149.027215402999957,61.686157116000061,0.0],[-149.027212360999982,61.682517894000057,0.0]]]]}},
{"type":"Feature","properties":{"OBJECTID":60231,"ParcelType":2,"P_ID":9902,"ACCOUNT":"18N02E01A002","TAXID_LOKI":"118N02E01A002","ACRES":47.70350682,"TAXACRE":47.5,"ORIGACRE":47.5,"FTYPE":"PARCEL","GENOWN":"BOROUGH","BUYLEASE":"N","OWNER_1":"MATANUSKA-SUSITNA BOROUGH","NAME_2":"","MAILING_ADDRESS_LINE_A":"","MAILING_ADDRESS_LINE_B":"350 E DAHLIA AVE ","MAILING_ADDRESS_CITY":"PALMER","MAILING_ADDRESS_STATE":"AK","MAILING_ADDRESS_ZIP":"99645-6488","Buyer_Name":"","Buyer_Name_2":"","Buyer_Mailing_Address_A":"","Buyer_Mailing_Address_B":"","Buyer_Mailing_Address_City":"","Buyer_Mailing_Address_State":"","Buyer_Mailing_Address_Zip":"","MERIDIAN":"S","TWP_NUM":"19","TWP_NS":"N","RNG_NUM":"02","RNG_EW":"E","SECT_NUM":"02","GRIDNAME":"IN","GRIDNUM":"16","LANDVALUE":79200.0,"LANDASSD":0.0,"BLDGVALUE":0.0,"BLDGASSD":0.0,"GENAREA":"3661","NBHD":"B_EXCEPT_A1","TAXZONE":"0020","CITY":"","COMMCOUN":"2","FSA":"004","RSA":"031","SSA_1":"","SSA_2":"","ESN":22,"ECN":15,"ASSMBDISTRICT":"1","VOTINGPRCNT":"29-530","DFIRM":"02170C7300E","SPUD":"Sutton","SUBDNUM":0,"LEGAL":"TOWNSHIP 18N RANGE 2E              SECTION 1 LOT A2","DOC1_DATE":null,"DOC1_TYPE":"","DOC1_RCRD":"","DOC2_DATE":null,"DOC2_TYPE":"","DOC2_RCRD":"","LANDUSE":"","RESUNIT":0.0,"MHUNIT":0.0,"DUPLEXUNIT":0.0,"MULTIUNIT":0.0,"GQUNIT":0.0,"MH_PK_UNIT":0.0,"BLDG_USE1":"","BLDG_USE2":"","BLDG_USE3":"","BLDG_USE4":"","BLDG_USE5":"","BLDG_USE6":"","Photo":"https://ecommerce.matsugov.us/assessment/Pages/Photos.aspx?isDLG=1&P_ID=9902","GlobalID":"{9114E7AD-8FA9-455F-8419-6E72B1E80438}","Shape_Length":0.027875887865921729,"Shape_Area":3.2725104728522088e-05},"geometry":{"type":"MultiPolygon","coordinates":[[[[-149.025312355999972,61.686155197000062,0.0],[-149.025312990999964,61.685265284000081,0.0],[-149.023411081999967,61.685266409000064,0.0],[-149.023410232999964,61.684359106000045,0.0],[-149.021508270999959,61.684360269000081,0.0],[-149.02150722899998,61.683453722000081,0.0],[-149.01960521899997,61.683454921000077,0.0],[-149.01960307799996,61.681642941000064,0.0],[-149.021505044999969,61.681641687000081,0.0],[-149.021504,61.680735992000052,0.0],[-149.023402491999974,61.680734656000027,0.0],[-149.023401480999979,61.679829109000082,0.0],[-149.02721010999997,61.679826239000079,0.0],[-149.027212360999982,61.682517894000057,0.0],[-149.027215402999957,61.686157116000061,0.0],[-149.025312355999972,61.686155197000062,0.0]]]]}},
{"type":"Feature","properties":{"OBJECTID":60232,"ParcelType":2,"P_ID":76593,"ACCOUNT":"18N02E01A004","TAXID_LOKI":"118N02E01A004","ACRES":60.05185875,"TAXACRE":60.0,"ORIGACRE":60.0,"FTYPE":"PARCEL","GENOWN":"BOROUGH","BUYLEASE":"Y","OWNER_1":"MATANUSKA-SUSITNA BOROUGH","NAME_2":"","MAILING_ADDRESS_LINE_A":"","MAILING_ADDRESS_LINE_B":"350 E DAHLIA AVE ","MAILING_ADDRESS_CITY":"PALMER","MAILING_ADDRESS_STATE":"AK","MAILING_ADDRESS_ZIP":"99645-6488","Buyer_Name":"USIBELLI COAL MINE INC","Buyer_Name_2":"","Buyer_Mailing_Address_A":"","Buyer_Mailing_Address_B":"PO BOX 1000","Buyer_Mailing_Address_City":"HEALY","Buyer_Mailing_Address_State":"AK","Buyer_Mailing_Address_Zip":"99743-1000","MERIDIAN":"S","TWP_NUM":"18","TWP_NS":"N","RNG_NUM":"02","RNG_EW":"E","SECT_NUM":"02","GRIDNAME":"PA","GRIDNUM":"03","LANDVALUE":30000.0,"LANDASSD":30000.0,"BLDGVALUE":0.0,"BLDGASSD":0.0,"GENAREA":"3661","NBHD":"B_EXCEPT_A1","TAXZONE":"0020","CITY":"","COMMCOUN":"2","FSA":"004","RSA":"031","SSA_1":"","SSA_2":"","ESN":22,"ECN":15,"ASSMBDISTRICT":"1","VOTINGPRCNT":"29-530","DFIRM":"02170C7300E","SPUD":"Sutton","SUBDNUM":0,"LEGAL":"TOWNSHIP 18N RANGE 2E              SECTION 1 LOT A4","DOC1_DATE":"2010-11-01T00:00:00Z","DOC1_TYPE":"LEASE","DOC1_RCRD":"Palmer-Bk  Pg ","DOC2_DATE":"1998-01-12T00:00:00Z","DOC2_TYPE":"","DOC2_RCRD":"Palmer-Bk 929 Pg 882","LANDUSE":"","RESUNIT":0.0,"MHUNIT":0.0,"DUPLEXUNIT":0.0,"MULTIUNIT":0.0,"GQUNIT":0.0,"MH_PK_UNIT":0.0,"BLDG_USE1":"","BLDG_USE2":"","BLDG_USE3":"","BLDG_USE4":"","BLDG_USE5":"","BLDG_USE6":"","Photo":"https://ecommerce.matsugov.us/assessment/Pages/Photos.aspx?isDLG=1&P_ID=76593","GlobalID":"{9E0046B3-EEAD-42ED-971C-AD6863CD7055}","Shape_Length":0.048692652996695195,"Shape_Area":4.1196049330748182e-05},"geometry":{"type":"MultiPolygon","coordinates":[[[[-149.017701332999962,61.686147259000052,0.0],[-149.017703897999979,61.68436285000007,0.0],[-149.015801555999957,61.684364249000055,0.0],[-149.015798080999957,61.680739728000049,0.0],[-149.017700068999972,61.680738510000083,0.0],[-149.017699087999972,61.679832999000041,0.0],[-149.019597542999975,61.679830656000036,0.0],[-149.01959658499996,61.678926345000036,0.0],[-149.027209352999961,61.67892088800005,0.0],[-149.02721010999997,61.679826239000079,0.0],[-149.023401480999979,61.679829109000082,0.0],[-149.023402491999974,61.680734656000027,0.0],[-149.021504,61.680735992000052,0.0],[-149.021505044999969,61.681641687000081,0.0],[-149.01960307799996,61.681642941000064,0.0],[-149.01960521899997,61.683454921000077,0.0],[-149.02150722899998,61.683453722000081,0.0],[-149.021508270999959,61.684360269000081,0.0],[-149.023410232999964,61.684359106000045,0.0],[-149.023411081999967,61.685266409000064,0.0],[-149.025312990999964,61.685265284000081,0.0],[-149.025312355999972,61.686155197000062,0.0],[-149.019609357999968,61.68614928900007,0.0],[-149.017701332999962,61.686147259000052,0.0]]]]}},
{"type":"Feature","properties":{"OBJECTID":60233,"ParcelType":2,"P_ID":48115,"ACCOUNT":"18N02E01A005","TAXID_LOKI":"118N02E01A005","ACRES":212.87130507000001,"TAXACRE":212.5,"ORIGACRE":212.5,"FTYPE":"PARCEL","GENOWN":"BOROUGH","BUYLEASE":"N","OWNER_1":"MATANUSKA-SUSITNA BOROUGH","NAME_2":"","MAILING_ADDRESS_LINE_A":"","MAILING_ADDRESS_LINE_B":"350 E DAHLIA AVE ","MAILING_ADDRESS_CITY":"PALMER","MAILING_ADDRESS_STATE":"AK","MAILING_ADDRESS_ZIP":"99645-6488","Buyer_Name":"","Buyer_Name_2":"","Buyer_Mailing_Address_A":"","Buyer_Mailing_Address_B":"","Buyer_Mailing_Address_City":"","Buyer_Mailing_Address_State":"","Buyer_Mailing_Address_Zip":"","MERIDIAN":"S","TWP_NUM":"18","TWP_NS":"N","RNG_NUM":"02","RNG_EW":"E","SECT_NUM":"01","GRIDNAME":"PA","GRIDNUM":"03","LANDVALUE":171100.0,"LANDASSD":0.0,"BLDGVALUE":0.0,"BLDGASSD":0.0,"GENAREA":"3661","NBHD":"B_EXCEPT_A1","TAXZONE":"0020","CITY":"","COMMCOUN":"2","FSA":"004","RSA":"031","SSA_1":"","SSA_2":"","ESN":22,"ECN":15,"ASSMBDISTRICT":"1","VOTINGPRCNT":"29-530","DFIRM":"02170C7300E","SPUD":"Sutton","SUBDNUM":0,"LEGAL":"TOWNSHIP 18N RANGE 2E              SECTION 1 LOT A5","DOC1_DATE":"1975-01-17T00:00:00Z","DOC1_TYPE":"Patent","DOC1_RCRD":"Palmer-Bk 92 Pg 939","DOC2_DATE":null,"DOC2_TYPE":"","DOC2_RCRD":"","LANDUSE":"","RESUNIT":0.0,"MHUNIT":0.0,"DUPLEXUNIT":0.0,"MULTIUNIT":0.0,"GQUNIT":0.0,"MH_PK_UNIT":0.0,"BLDG_USE1":"","BLDG_USE2":"","BLDG_USE3":"","BLDG_USE4":"","BLDG_USE5":"","BLDG_USE6":"","Photo":"https://ecommerce.matsugov.us/assessment/Pages/Photos.aspx?isDLG=1&P_ID=48115","GlobalID":"{44987483-1997-4356-BF80-9F2244602FFB}","Shape_Length":0.063846930568828481,"Shape_Area":0.00014602566408264571},"geometry":{"type":"MultiPolygon","coordinates":[[[[-148.996812309999967,61.686123296000062,0.0],[-148.996804292999968,61.68249792000006,0.0],[-148.996796306999983,61.678887351000071,0.0],[-149.004418344999976,61.67890626600007,0.0],[-149.011993597999975,61.678892834000067,0.0],[-149.01959658499996,61.678926345000036,0.0],[-149.019597542999975,61.679830656000036,0.0],[-149.017699087999972,61.679832999000041,0.0],[-149.017700068999972,61.680738510000083,0.0],[-149.015798080999957,61.680739728000049,0.0],[-149.015801555999957,61.684364249000055,0.0],[-149.017703897999979,61.68436285000007,0.0],[-149.017701332999962,61.686147259000052,0.0],[-148.996812309999967,61.686123296000062,0.0]]]]}},
{"type":"Feature","properties":{"OBJECTID":60234,"ParcelType":2,"P_ID":84121,"ACCOUNT":"18N03E06B004","TAXID_LOKI":"118N03E06B004","ACRES":34.86982037,"TAXACRE":34.68,"ORIGACRE":34.68,"FTYPE":"PARCEL","GENOWN":"PRIVATE","BUYLEASE":"N","OWNER_1":"ROTE ROBERT D JR & KRISTI R","NAME_2":"","MAILING_ADDRESS_LINE_A":"","MAILING_ADDRESS_LINE_B":"23220  GREENSTONE DR ","MAILING_ADDRESS_CITY":"LEONARDTOWN","MAILING_ADDRESS_STATE":"MD","MAILING_ADDRESS_ZIP":"20650","Buyer_Name":"","Buyer_Name_2":"","Buyer_Mailing_Address_A":"","Buyer_Mailing_Address_B":"","Buyer_Mailing_Address_City":"","Buyer_Mailing_Address_State":"","Buyer_Mailing_Address_Zip":"","MERIDIAN":"S","TWP_NUM":"18","TWP_NS":"N","RNG_NUM":"03","RNG_EW":"E","SECT_NUM":"06","GRIDNAME":"PA","GRIDNUM":"02","LANDVALUE":99700.0,"LANDASSD":0.0,"BLDGVALUE":1110500.0,"BLDGASSD":924941.0,"GENAREA":"3652","NBHD":"B_EXCEPT_A1","TAXZONE":"0020","CITY":"","COMMCOUN":"2","FSA":"004","RSA":"031","SSA_1":"","SSA_2":"","ESN":22,"ECN":15,"ASSMBDISTRICT":"1","VOTINGPRCNT":"29-530","DFIRM":null,"SPUD":"Sutton","SUBDNUM":0,"LEGAL":"TOWNSHIP 18N RANGE 3E              SECTION 6 LOT B4","DOC1_DATE":"2026-08-20T00:00:00Z","DOC1_TYPE":"WARRANTY DEED (ALL TYPES)","DOC1_RCRD":"Palmer-Bk  Pg ","DOC2_DATE":"2015-07-24T00:00:00Z","DOC2_TYPE":"WARRANTY DEED (ALL TYPES)","DOC2_RCRD":"Palmer-Bk  Pg ","LANDUSE":"","RESUNIT":1.0,"MHUNIT":0.0,"DUPLEXUNIT":0.0,"MULTIUNIT":0.0,"GQUNIT":0.0,"MH_PK_UNIT":0.0,"BLDG_USE1":"1100","BLDG_USE2":"","BLDG_USE3":"","BLDG_USE4":"","BLDG_USE5":"","BLDG_USE6":"","Photo":"https://ecommerce.matsugov.us/assessment/Pages/Photos.aspx?isDLG=1&P_ID=84121","GlobalID":"{6598279C-1033-413B-AFCD-DFED08352320}","Shape_Length":0.020442822763263771,"Shape_Area":2.3922175686925839e-05},"geometry":{"type":"MultiPolygon","coordinates":[[[[-148.990201883999958,61.682497844000068,0.0],[-148.996804292999968,61.68249792000006,0.0],[-148.996812309999967,61.686123296000062,0.0],[-148.990228973999962,61.686129433000076,0.0],[-148.990201883999958,61.682497844000068,0.0]]]]}},
{"type":"Feature","properties":{"OBJECTID":60235,"ParcelType":2,"P_ID":2883,"ACCOUNT":"18N03E06B008","TAXID_LOKI":"118N03E06B008","ACRES":18.14882245,"TAXACRE":13.42,"ORIGACRE":18.35,"FTYPE":"PARCEL","GENOWN":"PRIVATE","BUYLEASE":"N","OWNER_1":"JENSKI ADAM & KARI","NAME_2":"","MAILING_ADDRESS_LINE_A":"","MAILING_ADDRESS_LINE_B":"PO BOX 167","MAILING_ADDRESS_CITY":"SUTTON","MAILING_ADDRESS_STATE":"AK","MAILING_ADDRESS_ZIP":"99674","Buyer_Name":"","Buyer_Name_2":"","Buyer_Mailing_Address_A":"","Buyer_Mailing_Address_B":"","Buyer_Mailing_Address_City":"","Buyer_Mailing_Address_State":"","Buyer_Mailing_Address_Zip":"","MERIDIAN":"S","TWP_NUM":"18","TWP_NS":"N","RNG_NUM":"03","RNG_EW":"E","SECT_NUM":"06","GRIDNAME":"PA","GRIDNUM":"02","LANDVALUE":43200.0,"LANDASSD":4697.0,"BLDGVALUE":0.0,"BLDGASSD":0.0,"GENAREA":"3652","NBHD":"B_EXCEPT_A1","TAXZONE":"0020","CITY":"","COMMCOUN":"2","FSA":"004","RSA":"031","SSA_1":"","SSA_2":"","ESN":22,"ECN":15,"ASSMBDISTRICT":"1","VOTINGPRCNT":"29-530","DFIRM":null,"SPUD":"Sutton","SUBDNUM":0,"LEGAL":"TOWNSHIP 18N RANGE 3E              SECTION 6 LOT B8","DOC1_DATE":"2017-03-09T00:00:00Z","DOC1_TYPE":"WARRANTY DEED (ALL TYPES)","DOC1_RCRD":"Palmer-Bk  Pg ","DOC2_DATE":"2015-08-07T00:00:00Z","DOC2_TYPE":"WARRANTY DEED (ALL TYPES)","DOC2_RCRD":"Palmer-Bk  Pg ","LANDUSE":"","RESUNIT":0.0,"MHUNIT":0.0,"DUPLEXUNIT":0.0,"MULTIUNIT":0.0,"GQUNIT":0.0,"MH_PK_UNIT":0.0,"BLDG_USE1":"","BLDG_USE2":"","BLDG_USE3":"","BLDG_USE4":"","BLDG_USE5":"","BLDG_USE6":"","Photo":"https://ecommerce.matsugov.us/assessment/Pages/Photos.aspx?isDLG=1&P_ID=2883","GlobalID":"{A433F2B5-B5A7-42B4-9335-0143A99D1D50}","Shape_Length":0.015889002492947564,"Shape_Area":1.2435369467029757e-05},"geometry":{"type":"MultiPolygon","coordinates":[[[[-148.988042006999962,61.682497751000028,0.0],[-148.988899564999969,61.68249779100006,0.0],[-148.990201883999958,61.682497844000068,0.0],[-148.990228973999962,61.686129433000076,0.0],[-148.984984181999977,61.686134098000082,0.0],[-148.985221601999967,61.685955362000072,0.0],[-148.985447593999965,61.685773315000063,0.0],[-148.985661950999969,61.68558812100008,0.0],[-148.985864480999965,61.685399946000075,0.0],[-148.986055,61.685208962000047,0.0],[-148.986233336999959,61.685015343000032,0.0],[-148.98777452799996,61.683263226000065,0.0],[-148.987847154999969,61.68317382400005,0.0],[-148.987909363999961,61.683082667000065,0.0],[-148.987960966999964,61.682990027000073,0.0],[-148.988001809999957,61.682896184000072,0.0],[-148.988031769999964,61.682801418000054,0.0],[-148.988050756999968,61.682706015000065,0.0],[-148.988042006999962,61.682497751000028,0.0]]]]}},
{"type":"Feature","properties":{"OBJECTID":60236,"ParcelType":2,"P_ID":81435,"ACCOUNT":"18N03E06B009","TAXID_LOKI":"118N03E06B009","ACRES":22.13605595,"TAXACRE":16.68,"ORIGACRE":21.66,"FTYPE":"PARCEL","GENOWN":"PRIVATE","BUYLEASE":"N","OWNER_1":"RECKT ENTERPRISE LLC","NAME_2":"","MAILING_ADDRESS_LINE_A":"","MAILING_ADDRESS_LINE_B":"PO BOX 190","MAILING_ADDRESS_CITY":"SUTTON","MAILING_ADDRESS_STATE":"AK","MAILING_ADDRESS_ZIP":"99674","Buyer_Name":"","Buyer_Name_2":"","Buyer_Mailing_Address_A":"","Buyer_Mailing_Address_B":"","Buyer_Mailing_Address_City":"","Buyer_Mailing_Address_State":"","Buyer_Mailing_Address_Zip":"","MERIDIAN":"S","TWP_NUM":"18","TWP_NS":"N","RNG_NUM":"03","RNG_EW":"E","SECT_NUM":"06","GRIDNAME":"PA","GRIDNUM":"02","LANDVALUE":40300.0,"LANDASSD":40300.0,"BLDGVALUE":16200.0,"BLDGASSD":16200.0,"GENAREA":"3652","NBHD":"B_EXCEPT_A1","TAXZONE":"0020","CITY":"","COMMCOUN":"2","FSA":"004","RSA":"031","SSA_1":"","SSA_2":"","ESN":22,"ECN":15,"ASSMBDISTRICT":"1","VOTINGPRCNT":"29-530","DFIRM":null,"SPUD":"Sutton","SUBDNUM":0,"LEGAL":"TOWNSHIP 18N RANGE 3E              SECTION 6 LOT B9","DOC1_DATE":"2026-06-18T00:00:00Z","DOC1_TYPE":"WARRANTY DEED (ALL TYPES)","DOC1_RCRD":"Palmer-Bk  Pg ","DOC2_DATE":"2023-11-28T00:00:00Z","DOC2_TYPE":"WARRANTY DEED (ALL TYPES)","DOC2_RCRD":"Palmer-Bk  Pg ","LANDUSE":"","RESUNIT":2.0,"MHUNIT":0.0,"DUPLEXUNIT":0.0,"MULTIUNIT":0.0,"GQUNIT":0.0,"MH_PK_UNIT":0.0,"BLDG_USE1":"1100","BLDG_USE2":"","BLDG_USE3":"","BLDG_USE4":"","BLDG_USE5":"","BLDG_USE6":"","Photo":"https://ecommerce.matsugov.us/assessment/Pages/Photos.aspx?isDLG=1&P_ID=81435","GlobalID":"{9B86A328-4E83-4F08-A091-F36CE3CA39AC}","Shape_Length":0.016292133192487384,"Shape_Area":1.5201717679314256e-05},"geometry":{"type":"MultiPolygon","coordinates":[[[[-148.982601896999967,61.682497363000039,0.0],[-148.987178393999983,61.682497703000081,0.0],[-148.988042006999962,61.682497751000028,0.0],[-148.988050756999968,61.682706015000065,0.0],[-148.988031769999964,61.682801418000054,0.0],[-148.988001809999957,61.682896184000072,0.0],[-148.987960966999964,61.682990027000073,0.0],[-148.987909363999961,61.683082667000065,0.0],[-148.987847154999969,61.68317382400005,0.0],[-148.98777452799996,61.683263226000065,0.0],[-148.986233336999959,61.685015343000032,0.0],[-148.986055,61.685208962000047,0.0],[-148.985864480999965,61.685399946000075,0.0],[-148.985661950999969,61.68558812100008,0.0],[-148.985447593999965,61.685773315000063,0.0],[-148.985221601999967,61.685955362000072,0.0],[-148.984984181999977,61.686134098000082,0.0],[-148.984262480999973,61.686134723000066,0.0],[-148.982623633999964,61.686136131000069,0.0],[-148.982601896999967,61.682497363000039,0.0]]]]}},
{"type":"Feature","properties":{"OBJECTID":60237,"ParcelType":2,"P_ID":64641,"ACCOUNT":"18N03E06A002","TAXID_LOKI":"118N03E06A002","ACRES":40.35992034,"TAXACRE":40.0,"ORIGACRE":40.0,"FTYPE":"PARCEL","GENOWN":"PRIVATE","BUYLEASE":"N","OWNER_1":"PROBASCO PETER & EILEEN LVG TR","NAME_2":"","MAILING_ADDRESS_LINE_A":"","MAILING_ADDRESS_LINE_B":"PO BOX 2502","MAILING_ADDRESS_CITY":"PALMER","MAILING_ADDRESS_STATE":"AK","MAILING_ADDRESS_ZIP":"99645","Buyer_Name":"","Buyer_Name_2":"","Buyer_Mailing_Address_A":"","Buyer_Mailing_Address_B":"","Buyer_Mailing_Address_City":"","Buyer_Mailing_Address_State":"","Buyer_Mailing_Address_Zip":"","MERIDIAN":"S","TWP_NUM":"18","TWP_NS":"N","RNG_NUM":"03","RNG_EW":"E","SECT_NUM":"06","GRIDNAME":"PA","GRIDNUM":"02","LANDVALUE":92000.0,"LANDASSD":0.0,"BLDGVALUE":728400.0,"BLDGASSD":535141.0,"GENAREA":"3652","NBHD":"B_EXCEPT_A1","TAXZONE":"0020","CITY":"","COMMCOUN":"2","FSA":"004","RSA":"031","SSA_1":"","SSA_2":"","ESN":22,"ECN":15,"ASSMBDISTRICT":"1","VOTINGPRCNT":"29-530","DFIRM":null,"SPUD":"Sutton","SUBDNUM":0,"LEGAL":"TOWNSHIP 18N RANGE 3E              SECTION 6 LOT A2","DOC1_DATE":"2022-10-03T00:00:00Z","DOC1_TYPE":"QUITCLAIM DEED (ALL TYPE)","DOC1_RCRD":"Palmer-Bk  Pg ","DOC2_DATE":"2000-11-20T00:00:00Z","DOC2_TYPE":"QUITCLAIM DEED (ALL TYPE)","DOC2_RCRD":"Palmer-Bk 1101 Pg 4","LANDUSE":"","RESUNIT":1.0,"MHUNIT":0.0,"DUPLEXUNIT":0.0,"MULTIUNIT":0.0,"GQUNIT":0.0,"MH_PK_UNIT":0.0,"BLDG_USE1":"1100","BLDG_USE2":"","BLDG_USE3":"","BLDG_USE4":"","BLDG_USE5":"","BLDG_USE6":"","Photo":"https://ecommerce.matsugov.us/assessment/Pages/Photos.aspx?isDLG=1&P_ID=64641","GlobalID":"{C48FCE84-048B-49CD-84AF-F87B437C7C17}","Shape_Length":0.022488456335048961,"Shape_Area":2.768857158713373e-05},"geometry":{"type":"MultiPolygon","coordinates":[[[[-148.975001914999979,61.682496461000028,0.0],[-148.982601896999967,61.682497363000039,0.0],[-148.982623633999964,61.686136131000069,0.0],[-148.975019982999981,61.686142404000066,0.0],[-148.975001914999979,61.682496461000028,0.0]]]]}},
{"type":"Feature","properties":{"OBJECTID":60238,"ParcelType":2,"P_ID":4417,"ACCOUNT":"18N03E06A001","TAXID_LOKI":"118N03E06A001","ACRES":43.4352475,"TAXACRE":35.98,"ORIGACRE":42.8,"FTYPE":"PARCEL","GENOWN":"BOROUGH","BUYLEASE":"N","OWNER_1":"MATANUSKA-SUSITNA BOROUGH","NAME_2":"","MAILING_ADDRESS_LINE_A":"","MAILING_ADDRESS_LINE_B":"350 E DAHLIA AVE ","MAILING_ADDRESS_CITY":"PALMER","MAILING_ADDRESS_STATE":"AK","MAILING_ADDRESS_ZIP":"99645-6488","Buyer_Name":"","Buyer_Name_2":"","Buyer_Mailing_Address_A":"","Buyer_Mailing_Address_B":"","Buyer_Mailing_Address_City":"","Buyer_Mailing_Address_State":"","Buyer_Mailing_Address_Zip":"","MERIDIAN":"S","TWP_NUM":"18","TWP_NS":"N","RNG_NUM":"03","RNG_EW":"E","SECT_NUM":"06","GRIDNAME":"PA","GRIDNUM":"02","LANDVALUE":72400.0,"LANDASSD":0.0,"BLDGVALUE":0.0,"BLDGASSD":0.0,"GENAREA":"3652","NBHD":"B_EXCEPT_A1","TAXZONE":"0020","CITY":"","COMMCOUN":"2","FSA":"004","RSA":"031","SSA_1":"","SSA_2":"","ESN":22,"ECN":15,"ASSMBDISTRICT":"1","VOTINGPRCNT":"29-530","DFIRM":null,"SPUD":"Sutton","SUBDNUM":0,"LEGAL":"TOWNSHIP 18N RANGE 3E              SECTION 6 LOT A1","DOC1_DATE":null,"DOC1_TYPE":"","DOC1_RCRD":"","DOC2_DATE":null,"DOC2_TYPE":"","DOC2_RCRD":"","LANDUSE":"","RESUNIT":0.0,"MHUNIT":0.0,"DUPLEXUNIT":0.0,"MULTIUNIT":0.0,"GQUNIT":0.0,"MH_PK_UNIT":0.0,"BLDG_USE1":"","BLDG_USE2":"","BLDG_USE3":"","BLDG_USE4":"","BLDG_USE5":"","BLDG_USE6":"","Photo":"https://ecommerce.matsugov.us/assessment/Pages/Photos.aspx?isDLG=1&P_ID=4417","GlobalID":"{DAEF0814-09C2-442D-9EB8-2150EF18C077}","Shape_Length":0.023389869204197576,"Shape_Area":2.9798122881181997e-05},"geometry":{"type":"MultiPolygon","coordinates":[[[[-148.97401778699998,61.681674088000079,0.0],[-148.974996496999978,61.681202251000059,0.0],[-148.974996497999967,61.681202299000063,0.0],[-148.975001914999979,61.682496461000028,0.0],[-148.975019982999981,61.686142404000066,0.0],[-148.971218157999971,61.686145383000053,0.0],[-148.967416331999971,61.686148255000035,0.0],[-148.967402696999983,61.683223114000043,0.0],[-148.967402684999968,61.683223069000064,0.0],[-148.968343855999962,61.682844288000069,0.0],[-148.970279649999981,61.682517245000042,0.0],[-148.972854088999981,61.681732628000077,0.0],[-148.97401778699998,61.681674088000079,0.0]]]]}},
{"type":"Feature","properties":{"OBJECTID":60239,"ParcelType":2,"P_ID":34909,"ACCOUNT":"18N03E05B002","TAXID_LOKI":"118N03E05B002","ACRES":55.89568672,"TAXACRE":54.5,"ORIGACRE":54.5,"FTYPE":"PARCEL","GENOWN":"BOROUGH","BUYLEASE":"N","OWNER_1":"MATANUSKA-SUSITNA BOROUGH","NAME_2":"","MAILING_ADDRESS_LINE_A":"","MAILING_ADDRESS_LINE_B":"350 E DAHLIA AVE ","MAILING_ADDRESS_CITY":"PALMER","MAILING_ADDRESS_STATE":"AK","MAILING_ADDRESS_ZIP":"99645-6488","Buyer_Name":"","Buyer_Name_2":"","Buyer_Mailing_Address_A":"","Buyer_Mailing_Address_B":"","Buyer_Mailing_Address_City":"","Buyer_Mailing_Address_State":"","Buyer_Mailing_Address_Zip":"","MERIDIAN":"S","TWP_NUM":"18","TWP_NS":"N","RNG_NUM":"03","RNG_EW":"E","SECT_NUM":"05","GRIDNAME":"PA","GRIDNUM":"02","LANDVALUE":78300.0,"LANDASSD":0.0,"BLDGVALUE":0.0,"BLDGASSD":0.0,"GENAREA":"3652","NBHD":"B_EXCEPT_A1","TAXZONE":"0020","CITY":"","COMMCOUN":"2","FSA":"004","RSA":"031","SSA_1":"","SSA_2":"","ESN":22,"ECN":15,"ASSMBDISTRICT":"1","VOTINGPRCNT":"29-530","DFIRM":null,"SPUD":"Sutton","SUBDNUM":0,"LEGAL":"TOWNSHIP 18N RANGE 3E              SECTION 5 LOT B2","DOC1_DATE":null,"DOC1_TYPE":"","DOC1_RCRD":"","DOC2_DATE":null,"DOC2_TYPE":"","DOC2_RCRD":"","LANDUSE":"","RESUNIT":0.0,"MHUNIT":0.0,"DUPLEXUNIT":0.0,"MULTIUNIT":0.0,"GQUNIT":0.0,"MH_PK_UNIT":0.0,"BLDG_USE1":"","BLDG_USE2":"","BLDG_USE3":"","BLDG_USE4":"","BLDG_USE5":"","BLDG_USE6":"","Photo":"https://ecommerce.matsugov.us/assessment/Pages/Photos.aspx?isDLG=1&P_ID=34909","GlobalID":"{D7C963EC-1272-437B-B0B0-CF646845C03B}","Shape_Length":0.044034300340190187,"Shape_Area":3.8343138928774675e-05},"geometry":{"type":"MultiPolygon","coordinates":[[[[-148.947244165999962,61.686192635000054,0.0],[-148.953304002999971,61.684130549000031,0.0],[-148.954376483999965,61.683851617000073,0.0],[-148.958717303999975,61.683633361000034,0.0],[-148.960266656999977,61.683931634000032,0.0],[-148.961343208999978,61.684629510000036,0.0],[-148.967402684999968,61.683223069000064,0.0],[-148.967402696999983,61.683223114000043,0.0],[-148.967416331999971,61.686148255000035,0.0],[-148.947244311999981,61.686192635000054,0.0],[-148.947244165999962,61.686192635000054,0.0]]]]}},
{"type":"Feature","properties":{"OBJECTID":60240,"ParcelType":2,"P_ID":53912,"ACCOUNT":"18N03E05A001","TAXID_LOKI":"118N03E05A001","ACRES":114.67291842,"TAXACRE":113.82,"ORIGACRE":113.82,"FTYPE":"PARCEL","GENOWN":"BOROUGH","BUYLEASE":"N","OWNER_1":"MATANUSKA-SUSITNA BOROUGH","NAME_2":"","MAILING_ADDRESS_LINE_A":"","MAILING_ADDRESS_LINE_B":"350 E DAHLIA AVE ","MAILING_ADDRESS_CITY":"PALMER","MAILING_ADDRESS_STATE":"AK","MAILING_ADDRESS_ZIP":"99645-6488","Buyer_Name":"","Buyer_Name_2":"","Buyer_Mailing_Address_A":"","Buyer_Mailing_Address_B":"","Buyer_Mailing_Address_City":"","Buyer_Mailing_Address_State":"","Buyer_Mailing_Address_Zip":"","MERIDIAN":"S","TWP_NUM":"18","TWP_NS":"N","RNG_NUM":"03","RNG_EW":"E","SECT_NUM":"05","GRIDNAME":"PA","GRIDNUM":"02","LANDVALUE":104800.0,"LANDASSD":0.0,"BLDGVALUE":0.0,"BLDGASSD":0.0,"GENAREA":"3654","NBHD":"A1N10","TAXZONE":"0021","CITY":"","COMMCOUN":"15","FSA":"","RSA":"","SSA_1":"","SSA_2":"","ESN":23,"ECN":14,"ASSMBDISTRICT":"1","VOTINGPRCNT":"25-315","DFIRM":null,"SPUD":null,"SUBDNUM":0,"LEGAL":"TOWNSHIP 18N RANGE 3E              SECTION 5 LOT A1","DOC1_DATE":null,"DOC1_TYPE":"","DOC1_RCRD":"","DOC2_DATE":null,"DOC2_TYPE":"","DOC2_RCRD":"","LANDUSE":"","RESUNIT":0.0,"MHUNIT":0.0,"DUPLEXUNIT":0.0,"MULTIUNIT":0.0,"GQUNIT":0.0,"MH_PK_UNIT":0.0,"BLDG_USE1":"","BLDG_USE2":"","BLDG_USE3":"","BLDG_USE4":"","BLDG_USE5":"","BLDG_USE6":"","Photo":"https://ecommerce.matsugov.us/assessment/Pages/Photos.aspx?isDLG=1&P_ID=53912","GlobalID":"{65759D19-5B78-44DA-9C8A-E85B1CA74FDD}","Shape_Length":0.042712963034837736,"Shape_Area":7.8665512176956357e-05},"geometry":{"type":"MultiPolygon","coordinates":[[[[-148.936861950999969,61.678994630000034,0.0],[-148.952059908999956,61.678940739000041,0.0],[-148.952075292999979,61.682448177000083,0.0],[-148.952075292999979,61.682448238000063,0.0],[-148.950298827999973,61.682707558000061,0.0],[-148.948939635999977,61.682905948000041,0.0],[-148.944604126999963,61.68313394300003,0.0],[-148.942957074999981,61.684033682000063,0.0],[-148.942257164999972,61.684991676000038,0.0],[-148.941423277999974,61.685275726000043,0.0],[-148.941423288999971,61.685275771000079,0.0],[-148.941283253999984,61.686205182000037,0.0],[-148.936890061999975,61.686214262000078,0.0],[-148.936861950999969,61.678994630000034,0.0]]]]}},
{"type":"Feature","properties":{"OBJECTID":60242,"ParcelType":2,"P_ID":66882,"ACCOUNT":"18N03E04A003","TAXID_LOKI":"118N03E04A003","ACRES":561.47545749000005,"TAXACRE":560.0,"ORIGACRE":560.0,"FTYPE":"PARCEL","GENOWN":"NATIVE CORP","BUYLEASE":"N","OWNER_1":"CHICKALOON MOOSE CRK NV A","NAME_2":"","MAILING_ADDRESS_LINE_A":"","MAILING_ADDRESS_LINE_B":"PO BOX 875046","MAILING_ADDRESS_CITY":"WASILLA","MAILING_ADDRESS_STATE":"AK","MAILING_ADDRESS_ZIP":"99687-5046","Buyer_Name":"","Buyer_Name_2":"","Buyer_Mailing_Address_A":"","Buyer_Mailing_Address_B":"","Buyer_Mailing_Address_City":"","Buyer_Mailing_Address_State":"","Buyer_Mailing_Address_Zip":"","MERIDIAN":"S","TWP_NUM":"18","TWP_NS":"N","RNG_NUM":"03","RNG_EW":"E","SECT_NUM":"04","GRIDNAME":"PA","GRIDNUM":"02","LANDVALUE":289800.0,"LANDASSD":0.0,"BLDGVALUE":0.0,"BLDGASSD":0.0,"GENAREA":"3654","NBHD":"A1N10","TAXZONE":"0021","CITY":"","COMMCOUN":null,"FSA":"","RSA":"","SSA_1":"","SSA_2":"","ESN":23,"ECN":14,"ASSMBDISTRICT":"1","VOTINGPRCNT":"25-315","DFIRM":null,"SPUD":null,"SUBDNUM":0,"LEGAL":"TOWNSHIP 18N RANGE 3E              SECTION 4 LOT A3","DOC1_DATE":null,"DOC1_TYPE":"","DOC1_RCRD":"","DOC2_DATE":null,"DOC2_TYPE":"","DOC2_RCRD":"","LANDUSE":"","RESUNIT":0.0,"MHUNIT":0.0,"DUPLEXUNIT":0.0,"MULTIUNIT":0.0,"GQUNIT":0.0,"MH_PK_UNIT":0.0,"BLDG_USE1":"","BLDG_USE2":"","BLDG_USE3":"","BLDG_USE4":"","BLDG_USE5":"","BLDG_USE6":"","Photo":"https://ecommerce.matsugov.us/assessment/Pages/Photos.aspx?isDLG=1&P_ID=66882","GlobalID":"{30878C67-D588-4C98-A79D-0BA36F681E62}","Shape_Length":0.10409867003259353,"Shape_Area":0.0003851342564644935},"geometry":{"type":"MultiPolygon","coordinates":[[[[-148.906488697999976,61.686214601000074,0.0],[-148.906446779999982,61.671773821000045,0.0],[-148.936833829999983,61.671773421000069,0.0],[-148.936847889999967,61.675384026000074,0.0],[-148.936861950999969,61.678994630000034,0.0],[-148.936890061999975,61.686214262000078,0.0],[-148.929107571999964,61.686214991000043,0.0],[-148.929129823999972,61.682604943000058,0.0],[-148.929119079999964,61.679002743000069,0.0],[-148.921654644999961,61.67900706100005,0.0],[-148.921667872999961,61.68260919100004,0.0],[-148.921650989999961,61.686215275000052,0.0],[-148.906488697999976,61.686214601000074,0.0]]]]}},
{"type":"Feature","properties":{"OBJECTID":87106,"ParcelType":1,"P_ID":545709,"ACCOUNT":"8527000L002","TAXID_LOKI":"58527000L002","ACRES":10.05267606,"TAXACRE":10.03,"ORIGACRE":10.03,"FTYPE":"PARCEL","GENOWN":"PRIVATE","BUYLEASE":"N","OWNER_1":"THE DELAQUITO FAM TRUST","NAME_2":"","MAILING_ADDRESS_LINE_A":"PO BOX 275","MAILING_ADDRESS_LINE_B":"","MAILING_ADDRESS_CITY":"GLENNALLEN","MAILING_ADDRESS_STATE":"AK","MAILING_ADDRESS_ZIP":"99588","Buyer_Name":"","Buyer_Name_2":"","Buyer_Mailing_Address_A":"","Buyer_Mailing_Address_B":"","Buyer_Mailing_Address_City":"","Buyer_Mailing_Address_State":"","Buyer_Mailing_Address_Zip":"","MERIDIAN":"S","TWP_NUM":"18","TWP_NS":"N","RNG_NUM":"02","RNG_EW":"E","SECT_NUM":"02","GRIDNAME":"PA","GRIDNUM":"03","LANDVALUE":40400.0,"LANDASSD":40400.0,"BLDGVALUE":0.0,"BLDGASSD":0.0,"GENAREA":"3661","NBHD":"B_EXCEPT_A1","TAXZONE":"0020","CITY":"","COMMCOUN":"2","FSA":"004","RSA":"031","SSA_1":"","SSA_2":"","ESN":22,"ECN":14,"ASSMBDISTRICT":"1","VOTINGPRCNT":"29-530","DFIRM":"02170C7300E","SPUD":"Sutton","SUBDNUM":8527,"LEGAL":"MOOSE CRK FARM             LOT 2","DOC1_DATE":"2026-07-07T00:00:00Z","DOC1_TYPE":"QUITCLAIM DEED (ALL TYPE)","DOC1_RCRD":"Palmer-Bk  Pg ","DOC2_DATE":"2024-08-23T00:00:00Z","DOC2_TYPE":"WARRANTY DEED (ALL TYPES)","DOC2_RCRD":"Palmer-Bk  Pg ","LANDUSE":"","RESUNIT":0.0,"MHUNIT":0.0,"DUPLEXUNIT":0.0,"MULTIUNIT":0.0,"GQUNIT":0.0,"MH_PK_UNIT":0.0,"BLDG_USE1":"","BLDG_USE2":"","BLDG_USE3":"","BLDG_USE4":"","BLDG_USE5":"","BLDG_USE6":"","Photo":"https://ecommerce.matsugov.us/assessment/Pages/Photos.aspx?isDLG=1&P_ID=","GlobalID":"{2EDB3F83-9A76-46CE-BF84-5B6481009939}","Shape_Length":0.018932850887434186,"Shape_Area":6.8959826277358475e-06},"geometry":{"type":"MultiPolygon","coordinates":[[[[-149.038442513999968,61.67891108300006,0.0],[-149.039400865999966,61.678910205000079,0.0],[-149.039419437999982,61.678942871000061,0.0],[-149.039399228999969,61.679284986000027,0.0],[-149.039309263999968,61.679514778000055,0.0],[-149.037679517999976,61.679641933000028,0.0],[-149.035564711999967,61.679806901000063,0.0],[-149.034426940999964,61.679828968000038,0.0],[-149.032800238999982,61.680036424000036,0.0],[-149.030792856999966,61.679110409000032,0.0],[-149.030569028999963,61.679011742000057,0.0],[-149.030335611999959,61.678918227000054,0.0],[-149.036776586999963,61.678912589000049,0.0],[-149.036861143999971,61.678912513000057,0.0],[-149.03756420299996,61.678911879000054,0.0],[-149.037564396999983,61.678911879000054,0.0],[-149.037564489999966,61.678911879000054,0.0],[-149.037564549999956,61.678911878000065,0.0],[-149.037564634999967,61.678911879000054,0.0],[-149.038442428999957,61.67891108200007,0.0],[-149.038442513999968,61.67891108300006,0.0]]]]}},
{"type":"Feature","properties":{"OBJECTID":87107,"ParcelType":1,"P_ID":545708,"ACCOUNT":"8527000L001","TAXID_LOKI":"58527000L001","ACRES":29.47654284,"TAXACRE":29.42,"ORIGACRE":29.42,"FTYPE":"PARCEL","GENOWN":"PRIVATE","BUYLEASE":"N","OWNER_1":"PELTIER KENNETH J","NAME_2":"","MAILING_ADDRESS_LINE_A":"","MAILING_ADDRESS_LINE_B":"PO BOX 2433","MAILING_ADDRESS_CITY":"PALMER","MAILING_ADDRESS_STATE":"AK","MAILING_ADDRESS_ZIP":"99645-2433","Buyer_Name":"","Buyer_Name_2":"","Buyer_Mailing_Address_A":"","Buyer_Mailing_Address_B":"","Buyer_Mailing_Address_City":"","Buyer_Mailing_Address_State":"","Buyer_Mailing_Address_Zip":"","MERIDIAN":"S","TWP_NUM":"18","TWP_NS":"N","RNG_NUM":"02","RNG_EW":"E","SECT_NUM":"02","GRIDNAME":"PA","GRIDNUM":"03","LANDVALUE":78700.0,"LANDASSD":78700.0,"BLDGVALUE":319200.0,"BLDGASSD":319200.0,"GENAREA":"3661","NBHD":"B_EXCEPT_A1","TAXZONE":"0020","CITY":"","COMMCOUN":"2","FSA":"004","RSA":"031","SSA_1":"","SSA_2":"","ESN":22,"ECN":14,"ASSMBDISTRICT":"1","VOTINGPRCNT":"29-530","DFIRM":"02170C7300E","SPUD":"Sutton","SUBDNUM":8527,"LEGAL":"MOOSE CRK FARM                  LOT 1","DOC1_DATE":null,"DOC1_TYPE":"","DOC1_RCRD":"","DOC2_DATE":null,"DOC2_TYPE":"","DOC2_RCRD":"","LANDUSE":"","RESUNIT":1.0,"MHUNIT":0.0,"DUPLEXUNIT":0.0,"MULTIUNIT":0.0,"GQUNIT":0.0,"MH_PK_UNIT":0.0,"BLDG_USE1":"1100","BLDG_USE2":"1110","BLDG_USE3":"7400","BLDG_USE4":"","BLDG_USE5":"","BLDG_USE6":"","Photo":"https://ecommerce.matsugov.us/assessment/Pages/Photos.aspx?isDLG=1&P_ID=","GlobalID":"{0EBC0E39-CF4C-499F-AE83-9E4FFB6ED0C4}","Shape_Length":0.028634974128424161,"Shape_Area":2.0219068737462663e-05},"geometry":{"type":"MultiPolygon","coordinates":[[[[-149.041847934999964,61.682523411000034,0.0],[-149.041047851999963,61.682332966000047,0.0],[-149.040170096999958,61.68248174200005,0.0],[-149.037414608999967,61.681914593000045,0.0],[-149.037148101999975,61.681856565000032,0.0],[-149.036886927999973,61.681793302000074,0.0],[-149.03663154299997,61.68172491100006,0.0],[-149.036382393999958,61.681651515000055,0.0],[-149.036139911999982,61.681573240000034,0.0],[-149.035904520999964,61.681490222000036,0.0],[-149.035676635999977,61.681402607000052,0.0],[-149.035456647999979,61.681310548000056,0.0],[-149.035404194999984,61.681287421000036,0.0],[-149.03402521199996,61.680601467000031,0.0],[-149.032800238999982,61.680036424000036,0.0],[-149.034426940999964,61.679828968000038,0.0],[-149.035564711999967,61.679806901000063,0.0],[-149.037679517999976,61.679641933000028,0.0],[-149.039309263999968,61.679514778000055,0.0],[-149.039265228999966,61.679627253000035,0.0],[-149.039533370999976,61.680126915000073,0.0],[-149.039698295999983,61.680221694000068,0.0],[-149.039744440999982,61.680248212000038,0.0],[-149.039909823999977,61.68038229800004,0.0],[-149.040212655999966,61.680506368000067,0.0],[-149.040418134999982,61.680590552000069,0.0],[-149.040707571999974,61.680656629000055,0.0],[-149.041164237999965,61.680746038000052,0.0],[-149.041265177999975,61.680761276000055,0.0],[-149.041283292999964,61.680764011000065,0.0],[-149.041587193999959,61.680809889000045,0.0],[-149.042038800999961,61.680780866000077,0.0],[-149.042294618999961,61.680827019000048,0.0],[-149.04257856199996,61.68093006600003,0.0],[-149.042756231999959,61.680951815000071,0.0],[-149.042918682999982,61.680951267000069,0.0],[-149.043128798999959,61.681026036000048,0.0],[-149.043262991999967,61.681040616000075,0.0],[-149.043806573999973,61.681189549000067,0.0],[-149.044055940999982,61.681221148000077,0.0],[-149.044136716999958,61.681312932000083,0.0],[-149.044347722999959,61.681495056000074,0.0],[-149.044542073999963,61.681585251000058,0.0],[-149.044945792999982,61.681752589000041,0.0],[-149.045459833999956,61.68192431600005,0.0],[-149.045817088999968,61.682019637000053,0.0],[-149.046220430999966,61.68225076300007,0.0],[-149.046377804999963,61.682367862000035,0.0],[-149.045776691999976,61.682437186000072,0.0],[-149.045062928999982,61.68251949900008,0.0],[-149.042432641999966,61.682522705000054,0.0],[-149.041847934999964,61.682523411000034,0.0]]]]}},
{"type":"Feature","properties":{"OBJECTID":87108,"ParcelType":10,"P_ID":79371,"ACCOUNT":"U01152-10000","TAXID_LOKI":"4U01152-10000","ACRES":79.47652869,"TAXACRE":69.0,"ORIGACRE":69.0,"FTYPE":"PARCEL","GENOWN":"NATIVE CORP","BUYLEASE":"N","OWNER_1":"EKLUTNA INC","NAME_2":"","MAILING_ADDRESS_LINE_A":"# 201","MAILING_ADDRESS_LINE_B":"16515  CENTERFIELD DR ","MAILING_ADDRESS_CITY":"EAGLE RIVER","MAILING_ADDRESS_STATE":"AK","MAILING_ADDRESS_ZIP":"99577-7719","Buyer_Name":"","Buyer_Name_2":"","Buyer_Mailing_Address_A":"","Buyer_Mailing_Address_B":"","Buyer_Mailing_Address_City":"","Buyer_Mailing_Address_State":"","Buyer_Mailing_Address_Zip":"","MERIDIAN":"S","TWP_NUM":"18","TWP_NS":"N","RNG_NUM":"02","RNG_EW":"E","SECT_NUM":"02","GRIDNAME":"PA","GRIDNUM":"03","LANDVALUE":79400.0,"LANDASSD":0.0,"BLDGVALUE":0.0,"BLDGASSD":0.0,"GENAREA":"3661","NBHD":"B_EXCEPT_A1","TAXZONE":"0020","CITY":"","COMMCOUN":"2","FSA":"004","RSA":"031","SSA_1":"","SSA_2":"","ESN":22,"ECN":14,"ASSMBDISTRICT":"1","VOTINGPRCNT":"25-315","DFIRM":"02170C7300E","SPUD":"Sutton","SUBDNUM":0,"LEGAL":"U.S. SURVEY 1152                   (A PORTION OF)","DOC1_DATE":null,"DOC1_TYPE":"","DOC1_RCRD":"","DOC2_DATE":null,"DOC2_TYPE":"","DOC2_RCRD":"","LANDUSE":"","RESUNIT":0.0,"MHUNIT":0.0,"DUPLEXUNIT":0.0,"MULTIUNIT":0.0,"GQUNIT":0.0,"MH_PK_UNIT":0.0,"BLDG_USE1":"","BLDG_USE2":"","BLDG_USE3":"","BLDG_USE4":"","BLDG_USE5":"","BLDG_USE6":"","Photo":"https://ecommerce.matsugov.us/assessment/Pages/Photos.aspx?isDLG=1&P_ID=79371","GlobalID":"{97772052-DE4E-485E-917A-4BCD90776362}","Shape_Length":0.070859205128343511,"Shape_Area":5.4508290408465451e-05},"geometry":{"type":"MultiPolygon","coordinates":[[[[-149.036861143999971,61.678912513000057,0.0],[-149.036840146999964,61.675131364000038,0.0],[-149.027204480999984,61.675142281000035,0.0],[-149.027206331999963,61.675312996000059,0.0],[-149.025200374999969,61.67543739000007,0.0],[-149.019700001999979,61.675779097000031,0.0],[-149.019698696999967,61.675164756000072,0.0],[-149.019697106999956,61.674487735000071,0.0],[-149.019697104999977,61.674487690000035,0.0],[-149.027203544999963,61.673831160000077,0.0],[-149.028478977999981,61.673719865000066,0.0],[-149.031078851999979,61.673266897000076,0.0],[-149.036890005999965,61.673582292000049,0.0],[-149.038013473999968,61.674003838000033,0.0],[-149.038730034999958,61.674655579000046,0.0],[-149.038730046999973,61.674655624000081,0.0],[-149.039276783999981,61.676709264000067,0.0],[-149.038939913999968,61.677624489000038,0.0],[-149.037564396999983,61.678911879000054,0.0],[-149.03756420299996,61.678911879000054,0.0],[-149.036861143999971,61.678912513000057,0.0]]],[[[-149.038442513999968,61.67891108300006,0.0],[-149.038555251999981,61.678635224000061,0.0],[-149.039341447999959,61.677856050000059,0.0],[-149.040198269999962,61.675633215000062,0.0],[-149.039886467999963,61.674664795000069,0.0],[-149.039323111999977,61.673790032000056,0.0],[-149.039323092999979,61.673789988000067,0.0],[-149.038086887999981,61.672776771000031,0.0],[-149.038086863999979,61.672776734000081,0.0],[-149.038252430999961,61.672663193000062,0.0],[-149.042413934999956,61.672520543000076,0.0],[-149.042413940999978,61.672520588000054,0.0],[-149.042419483999964,61.675279956000054,0.0],[-149.042424954999973,61.678276565000033,0.0],[-149.041849157999962,61.67827711800004,0.0],[-149.041851788999963,61.678825776000053,0.0],[-149.042425943999973,61.678825195000059,0.0],[-149.042426389999974,61.678907479000031,0.0],[-149.039687126999979,61.678910143000053,0.0],[-149.039666592999964,61.678910162000079,0.0],[-149.039665410999959,61.678910164000058,0.0],[-149.039400865999966,61.678910205000079,0.0],[-149.038442513999968,61.67891108300006,0.0]]]]}},
{"type":"Feature","properties":{"OBJECTID":90773,"ParcelType":2,"P_ID":58529,"ACCOUNT":"18N02E13A002","TAXID_LOKI":"118N02E13A002","ACRES":10.2899653,"TAXACRE":10.0,"ORIGACRE":10.0,"FTYPE":"PARCEL","GENOWN":"PRIVATE","BUYLEASE":"N","OWNER_1":"PITCHFORK LAND TRUST","NAME_2":"","MAILING_ADDRESS_LINE_A":"","MAILING_ADDRESS_LINE_B":"2021 E 66TH AVE ","MAILING_ADDRESS_CITY":"ANCHORAGE","MAILING_ADDRESS_STATE":"AK","MAILING_ADDRESS_ZIP":"99507","Buyer_Name":"","Buyer_Name_2":"","Buyer_Mailing_Address_A":"","Buyer_Mailing_Address_B":"","Buyer_Mailing_Address_City":"","Buyer_Mailing_Address_State":"","Buyer_Mailing_Address_Zip":"","MERIDIAN":"S","TWP_NUM":"18","TWP_NS":"N","RNG_NUM":"02","RNG_EW":"E","SECT_NUM":"13","GRIDNAME":"PA","GRIDNUM":"03","LANDVALUE":2300.0,"LANDASSD":2300.0,"BLDGVALUE":0.0,"BLDGASSD":0.0,"GENAREA":"3654","NBHD":"B_EXCEPT_A1","TAXZONE":"0025","CITY":"","COMMCOUN":"15","FSA":"","RSA":"019","SSA_1":"","SSA_2":"","ESN":23,"ECN":14,"ASSMBDISTRICT":"1","VOTINGPRCNT":"25-315","DFIRM":"02170C7300E","SPUD":null,"SUBDNUM":0,"LEGAL":"TOWNSHIP 18N RANGE 2E              SECTION 13 LOT A2","DOC1_DATE":"2024-10-29T00:00:00Z","DOC1_TYPE":"PERSONAL REPRESENTATIVE","DOC1_RCRD":"Palmer-Bk  Pg ","DOC2_DATE":"2001-03-15T00:00:00Z","DOC2_TYPE":"QUITCLAIM DEED (ALL TYPE)","DOC2_RCRD":"Palmer-Bk 1120 Pg 798","LANDUSE":"","RESUNIT":0.0,"MHUNIT":0.0,"DUPLEXUNIT":0.0,"MULTIUNIT":0.0,"GQUNIT":0.0,"MH_PK_UNIT":0.0,"BLDG_USE1":"","BLDG_USE2":"","BLDG_USE3":"","BLDG_USE4":"","BLDG_USE5":"","BLDG_USE6":"","Photo":"https://ecommerce.matsugov.us/assessment/Pages/Photos.aspx?isDLG=1&P_ID=58529","GlobalID":"{DC29957D-51AC-4356-BCE6-CC1699B9FD96}","Shape_Length":0.017043174028765037,"Shape_Area":7.0522891188831665e-06},"geometry":{"type":"MultiPolygon","coordinates":[[[[-149.004385871999972,61.65267151300003,0.0],[-149.011978528999975,61.652669709000065,0.0],[-149.011977784999971,61.653599235000058,0.0],[-149.00438490199997,61.65359962000008,0.0],[-149.004385871999972,61.65267151300003,0.0]]]]}},
{"type":"Feature","properties":{"OBJECTID":90795,"ParcelType":2,"P_ID":10817,"ACCOUNT":"18N02E13B003","TAXID_LOKI":"118N02E13B003","ACRES":10.02216823,"TAXACRE":10.0,"ORIGACRE":10.0,"FTYPE":"PARCEL","GENOWN":"PRIVATE","BUYLEASE":"N","OWNER_1":"PITCHFORK LAND TRUST","NAME_2":"","MAILING_ADDRESS_LINE_A":"","MAILING_ADDRESS_LINE_B":"2021 E 66TH AVE ","MAILING_ADDRESS_CITY":"ANCHORAGE","MAILING_ADDRESS_STATE":"AK","MAILING_ADDRESS_ZIP":"99507","Buyer_Name":"","Buyer_Name_2":"","Buyer_Mailing_Address_A":"","Buyer_Mailing_Address_B":"","Buyer_Mailing_Address_City":"","Buyer_Mailing_Address_State":"","Buyer_Mailing_Address_Zip":"","MERIDIAN":"S","TWP_NUM":"18","TWP_NS":"N","RNG_NUM":"02","RNG_EW":"E","SECT_NUM":"13","GRIDNAME":"PA","GRIDNUM":"03","LANDVALUE":2300.0,"LANDASSD":2300.0,"BLDGVALUE":0.0,"BLDGASSD":0.0,"GENAREA":"3654","NBHD":"B_EXCEPT_A1","TAXZONE":"0025","CITY":"","COMMCOUN":"15","FSA":"","RSA":"019","SSA_1":"","SSA_2":"","ESN":23,"ECN":14,"ASSMBDISTRICT":"1","VOTINGPRCNT":"25-315","DFIRM":"02170C7300E","SPUD":null,"SUBDNUM":0,"LEGAL":"TOWNSHIP 18N RANGE 2E              SECTION 13 LOT B3","DOC1_DATE":"2024-10-29T00:00:00Z","DOC1_TYPE":"PERSONAL REPRESENTATIVE","DOC1_RCRD":"Palmer-Bk  Pg ","DOC2_DATE":"2001-03-15T00:00:00Z","DOC2_TYPE":"QUITCLAIM DEED (ALL TYPE)","DOC2_RCRD":"Palmer-Bk 1120 Pg 798","LANDUSE":"","RESUNIT":0.0,"MHUNIT":0.0,"DUPLEXUNIT":0.0,"MULTIUNIT":0.0,"GQUNIT":0.0,"MH_PK_UNIT":0.0,"BLDG_USE1":"","BLDG_USE2":"","BLDG_USE3":"","BLDG_USE4":"","BLDG_USE5":"","BLDG_USE6":"","Photo":"https://ecommerce.matsugov.us/assessment/Pages/Photos.aspx?isDLG=1&P_ID=10817","GlobalID":"{341D622E-CE46-43CD-BD0D-15DD864500DE}","Shape_Length":0.01699572186788555,"Shape_Area":6.8691584456269197e-06},"geometry":{"type":"MultiPolygon","coordinates":[[[[-149.011977067999965,61.65449383400005,0.0],[-149.019570167999973,61.654503636000072,0.0],[-149.019569665999967,61.655404022000027,0.0],[-149.011976338999972,61.655402736000042,0.0],[-149.011977067999965,61.65449383400005,0.0]]]]}},
{"type":"Feature","properties":{"OBJECTID":90817,"ParcelType":2,"P_ID":75938,"ACCOUNT":"18N02E13B006","TAXID_LOKI":"118N02E13B006","ACRES":5.0509918,"TAXACRE":4.81,"ORIGACRE":5.0,"FTYPE":"PARCEL","GENOWN":"PRIVATE","BUYLEASE":"N","OWNER_1":"ENDSLOW WILLIAM H B","NAME_2":"","MAILING_ADDRESS_LINE_A":"","MAILING_ADDRESS_LINE_B":"8601 N WOLVERINE RD ","MAILING_ADDRESS_CITY":"PALMER","MAILING_ADDRESS_STATE":"AK","MAILING_ADDRESS_ZIP":"99645","Buyer_Name":"","Buyer_Name_2":"","Buyer_Mailing_Address_A":"","Buyer_Mailing_Address_B":"","Buyer_Mailing_Address_City":"","Buyer_Mailing_Address_State":"","Buyer_Mailing_Address_Zip":"","MERIDIAN":"S","TWP_NUM":"18","TWP_NS":"N","RNG_NUM":"02","RNG_EW":"E","SECT_NUM":"13","GRIDNAME":"PA","GRIDNUM":"03","LANDVALUE":56900.0,"LANDASSD":56900.0,"BLDGVALUE":208800.0,"BLDGASSD":208800.0,"GENAREA":"3654","NBHD":"A1N10","TAXZONE":"0026","CITY":"","COMMCOUN":"15","FSA":"132","RSA":"019","SSA_1":"","SSA_2":"","ESN":24,"ECN":14,"ASSMBDISTRICT":"1","VOTINGPRCNT":"25-315","DFIRM":"02170C7300E","SPUD":null,"SUBDNUM":0,"LEGAL":"TOWNSHIP 18N RANGE 2E              SECTION 13 LOT B6","DOC1_DATE":"2023-01-17T00:00:00Z","DOC1_TYPE":"PERSONAL REPRESENTATIVE","DOC1_RCRD":"Palmer-Bk  Pg ","DOC2_DATE":"1995-06-30T00:00:00Z","DOC2_TYPE":"QUITCLAIM DEED (ALL TYPE)","DOC2_RCRD":"Palmer-Bk 810 Pg 329","LANDUSE":"","RESUNIT":1.0,"MHUNIT":0.0,"DUPLEXUNIT":0.0,"MULTIUNIT":0.0,"GQUNIT":0.0,"MH_PK_UNIT":0.0,"BLDG_USE1":"1100","BLDG_USE2":"","BLDG_USE3":"","BLDG_USE4":"","BLDG_USE5":"","BLDG_USE6":"","Photo":"https://ecommerce.matsugov.us/assessment/Pages/Photos.aspx?isDLG=1&P_ID=75938","GlobalID":"{2097DD6D-B305-453F-938A-E663CB9389BE}","Shape_Length":0.0074475504207086422,"Shape_Area":3.4620866878309659e-06},"geometry":{"type":"MultiPolygon","coordinates":[[[[-149.023444946999973,61.655403576000083,0.0],[-149.025375766999957,61.655403183000033,0.0],[-149.025366571999967,61.657197594000081,0.0],[-149.023439423999974,61.65719871500005,0.0],[-149.023444946999973,61.655403576000083,0.0]]]]}},
{"type":"Feature","properties":{"OBJECTID":90819,"ParcelType":2,"P_ID":67014,"ACCOUNT":"18N02E13B005","TAXID_LOKI":"118N02E13B005","ACRES":10.11843618,"TAXACRE":9.82,"ORIGACRE":10.0,"FTYPE":"PARCEL","GENOWN":"PRIVATE","BUYLEASE":"N","OWNER_1":"WILLS MICHAEL & TERESA","NAME_2":"","MAILING_ADDRESS_LINE_A":"","MAILING_ADDRESS_LINE_B":"PO BOX 264","MAILING_ADDRESS_CITY":"PALMER","MAILING_ADDRESS_STATE":"AK","MAILING_ADDRESS_ZIP":"99645-0264","Buyer_Name":"","Buyer_Name_2":"","Buyer_Mailing_Address_A":"","Buyer_Mailing_Address_B":"","Buyer_Mailing_Address_City":"","Buyer_Mailing_Address_State":"","Buyer_Mailing_Address_Zip":"","MERIDIAN":"S","TWP_NUM":"18","TWP_NS":"N","RNG_NUM":"02","RNG_EW":"E","SECT_NUM":"13","GRIDNAME":"PA","GRIDNUM":"03","LANDVALUE":93200.0,"LANDASSD":0.0,"BLDGVALUE":635700.0,"BLDGASSD":443641.0,"GENAREA":"3654","NBHD":"A1N10","TAXZONE":"0026","CITY":"","COMMCOUN":"15","FSA":"132","RSA":"019","SSA_1":"","SSA_2":"","ESN":24,"ECN":14,"ASSMBDISTRICT":"1","VOTINGPRCNT":"25-315","DFIRM":"02170C7300E","SPUD":null,"SUBDNUM":0,"LEGAL":"TOWNSHIP 18N RANGE 2E              SECTION 13 LOT B5","DOC1_DATE":"2020-04-06T00:00:00Z","DOC1_TYPE":"WARRANTY DEED (ALL TYPES)","DOC1_RCRD":"Palmer-Bk  Pg ","DOC2_DATE":"2014-07-03T00:00:00Z","DOC2_TYPE":"WARRANTY DEED (ALL TYPES)","DOC2_RCRD":"Palmer-Bk  Pg ","LANDUSE":"","RESUNIT":1.0,"MHUNIT":0.0,"DUPLEXUNIT":0.0,"MULTIUNIT":0.0,"GQUNIT":0.0,"MH_PK_UNIT":0.0,"BLDG_USE1":"1100","BLDG_USE2":"","BLDG_USE3":"","BLDG_USE4":"","BLDG_USE5":"","BLDG_USE6":"","Photo":"https://ecommerce.matsugov.us/assessment/Pages/Photos.aspx?isDLG=1&P_ID=67014","GlobalID":"{7F0566D5-D6DB-4708-9DCA-1C61530142EE}","Shape_Length":0.011315357522309029,"Shape_Area":6.9354482447817163e-06},"geometry":{"type":"MultiPolygon","coordinates":[[[[-149.019569665999967,61.655404022000027,0.0],[-149.023444946999973,61.655403576000083,0.0],[-149.023439423999974,61.65719871500005,0.0],[-149.019591478999956,61.657200873000079,0.0],[-149.019569665999967,61.655404022000027,0.0]]]]}},
{"type":"Feature","properties":{"OBJECTID":90820,"ParcelType":2,"P_ID":2458,"ACCOUNT":"18N02E13A005","TAXID_LOKI":"118N02E13A005","ACRES":19.94427741,"TAXACRE":20.0,"ORIGACRE":20.0,"FTYPE":"PARCEL","GENOWN":"PRIVATE","BUYLEASE":"N","OWNER_1":"SUNDERLAND FARMS LLC","NAME_2":"","MAILING_ADDRESS_LINE_A":"","MAILING_ADDRESS_LINE_B":"10120 N WOLVERINE RD ","MAILING_ADDRESS_CITY":"PALMER","MAILING_ADDRESS_STATE":"AK","MAILING_ADDRESS_ZIP":"99645","Buyer_Name":"","Buyer_Name_2":"","Buyer_Mailing_Address_A":"","Buyer_Mailing_Address_B":"","Buyer_Mailing_Address_City":"","Buyer_Mailing_Address_State":"","Buyer_Mailing_Address_Zip":"","MERIDIAN":"S","TWP_NUM":"18","TWP_NS":"N","RNG_NUM":"02","RNG_EW":"E","SECT_NUM":"13","GRIDNAME":"PA","GRIDNUM":"03","LANDVALUE":134600.0,"LANDASSD":134600.0,"BLDGVALUE":95500.0,"BLDGASSD":95500.0,"GENAREA":"3654","NBHD":"A1N10","TAXZONE":"0026","CITY":"","COMMCOUN":"15","FSA":"132","RSA":"019","SSA_1":"","SSA_2":"","ESN":24,"ECN":14,"ASSMBDISTRICT":"1","VOTINGPRCNT":"25-315","DFIRM":"02170C7300E","SPUD":null,"SUBDNUM":0,"LEGAL":"TOWNSHIP 18N RANGE 2E              SECTION 13 LOT A5","DOC1_DATE":"2020-01-28T00:00:00Z","DOC1_TYPE":"WARRANTY DEED (ALL TYPES)","DOC1_RCRD":"Palmer-Bk  Pg ","DOC2_DATE":"2011-10-26T00:00:00Z","DOC2_TYPE":"WARRANTY DEED (ALL TYPES)","DOC2_RCRD":"Palmer-Bk  Pg ","LANDUSE":"","RESUNIT":1.0,"MHUNIT":0.0,"DUPLEXUNIT":0.0,"MULTIUNIT":0.0,"GQUNIT":0.0,"MH_PK_UNIT":0.0,"BLDG_USE1":"1100","BLDG_USE2":"8100","BLDG_USE3":"","BLDG_USE4":"","BLDG_USE5":"","BLDG_USE6":"","Photo":"https://ecommerce.matsugov.us/assessment/Pages/Photos.aspx?isDLG=1&P_ID=2458","GlobalID":"{62A200F6-D9D4-42D2-92FB-E36D1B21982E}","Shape_Length":0.018792864719601614,"Shape_Area":1.3670335562025372e-05},"geometry":{"type":"MultiPolygon","coordinates":[[[[-149.011976338999972,61.655402736000042,0.0],[-149.019569665999967,61.655404022000027,0.0],[-149.019591478999956,61.657200873000079,0.0],[-149.011991067999958,61.657204818000082,0.0],[-149.011976338999972,61.655402736000042,0.0]]]]}},
{"type":"Feature","properties":{"OBJECTID":90821,"ParcelType":2,"P_ID":86110,"ACCOUNT":"18N02E13A006","TAXID_LOKI":"118N02E13A006","ACRES":39.98346681,"TAXACRE":40.0,"ORIGACRE":40.0,"FTYPE":"PARCEL","GENOWN":"PRIVATE","BUYLEASE":"N","OWNER_1":"SUNDERLAND FARMS LLC","NAME_2":"","MAILING_ADDRESS_LINE_A":"","MAILING_ADDRESS_LINE_B":"10120 N WOLVERINE RD ","MAILING_ADDRESS_CITY":"PALMER","MAILING_ADDRESS_STATE":"AK","MAILING_ADDRESS_ZIP":"99645","Buyer_Name":"","Buyer_Name_2":"","Buyer_Mailing_Address_A":"","Buyer_Mailing_Address_B":"","Buyer_Mailing_Address_City":"","Buyer_Mailing_Address_State":"","Buyer_Mailing_Address_Zip":"","MERIDIAN":"S","TWP_NUM":"18","TWP_NS":"N","RNG_NUM":"02","RNG_EW":"E","SECT_NUM":"13","GRIDNAME":"PA","GRIDNUM":"03","LANDVALUE":184000.0,"LANDASSD":184000.0,"BLDGVALUE":0.0,"BLDGASSD":0.0,"GENAREA":"3654","NBHD":"A1N10","TAXZONE":"0026","CITY":"","COMMCOUN":"15","FSA":"132","RSA":"019","SSA_1":"","SSA_2":"","ESN":24,"ECN":14,"ASSMBDISTRICT":"1","VOTINGPRCNT":"25-315","DFIRM":"02170C7300E","SPUD":null,"SUBDNUM":0,"LEGAL":"TOWNSHIP 18N RANGE 2E              SECTION 13 LOT A6","DOC1_DATE":"2020-01-28T00:00:00Z","DOC1_TYPE":"WARRANTY DEED (ALL TYPES)","DOC1_RCRD":"Palmer-Bk  Pg ","DOC2_DATE":"2011-10-26T00:00:00Z","DOC2_TYPE":"WARRANTY DEED (ALL TYPES)","DOC2_RCRD":"Palmer-Bk  Pg ","LANDUSE":"","RESUNIT":0.0,"MHUNIT":0.0,"DUPLEXUNIT":0.0,"MULTIUNIT":0.0,"GQUNIT":0.0,"MH_PK_UNIT":0.0,"BLDG_USE1":"","BLDG_USE2":"","BLDG_USE3":"","BLDG_USE4":"","BLDG_USE5":"","BLDG_USE6":"","Photo":"https://ecommerce.matsugov.us/assessment/Pages/Photos.aspx?isDLG=1&P_ID=86110","GlobalID":"{C841D414-BCE9-4330-8C93-EA8136BC541D}","Shape_Length":0.022417204582114256,"Shape_Area":2.7404904675280507e-05},"geometry":{"type":"MultiPolygon","coordinates":[[[[-149.00438490199997,61.65359962000008,0.0],[-149.011977784999971,61.653599235000058,0.0],[-149.011977067999965,61.65449383400005,0.0],[-149.011976338999972,61.655402736000042,0.0],[-149.011991067999958,61.657204818000082,0.0],[-149.004381117999969,61.657208345000072,0.0],[-149.00438490199997,61.65359962000008,0.0]]]]}},
{"type":"Feature","properties":{"OBJECTID":90824,"ParcelType":2,"P_ID":41162,"ACCOUNT":"18N02E13A004","TAXID_LOKI":"118N02E13A004","ACRES":40.00066493,"TAXACRE":40.0,"ORIGACRE":40.0,"FTYPE":"PARCEL","GENOWN":"PRIVATE","BUYLEASE":"N","OWNER_1":"SUNDERLAND FARMS LLC","NAME_2":"","MAILING_ADDRESS_LINE_A":"","MAILING_ADDRESS_LINE_B":"10120 N WOLVERINE RD ","MAILING_ADDRESS_CITY":"PALMER","MAILING_ADDRESS_STATE":"AK","MAILING_ADDRESS_ZIP":"99645","Buyer_Name":"","Buyer_Name_2":"","Buyer_Mailing_Address_A":"","Buyer_Mailing_Address_B":"","Buyer_Mailing_Address_City":"","Buyer_Mailing_Address_State":"","Buyer_Mailing_Address_Zip":"","MERIDIAN":"S","TWP_NUM":"18","TWP_NS":"N","RNG_NUM":"02","RNG_EW":"E","SECT_NUM":"13","GRIDNAME":"PA","GRIDNUM":"03","LANDVALUE":138000.0,"LANDASSD":138000.0,"BLDGVALUE":0.0,"BLDGASSD":0.0,"GENAREA":"3654","NBHD":"A1N10","TAXZONE":"0026","CITY":"","COMMCOUN":"15","FSA":"132","RSA":"019","SSA_1":"","SSA_2":"","ESN":24,"ECN":14,"ASSMBDISTRICT":"1","VOTINGPRCNT":"25-315","DFIRM":"02170C7300E","SPUD":null,"SUBDNUM":0,"LEGAL":"TOWNSHIP 18N RANGE 2E              SECTION 13 LOT A4","DOC1_DATE":"2020-01-28T00:00:00Z","DOC1_TYPE":"WARRANTY DEED (ALL TYPES)","DOC1_RCRD":"Palmer-Bk  Pg ","DOC2_DATE":"2011-10-26T00:00:00Z","DOC2_TYPE":"WARRANTY DEED (ALL TYPES)","DOC2_RCRD":"Palmer-Bk  Pg ","LANDUSE":"","RESUNIT":0.0,"MHUNIT":0.0,"DUPLEXUNIT":0.0,"MULTIUNIT":0.0,"GQUNIT":0.0,"MH_PK_UNIT":0.0,"BLDG_USE1":"","BLDG_USE2":"","BLDG_USE3":"","BLDG_USE4":"","BLDG_USE5":"","BLDG_USE6":"","Photo":"https://ecommerce.matsugov.us/assessment/Pages/Photos.aspx?isDLG=1&P_ID=41162","GlobalID":"{5E806EBF-C311-4128-AC45-EB94C4879016}","Shape_Length":0.022407909667537636,"Shape_Area":2.7416667183168901e-05},"geometry":{"type":"MultiPolygon","coordinates":[[[[-148.996792021999966,61.653598910000028,0.0],[-149.00438490199997,61.65359962000008,0.0],[-149.004381117999969,61.657208345000072,0.0],[-148.996787351999984,61.657211443000051,0.0],[-148.996792021999966,61.653598910000028,0.0]]]]}},
{"type":"Feature","properties":{"OBJECTID":90826,"ParcelType":2,"P_ID":26664,"ACCOUNT":"18N03E18A002","TAXID_LOKI":"118N03E18A002","ACRES":9.87802239,"TAXACRE":9.49,"ORIGACRE":9.49,"FTYPE":"PARCEL","GENOWN":"NATIVE CORP","BUYLEASE":"N","OWNER_1":"CHICKALOON MOOSE CRK NV A","NAME_2":"","MAILING_ADDRESS_LINE_A":"","MAILING_ADDRESS_LINE_B":"PO BOX 875046","MAILING_ADDRESS_CITY":"WASILLA","MAILING_ADDRESS_STATE":"AK","MAILING_ADDRESS_ZIP":"99687-5046","Buyer_Name":"","Buyer_Name_2":"","Buyer_Mailing_Address_A":"","Buyer_Mailing_Address_B":"","Buyer_Mailing_Address_City":"","Buyer_Mailing_Address_State":"","Buyer_Mailing_Address_Zip":"","MERIDIAN":"S","TWP_NUM":"18","TWP_NS":"N","RNG_NUM":"03","RNG_EW":"E","SECT_NUM":"18","GRIDNAME":"PA","GRIDNUM":"02","LANDVALUE":21900.0,"LANDASSD":0.0,"BLDGVALUE":0.0,"BLDGASSD":0.0,"GENAREA":"3654","NBHD":"A1N10","TAXZONE":"0025","CITY":"","COMMCOUN":"15","FSA":"900","RSA":"019","SSA_1":"","SSA_2":"","ESN":23,"ECN":14,"ASSMBDISTRICT":"1","VOTINGPRCNT":"25-315","DFIRM":null,"SPUD":null,"SUBDNUM":0,"LEGAL":"TOWNSHIP 18N RANGE 3E              SECTION 18 LOT A2","DOC1_DATE":null,"DOC1_TYPE":"","DOC1_RCRD":"","DOC2_DATE":null,"DOC2_TYPE":"","DOC2_RCRD":"","LANDUSE":"","RESUNIT":0.0,"MHUNIT":0.0,"DUPLEXUNIT":0.0,"MULTIUNIT":0.0,"GQUNIT":0.0,"MH_PK_UNIT":0.0,"BLDG_USE1":"","BLDG_USE2":"","BLDG_USE3":"","BLDG_USE4":"","BLDG_USE5":"","BLDG_USE6":"","Photo":"https://ecommerce.matsugov.us/assessment/Pages/Photos.aspx?isDLG=1&P_ID=26664","GlobalID":"{BE111B03-B6F5-499D-A606-85F77534185C}","Shape_Length":0.019051526499804228,"Shape_Area":6.7709790448401659e-06},"geometry":{"type":"MultiPolygon","coordinates":[[[[-148.974722011999972,61.65648415000004,0.0],[-148.982391811999975,61.656496904000051,0.0],[-148.982337420999983,61.657271016000038,0.0],[-148.980026101999982,61.657280404000062,0.0],[-148.976176144999982,61.657295953000073,0.0],[-148.973692541999981,61.657305928000028,0.0],[-148.973318745999961,61.657084559000054,0.0],[-148.974722011999972,61.65648415000004,0.0]]]]}},
{"type":"Feature","properties":{"OBJECTID":90827,"ParcelType":2,"P_ID":70206,"ACCOUNT":"18N03E18A001","TAXID_LOKI":"118N03E18A001","ACRES":0.14401549,"TAXACRE":0.13,"ORIGACRE":0.13,"FTYPE":"PARCEL","GENOWN":"PRIVATE","BUYLEASE":"N","OWNER_1":"PRINCE SEAN LEAL","NAME_2":"","MAILING_ADDRESS_LINE_A":"","MAILING_ADDRESS_LINE_B":"18108  TONSINA CT ","MAILING_ADDRESS_CITY":"EAGLE RIVER","MAILING_ADDRESS_STATE":"AK","MAILING_ADDRESS_ZIP":"99577-8257","Buyer_Name":"","Buyer_Name_2":"","Buyer_Mailing_Address_A":"","Buyer_Mailing_Address_B":"","Buyer_Mailing_Address_City":"","Buyer_Mailing_Address_State":"","Buyer_Mailing_Address_Zip":"","MERIDIAN":"S","TWP_NUM":"18","TWP_NS":"N","RNG_NUM":"03","RNG_EW":"E","SECT_NUM":"18","GRIDNAME":"PA","GRIDNUM":"02","LANDVALUE":600.0,"LANDASSD":600.0,"BLDGVALUE":0.0,"BLDGASSD":0.0,"GENAREA":"3654","NBHD":"A1N10","TAXZONE":"0025","CITY":"","COMMCOUN":"15","FSA":"900","RSA":"019","SSA_1":"","SSA_2":"","ESN":23,"ECN":14,"ASSMBDISTRICT":"1","VOTINGPRCNT":"25-315","DFIRM":null,"SPUD":null,"SUBDNUM":0,"LEGAL":"TOWNSHIP 18N RANGE 3E              SECTION 18 LOT A1","DOC1_DATE":"2013-10-31T00:00:00Z","DOC1_TYPE":"WARRANTY DEED (ALL TYPES)","DOC1_RCRD":"Palmer-Bk  Pg ","DOC2_DATE":"1988-08-02T00:00:00Z","DOC2_TYPE":"QUITCLAIM DEED (ALL TYPE)","DOC2_RCRD":"Palmer-Bk 556 Pg 581","LANDUSE":"","RESUNIT":0.0,"MHUNIT":0.0,"DUPLEXUNIT":0.0,"MULTIUNIT":0.0,"GQUNIT":0.0,"MH_PK_UNIT":0.0,"BLDG_USE1":"","BLDG_USE2":"","BLDG_USE3":"","BLDG_USE4":"","BLDG_USE5":"","BLDG_USE6":"","Photo":"https://ecommerce.matsugov.us/assessment/Pages/Photos.aspx?isDLG=1&P_ID=70206","GlobalID":"{3A8E6358-BC7A-46FB-92B0-47B6878061D0}","Shape_Length":0.0018795885345311691,"Shape_Area":9.8714375576823935e-08},"geometry":{"type":"MultiPolygon","coordinates":[[[[-148.972806675999976,61.657309474000044,0.0],[-148.973318745999961,61.657084559000054,0.0],[-148.973692541999981,61.657305928000028,0.0],[-148.972806675999976,61.657309474000044,0.0]]]]}},
{"type":"Feature","properties":{"OBJECTID":90828,"ParcelType":2,"P_ID":4107,"ACCOUNT":"18N03E18B001","TAXID_LOKI":"118N03E18B001","ACRES":615.73815735000005,"TAXACRE":599.98,"ORIGACRE":599.98,"FTYPE":"PARCEL","GENOWN":"NATIVE CORP","BUYLEASE":"N","OWNER_1":"CHICKALOON MOOSE CRK NV A","NAME_2":"","MAILING_ADDRESS_LINE_A":"","MAILING_ADDRESS_LINE_B":"PO BOX 875046","MAILING_ADDRESS_CITY":"WASILLA","MAILING_ADDRESS_STATE":"AK","MAILING_ADDRESS_ZIP":"99687-5046","Buyer_Name":"","Buyer_Name_2":"","Buyer_Mailing_Address_A":"","Buyer_Mailing_Address_B":"","Buyer_Mailing_Address_City":"","Buyer_Mailing_Address_State":"","Buyer_Mailing_Address_Zip":"","MERIDIAN":"S","TWP_NUM":"18","TWP_NS":"N","RNG_NUM":"03","RNG_EW":"E","SECT_NUM":"18","GRIDNAME":"PA","GRIDNUM":"02","LANDVALUE":276000.0,"LANDASSD":0.0,"BLDGVALUE":0.0,"BLDGASSD":0.0,"GENAREA":"3654","NBHD":"A1N10","TAXZONE":"0025","CITY":"","COMMCOUN":"15","FSA":"900","RSA":"019","SSA_1":"","SSA_2":"","ESN":23,"ECN":14,"ASSMBDISTRICT":"1","VOTINGPRCNT":"25-315","DFIRM":null,"SPUD":null,"SUBDNUM":0,"LEGAL":"TOWNSHIP 18N RANGE 3E              SECTION 18 LOT B1","DOC1_DATE":null,"DOC1_TYPE":"","DOC1_RCRD":"","DOC2_DATE":null,"DOC2_TYPE":"","DOC2_RCRD":"","LANDUSE":"","RESUNIT":0.0,"MHUNIT":0.0,"DUPLEXUNIT":0.0,"MULTIUNIT":0.0,"GQUNIT":0.0,"MH_PK_UNIT":0.0,"BLDG_USE1":"","BLDG_USE2":"","BLDG_USE3":"","BLDG_USE4":"","BLDG_USE5":"","BLDG_USE6":"","Photo":"https://ecommerce.matsugov.us/assessment/Pages/Photos.aspx?isDLG=1&P_ID=4107","GlobalID":"{638EAFFB-80B7-48CA-A49C-7D7759C6FE01}","Shape_Length":0.089259153427928992,"Shape_Area":0.00042197030086767694},"geometry":{"type":"MultiPolygon","coordinates":[[[[-148.967150400999969,61.657331984000052,0.0],[-148.967080003999968,61.64289092100006,0.0],[-148.996806005999957,61.642757647000053,0.0],[-148.996796687999961,61.64998515800005,0.0],[-148.996792021999966,61.653598910000028,0.0],[-148.996787351999984,61.657211443000051,0.0],[-148.993291775999978,61.657225994000044,0.0],[-148.99160170899998,61.65723299800004,0.0],[-148.989930912999966,61.657239901000082,0.0],[-148.986204029999982,61.657255225000029,0.0],[-148.982337420999983,61.657271016000038,0.0],[-148.982391811999975,61.656496904000051,0.0],[-148.974722011999972,61.65648415000004,0.0],[-148.973318745999961,61.657084559000054,0.0],[-148.972806675999976,61.657309474000044,0.0],[-148.967150400999969,61.657331984000052,0.0]]]]}},
{"type":"Feature","properties":{"OBJECTID":90830,"ParcelType":2,"P_ID":6108,"ACCOUNT":"18N03E17A001","TAXID_LOKI":"118N03E17A001","ACRES":639.89638492999995,"TAXACRE":640.0,"ORIGACRE":640.0,"FTYPE":"PARCEL","GENOWN":"NATIVE CORP","BUYLEASE":"N","OWNER_1":"CHICKALOON MOOSE CRK NV A","NAME_2":"","MAILING_ADDRESS_LINE_A":"","MAILING_ADDRESS_LINE_B":"PO BOX 875046","MAILING_ADDRESS_CITY":"WASILLA","MAILING_ADDRESS_STATE":"AK","MAILING_ADDRESS_ZIP":"99687-5046","Buyer_Name":"","Buyer_Name_2":"","Buyer_Mailing_Address_A":"","Buyer_Mailing_Address_B":"","Buyer_Mailing_Address_City":"","Buyer_Mailing_Address_State":"","Buyer_Mailing_Address_Zip":"","MERIDIAN":"S","TWP_NUM":"18","TWP_NS":"N","RNG_NUM":"03","RNG_EW":"E","SECT_NUM":"17","GRIDNAME":"PA","GRIDNUM":"02","LANDVALUE":294400.0,"LANDASSD":0.0,"BLDGVALUE":0.0,"BLDGASSD":0.0,"GENAREA":"3654","NBHD":"A1N10","TAXZONE":"0025","CITY":"","COMMCOUN":"15","FSA":"","RSA":"019","SSA_1":"","SSA_2":"","ESN":23,"ECN":14,"ASSMBDISTRICT":"1","VOTINGPRCNT":"25-315","DFIRM":null,"SPUD":null,"SUBDNUM":0,"LEGAL":"TOWNSHIP 18N RANGE 3E              SECTION 17 LOT A1","DOC1_DATE":null,"DOC1_TYPE":"","DOC1_RCRD":"","DOC2_DATE":null,"DOC2_TYPE":"","DOC2_RCRD":"","LANDUSE":"","RESUNIT":0.0,"MHUNIT":0.0,"DUPLEXUNIT":0.0,"MULTIUNIT":0.0,"GQUNIT":0.0,"MH_PK_UNIT":0.0,"BLDG_USE1":"","BLDG_USE2":"","BLDG_USE3":"","BLDG_USE4":"","BLDG_USE5":"","BLDG_USE6":"","Photo":"https://ecommerce.matsugov.us/assessment/Pages/Photos.aspx?isDLG=1&P_ID=6108","GlobalID":"{7B389166-8FA0-4BC8-88C6-E781A406C01E}","Shape_Length":0.0896135506915538,"Shape_Area":0.00043851069611858354},"geometry":{"type":"MultiPolygon","coordinates":[[[[-148.951900342999977,61.642892024000048,0.0],[-148.967080003999968,61.64289092100006,0.0],[-148.967150400999969,61.657331984000052,0.0],[-148.951826761999968,61.657333059000052,0.0],[-148.936777654999958,61.657332446000055,0.0],[-148.936721544999983,61.642891444000043,0.0],[-148.951900342999977,61.642892024000048,0.0]]]]}},
{"type":"Feature","properties":{"OBJECTID":90836,"ParcelType":2,"P_ID":47682,"ACCOUNT":"18N03E07D010","TAXID_LOKI":"118N03E07D010","ACRES":3.98335992,"TAXACRE":4.18,"ORIGACRE":4.18,"FTYPE":"PARCEL","GENOWN":"PRIVATE","BUYLEASE":"N","OWNER_1":"BETHKA RICHARD J","NAME_2":"BETHKA RUTH S","MAILING_ADDRESS_LINE_A":"","MAILING_ADDRESS_LINE_B":"3922  DEBORAH LN ","MAILING_ADDRESS_CITY":"ANCHORAGE","MAILING_ADDRESS_STATE":"AK","MAILING_ADDRESS_ZIP":"99504-4607","Buyer_Name":"","Buyer_Name_2":"","Buyer_Mailing_Address_A":"","Buyer_Mailing_Address_B":"","Buyer_Mailing_Address_City":"","Buyer_Mailing_Address_State":"","Buyer_Mailing_Address_Zip":"","MERIDIAN":"S","TWP_NUM":"18","TWP_NS":"N","RNG_NUM":"03","RNG_EW":"E","SECT_NUM":"07","GRIDNAME":"PA","GRIDNUM":"02","LANDVALUE":45700.0,"LANDASSD":45700.0,"BLDGVALUE":22300.0,"BLDGASSD":22300.0,"GENAREA":"3654","NBHD":"A1N10","TAXZONE":"0025","CITY":"","COMMCOUN":"15","FSA":"900","RSA":"019","SSA_1":"","SSA_2":"","ESN":23,"ECN":14,"ASSMBDISTRICT":"1","VOTINGPRCNT":"25-315","DFIRM":null,"SPUD":null,"SUBDNUM":0,"LEGAL":"TOWNSHIP 18N RANGE 3E              SECTION 7 LOT D10","DOC1_DATE":"2012-11-02T00:00:00Z","DOC1_TYPE":"QUITCLAIM DEED (ALL TYPE)","DOC1_RCRD":"Palmer-Bk  Pg ","DOC2_DATE":"2012-02-22T00:00:00Z","DOC2_TYPE":"QUITCLAIM DEED (ALL TYPE)","DOC2_RCRD":"Palmer-Bk  Pg ","LANDUSE":"","RESUNIT":3.0,"MHUNIT":0.0,"DUPLEXUNIT":0.0,"MULTIUNIT":0.0,"GQUNIT":0.0,"MH_PK_UNIT":0.0,"BLDG_USE1":"1100","BLDG_USE2":"","BLDG_USE3":"","BLDG_USE4":"","BLDG_USE5":"","BLDG_USE6":"","Photo":"https://ecommerce.matsugov.us/assessment/Pages/Photos.aspx?isDLG=1&P_ID=47682","GlobalID":"{9E2F6BC7-3592-41F0-8FB0-CDB997C8ECBA}","Shape_Length":0.0088515812176334242,"Shape_Area":2.7304329525539039e-06},"geometry":{"type":"MultiPolygon","coordinates":[[[[-148.979490433999956,61.658297357000038,0.0],[-148.977355946999978,61.657956241000079,0.0],[-148.97730655899997,61.657969829000081,0.0],[-148.976176144999982,61.657295953000073,0.0],[-148.980026101999982,61.657280404000062,0.0],[-148.980026557999963,61.658209968000051,0.0],[-148.979490433999956,61.658297357000038,0.0]]]]}},
{"type":"Feature","properties":{"OBJECTID":90838,"ParcelType":2,"P_ID":15067,"ACCOUNT":"18N03E07D011","TAXID_LOKI":"118N03E07D011","ACRES":3.28762945,"TAXACRE":3.32,"ORIGACRE":3.32,"FTYPE":"PARCEL","GENOWN":"PRIVATE","BUYLEASE":"N","OWNER_1":"OHMAN LIVING TR","NAME_2":"BERBERICH GREGORY V","MAILING_ADDRESS_LINE_A":"","MAILING_ADDRESS_LINE_B":"1200 S JEWEL ST ","MAILING_ADDRESS_CITY":"PALMER","MAILING_ADDRESS_STATE":"AK","MAILING_ADDRESS_ZIP":"99645","Buyer_Name":"","Buyer_Name_2":"","Buyer_Mailing_Address_A":"","Buyer_Mailing_Address_B":"","Buyer_Mailing_Address_City":"","Buyer_Mailing_Address_State":"","Buyer_Mailing_Address_Zip":"","MERIDIAN":"S","TWP_NUM":"18","TWP_NS":"N","RNG_NUM":"03","RNG_EW":"E","SECT_NUM":"07","GRIDNAME":"PA","GRIDNUM":"02","LANDVALUE":34300.0,"LANDASSD":34300.0,"BLDGVALUE":30600.0,"BLDGASSD":30600.0,"GENAREA":"3654","NBHD":"A1N10","TAXZONE":"0025","CITY":"","COMMCOUN":"15","FSA":"900","RSA":"019","SSA_1":"","SSA_2":"","ESN":23,"ECN":14,"ASSMBDISTRICT":"1","VOTINGPRCNT":"25-315","DFIRM":null,"SPUD":null,"SUBDNUM":0,"LEGAL":"TOWNSHIP 18N RANGE 3E              SECTION 7 LOT D11","DOC1_DATE":"2010-12-13T00:00:00Z","DOC1_TYPE":"QUITCLAIM DEED (ALL TYPE)","DOC1_RCRD":"Palmer-Bk  Pg ","DOC2_DATE":"1997-12-02T00:00:00Z","DOC2_TYPE":"QUITCLAIM DEED (ALL TYPE)","DOC2_RCRD":"Palmer-Bk 924 Pg 794","LANDUSE":"","RESUNIT":1.0,"MHUNIT":0.0,"DUPLEXUNIT":0.0,"MULTIUNIT":0.0,"GQUNIT":0.0,"MH_PK_UNIT":0.0,"BLDG_USE1":"1100","BLDG_USE2":"","BLDG_USE3":"","BLDG_USE4":"","BLDG_USE5":"","BLDG_USE6":"","Photo":"https://ecommerce.matsugov.us/assessment/Pages/Photos.aspx?isDLG=1&P_ID=15067","GlobalID":"{DB1E4774-86E0-484E-B144-557413E03B4F}","Shape_Length":0.0077869464691244679,"Shape_Area":2.2535124357107115e-06},"geometry":{"type":"MultiPolygon","coordinates":[[[[-148.973692541999981,61.657305928000028,0.0],[-148.976176144999982,61.657295953000073,0.0],[-148.97730655899997,61.657969829000081,0.0],[-148.975604861999983,61.658438103000037,0.0],[-148.973692541999981,61.657305928000028,0.0]]]]}},
{"type":"Feature","properties":{"OBJECTID":90842,"ParcelType":2,"P_ID":48184,"ACCOUNT":"18N03E07C006","TAXID_LOKI":"118N03E07C006","ACRES":9.85607354,"TAXACRE":10.0,"ORIGACRE":10.0,"FTYPE":"PARCEL","GENOWN":"PRIVATE","BUYLEASE":"N","OWNER_1":"JONES CARL L","NAME_2":"","MAILING_ADDRESS_LINE_A":"","MAILING_ADDRESS_LINE_B":"6760 N DEWACHEN CIR ","MAILING_ADDRESS_CITY":"PALMER","MAILING_ADDRESS_STATE":"AK","MAILING_ADDRESS_ZIP":"99645-8788","Buyer_Name":"","Buyer_Name_2":"","Buyer_Mailing_Address_A":"","Buyer_Mailing_Address_B":"","Buyer_Mailing_Address_City":"","Buyer_Mailing_Address_State":"","Buyer_Mailing_Address_Zip":"","MERIDIAN":"S","TWP_NUM":"18","TWP_NS":"N","RNG_NUM":"03","RNG_EW":"E","SECT_NUM":"18","GRIDNAME":"PA","GRIDNUM":"02","LANDVALUE":51800.0,"LANDASSD":51800.0,"BLDGVALUE":616700.0,"BLDGASSD":616700.0,"GENAREA":"3654","NBHD":"A1N10","TAXZONE":"0026","CITY":"","COMMCOUN":"15","FSA":"132","RSA":"019","SSA_1":"","SSA_2":"","ESN":24,"ECN":14,"ASSMBDISTRICT":"1","VOTINGPRCNT":"25-315","DFIRM":null,"SPUD":null,"SUBDNUM":0,"LEGAL":"TOWNSHIP 18N RANGE 3E              SECTION 7 LOT C6","DOC1_DATE":"2023-08-07T00:00:00Z","DOC1_TYPE":"QUITCLAIM DEED (ALL TYPE)","DOC1_RCRD":"Palmer-Bk  Pg ","DOC2_DATE":"2009-04-27T00:00:00Z","DOC2_TYPE":"WARRANTY DEED (ALL TYPES)","DOC2_RCRD":"Palmer-Bk  Pg ","LANDUSE":"","RESUNIT":1.0,"MHUNIT":0.0,"DUPLEXUNIT":2.0,"MULTIUNIT":0.0,"GQUNIT":0.0,"MH_PK_UNIT":0.0,"BLDG_USE1":"1100","BLDG_USE2":"1110","BLDG_USE3":"1130","BLDG_USE4":"","BLDG_USE5":"","BLDG_USE6":"","Photo":"https://ecommerce.matsugov.us/assessment/Pages/Photos.aspx?isDLG=1&P_ID=48184","GlobalID":"{F7C45E3D-3B2D-424B-9F67-75AEBFC0A53A}","Shape_Length":0.011092676396208024,"Shape_Area":6.7559880174805017e-06},"geometry":{"type":"MultiPolygon","coordinates":[[[[-148.986204029999982,61.657255225000029,0.0],[-148.989930912999966,61.657239901000082,0.0],[-148.989967729999961,61.659046363000073,0.0],[-148.986215439999967,61.659061792000045,0.0],[-148.986204029999982,61.657255225000029,0.0]]]]}},
{"type":"Feature","properties":{"OBJECTID":90843,"ParcelType":2,"P_ID":31129,"ACCOUNT":"18N03E07D012","TAXID_LOKI":"118N03E07D012","ACRES":4.64848319,"TAXACRE":4.7,"ORIGACRE":4.7,"FTYPE":"PARCEL","GENOWN":"PRIVATE","BUYLEASE":"N","OWNER_1":"PRINCE SEAN LEAL","NAME_2":"","MAILING_ADDRESS_LINE_A":"","MAILING_ADDRESS_LINE_B":"18108  TONSINA CT ","MAILING_ADDRESS_CITY":"EAGLE RIVER","MAILING_ADDRESS_STATE":"AK","MAILING_ADDRESS_ZIP":"99577-8257","Buyer_Name":"","Buyer_Name_2":"","Buyer_Mailing_Address_A":"","Buyer_Mailing_Address_B":"","Buyer_Mailing_Address_City":"","Buyer_Mailing_Address_State":"","Buyer_Mailing_Address_Zip":"","MERIDIAN":"S","TWP_NUM":"18","TWP_NS":"N","RNG_NUM":"03","RNG_EW":"E","SECT_NUM":"07","GRIDNAME":"PA","GRIDNUM":"02","LANDVALUE":35400.0,"LANDASSD":35400.0,"BLDGVALUE":24300.0,"BLDGASSD":24300.0,"GENAREA":"3654","NBHD":"A1N10","TAXZONE":"0025","CITY":"","COMMCOUN":"15","FSA":"900","RSA":"019","SSA_1":"","SSA_2":"","ESN":23,"ECN":14,"ASSMBDISTRICT":"1","VOTINGPRCNT":"25-315","DFIRM":null,"SPUD":null,"SUBDNUM":0,"LEGAL":"TOWNSHIP 18N RANGE 3E              SECTION 7 LOT D12","DOC1_DATE":"2013-10-31T00:00:00Z","DOC1_TYPE":"WARRANTY DEED (ALL TYPES)","DOC1_RCRD":"Palmer-Bk  Pg ","DOC2_DATE":"1988-08-02T00:00:00Z","DOC2_TYPE":"QUITCLAIM DEED (ALL TYPE)","DOC2_RCRD":"Palmer-Bk 556 Pg 581","LANDUSE":"","RESUNIT":1.0,"MHUNIT":0.0,"DUPLEXUNIT":0.0,"MULTIUNIT":0.0,"GQUNIT":0.0,"MH_PK_UNIT":0.0,"BLDG_USE1":"1100","BLDG_USE2":"","BLDG_USE3":"","BLDG_USE4":"","BLDG_USE5":"","BLDG_USE6":"","Photo":"https://ecommerce.matsugov.us/assessment/Pages/Photos.aspx?isDLG=1&P_ID=31129","GlobalID":"{FC8286F6-A248-452E-9AF9-5045F01CD2F0}","Shape_Length":0.0083207114612529193,"Shape_Area":3.1863467861245587e-06},"geometry":{"type":"MultiPolygon","coordinates":[[[[-148.972806675999976,61.657309474000044,0.0],[-148.973692541999981,61.657305928000028,0.0],[-148.975604861999983,61.658438103000037,0.0],[-148.975572199999959,61.658447094000053,0.0],[-148.975190948999966,61.658645744000069,0.0],[-148.974314237999977,61.658888743000034,0.0],[-148.974072829999983,61.658995828000059,0.0],[-148.971870670999976,61.657661584000039,0.0],[-148.972806675999976,61.657309474000044,0.0]]]]}},
{"type":"Feature","properties":{"OBJECTID":90844,"ParcelType":2,"P_ID":65387,"ACCOUNT":"18N03E07D017","TAXID_LOKI":"118N03E07D017","ACRES":5.92134021,"TAXACRE":6.26,"ORIGACRE":6.26,"FTYPE":"PARCEL","GENOWN":"MENTAL HEALTH","BUYLEASE":"N","OWNER_1":"ALASKA STATE OF","NAME_2":"AK MENTAL HEALTH TR AUTH","MAILING_ADDRESS_LINE_A":"STE 201","MAILING_ADDRESS_LINE_B":"2600  CORDOVA ST ","MAILING_ADDRESS_CITY":"ANCHORAGE","MAILING_ADDRESS_STATE":"AK","MAILING_ADDRESS_ZIP":"99503-2745","Buyer_Name":"","Buyer_Name_2":"","Buyer_Mailing_Address_A":"","Buyer_Mailing_Address_B":"","Buyer_Mailing_Address_City":"","Buyer_Mailing_Address_State":"","Buyer_Mailing_Address_Zip":"","MERIDIAN":"S","TWP_NUM":"18","TWP_NS":"N","RNG_NUM":"03","RNG_EW":"E","SECT_NUM":"18","GRIDNAME":"PA","GRIDNUM":"02","LANDVALUE":60500.0,"LANDASSD":0.0,"BLDGVALUE":0.0,"BLDGASSD":0.0,"GENAREA":"3654","NBHD":"A1N10","TAXZONE":"0026","CITY":"","COMMCOUN":"15","FSA":"132","RSA":"019","SSA_1":"","SSA_2":"","ESN":24,"ECN":14,"ASSMBDISTRICT":"1","VOTINGPRCNT":"25-315","DFIRM":null,"SPUD":null,"SUBDNUM":0,"LEGAL":"TOWNSHIP 18N RANGE 3E              SECTION 7 LOT D17","DOC1_DATE":"2020-08-07T00:00:00Z","DOC1_TYPE":"WARRANTY DEED (ALL TYPES)","DOC1_RCRD":"Palmer-Bk  Pg ","DOC2_DATE":"1996-09-25T00:00:00Z","DOC2_TYPE":"QUITCLAIM DEED (ALL TYPE)","DOC2_RCRD":"Palmer-Bk 866 Pg 740","LANDUSE":"","RESUNIT":0.0,"MHUNIT":0.0,"DUPLEXUNIT":0.0,"MULTIUNIT":0.0,"GQUNIT":0.0,"MH_PK_UNIT":0.0,"BLDG_USE1":"","BLDG_USE2":"","BLDG_USE3":"","BLDG_USE4":"","BLDG_USE5":"","BLDG_USE6":"","Photo":"https://ecommerce.matsugov.us/assessment/Pages/Photos.aspx?isDLG=1&P_ID=65387","GlobalID":"{BDC76707-B080-446E-BA4E-C083BD7DC87E}","Shape_Length":0.0082679544261227613,"Shape_Area":4.0588683985669057e-06},"geometry":{"type":"MultiPolygon","coordinates":[[[[-148.979996256999982,61.658564549000062,0.0],[-148.980212390999981,61.658179676000032,0.0],[-148.980026557999963,61.658209968000051,0.0],[-148.980026101999982,61.657280404000062,0.0],[-148.982337420999983,61.657271016000038,0.0],[-148.982358582999979,61.658676177000075,0.0],[-148.982364680999979,61.659081154000035,0.0],[-148.980508942999961,61.659085999000069,0.0],[-148.979996256999982,61.658564549000062,0.0]]]]}},
{"type":"Feature","properties":{"OBJECTID":90845,"ParcelType":2,"P_ID":505904,"ACCOUNT":"18N03E07C023","TAXID_LOKI":"118N03E07C023","ACRES":7.4235766,"TAXACRE":7.26,"ORIGACRE":7.26,"FTYPE":"PARCEL","GENOWN":"PRIVATE","BUYLEASE":"N","OWNER_1":"ESLINGER JASON P","NAME_2":"","MAILING_ADDRESS_LINE_A":"","MAILING_ADDRESS_LINE_B":"6751 N DEWACHEN CIR ","MAILING_ADDRESS_CITY":"PALMER","MAILING_ADDRESS_STATE":"AK","MAILING_ADDRESS_ZIP":"99645-8788","Buyer_Name":"","Buyer_Name_2":"","Buyer_Mailing_Address_A":"","Buyer_Mailing_Address_B":"","Buyer_Mailing_Address_City":"","Buyer_Mailing_Address_State":"","Buyer_Mailing_Address_Zip":"","MERIDIAN":"S","TWP_NUM":"18","TWP_NS":"N","RNG_NUM":"03","RNG_EW":"E","SECT_NUM":"18","GRIDNAME":"PA","GRIDNUM":"02","LANDVALUE":39000.0,"LANDASSD":0.0,"BLDGVALUE":403000.0,"BLDGASSD":156741.0,"GENAREA":"3654","NBHD":"A1N10","TAXZONE":"0026","CITY":"","COMMCOUN":"15","FSA":"132","RSA":"019","SSA_1":"","SSA_2":"","ESN":24,"ECN":14,"ASSMBDISTRICT":"1","VOTINGPRCNT":"25-315","DFIRM":null,"SPUD":null,"SUBDNUM":0,"LEGAL":"TOWNSHIP 18N RANGE 3E              SECTION 7 LOT C23","DOC1_DATE":"2015-05-19T00:00:00Z","DOC1_TYPE":"WARRANTY DEED (ALL TYPES)","DOC1_RCRD":"Palmer-Bk  Pg ","DOC2_DATE":"2011-11-01T00:00:00Z","DOC2_TYPE":"WARRANTY DEED (ALL TYPES)","DOC2_RCRD":"Palmer-Bk  Pg ","LANDUSE":"","RESUNIT":2.0,"MHUNIT":0.0,"DUPLEXUNIT":0.0,"MULTIUNIT":0.0,"GQUNIT":0.0,"MH_PK_UNIT":0.0,"BLDG_USE1":"1100","BLDG_USE2":"","BLDG_USE3":"","BLDG_USE4":"","BLDG_USE5":"","BLDG_USE6":"","Photo":"https://ecommerce.matsugov.us/assessment/Pages/Photos.aspx?isDLG=1&P_ID=505904","GlobalID":"{24D0554F-753B-4877-A130-B269BDE6162B}","Shape_Length":0.011597089355846883,"Shape_Area":5.0885693162672786e-06},"geometry":{"type":"MultiPolygon","coordinates":[[[[-148.986156671999964,61.659236110000052,0.0],[-148.985639569999961,61.658389765000038,0.0],[-148.982358582999979,61.658676177000075,0.0],[-148.982337420999983,61.657271016000038,0.0],[-148.986204029999982,61.657255225000029,0.0],[-148.986215439999967,61.659061792000045,0.0],[-148.986215799999968,61.659235910000064,0.0],[-148.986156671999964,61.659236110000052,0.0]]]]}},
{"type":"Feature","properties":{"OBJECTID":90847,"ParcelType":2,"P_ID":23753,"ACCOUNT":"18N03E07D016","TAXID_LOKI":"118N03E07D016","ACRES":8.70732269,"TAXACRE":8.59,"ORIGACRE":8.59,"FTYPE":"PARCEL","GENOWN":"BOROUGH","BUYLEASE":"N","OWNER_1":"MATANUSKA-SUSITNA BOROUGH","NAME_2":"","MAILING_ADDRESS_LINE_A":"","MAILING_ADDRESS_LINE_B":"350 E DAHLIA AVE ","MAILING_ADDRESS_CITY":"PALMER","MAILING_ADDRESS_STATE":"AK","MAILING_ADDRESS_ZIP":"99645-6488","Buyer_Name":"","Buyer_Name_2":"","Buyer_Mailing_Address_A":"","Buyer_Mailing_Address_B":"","Buyer_Mailing_Address_City":"","Buyer_Mailing_Address_State":"","Buyer_Mailing_Address_Zip":"","MERIDIAN":"S","TWP_NUM":"18","TWP_NS":"N","RNG_NUM":"03","RNG_EW":"E","SECT_NUM":"07","GRIDNAME":"PA","GRIDNUM":"02","LANDVALUE":27100.0,"LANDASSD":0.0,"BLDGVALUE":0.0,"BLDGASSD":0.0,"GENAREA":"3654","NBHD":"A1N10","TAXZONE":"0025","CITY":"","COMMCOUN":"15","FSA":"","RSA":"019","SSA_1":"","SSA_2":"","ESN":23,"ECN":14,"ASSMBDISTRICT":"1","VOTINGPRCNT":"25-315","DFIRM":null,"SPUD":null,"SUBDNUM":0,"LEGAL":"TOWNSHIP 18N RANGE 3E              SECTION 7 LOT D16","DOC1_DATE":null,"DOC1_TYPE":"","DOC1_RCRD":"","DOC2_DATE":null,"DOC2_TYPE":"","DOC2_RCRD":"","LANDUSE":"","RESUNIT":0.0,"MHUNIT":0.0,"DUPLEXUNIT":0.0,"MULTIUNIT":0.0,"GQUNIT":0.0,"MH_PK_UNIT":0.0,"BLDG_USE1":"","BLDG_USE2":"","BLDG_USE3":"","BLDG_USE4":"","BLDG_USE5":"","BLDG_USE6":"","Photo":"https://ecommerce.matsugov.us/assessment/Pages/Photos.aspx?isDLG=1&P_ID=23753","GlobalID":"{6CDE5026-31B9-4412-9CAE-39C90BD9A521}","Shape_Length":0.013702461515974743,"Shape_Area":5.9686197936852683e-06},"geometry":{"type":"MultiPolygon","coordinates":[[[[-148.967150400999969,61.657331984000052,0.0],[-148.972806675999976,61.657309474000044,0.0],[-148.971870670999976,61.657661584000039,0.0],[-148.970345913999978,61.658246557000041,0.0],[-148.968835103999965,61.658831329000066,0.0],[-148.96816307399996,61.659083571000053,0.0],[-148.967182250999969,61.659381733000032,0.0],[-148.967150400999969,61.657331984000052,0.0]]]]}},
{"type":"Feature","properties":{"OBJECTID":90848,"ParcelType":5,"P_ID":201361,"ACCOUNT":"18N03E07D013_S","TAXID_LOKI":"118N03E07D013_S","ACRES":4.91778175,"TAXACRE":0.0,"ORIGACRE":0.0,"FTYPE":"SURVEYED","GENOWN":"NO DATA","BUYLEASE":"N","OWNER_1":"","NAME_2":"","MAILING_ADDRESS_LINE_A":"","MAILING_ADDRESS_LINE_B":"","MAILING_ADDRESS_CITY":"","MAILING_ADDRESS_STATE":"","MAILING_ADDRESS_ZIP":"","Buyer_Name":"","Buyer_Name_2":"","Buyer_Mailing_Address_A":"","Buyer_Mailing_Address_B":"","Buyer_Mailing_Address_City":"","Buyer_Mailing_Address_State":"","Buyer_Mailing_Address_Zip":"","MERIDIAN":"S","TWP_NUM":"18","TWP_NS":"N","RNG_NUM":"03","RNG_EW":"E","SECT_NUM":"07","GRIDNAME":"PA","GRIDNUM":"02","LANDVALUE":0.0,"LANDASSD":0.0,"BLDGVALUE":0.0,"BLDGASSD":0.0,"GENAREA":"0","NBHD":"","TAXZONE":"","CITY":"","COMMCOUN":"15","FSA":"","RSA":"019","SSA_1":"","SSA_2":"","ESN":23,"ECN":14,"ASSMBDISTRICT":"1","VOTINGPRCNT":"25-315","DFIRM":null,"SPUD":null,"SUBDNUM":0,"LEGAL":"","DOC1_DATE":null,"DOC1_TYPE":"","DOC1_RCRD":"","DOC2_DATE":null,"DOC2_TYPE":"","DOC2_RCRD":"","LANDUSE":"","RESUNIT":0.0,"MHUNIT":0.0,"DUPLEXUNIT":0.0,"MULTIUNIT":0.0,"GQUNIT":0.0,"MH_PK_UNIT":0.0,"BLDG_USE1":"","BLDG_USE2":"","BLDG_USE3":"","BLDG_USE4":"","BLDG_USE5":"","BLDG_USE6":"","Photo":"https://ecommerce.matsugov.us/assessment/Pages/Photos.aspx?isDLG=1&P_ID=201361","GlobalID":"{D00A7AB5-8837-4A9D-AB3D-875FA0D66C8A}","Shape_Length":0.0084507701442370006,"Shape_Area":3.3710072033736453e-06},"geometry":{"type":"MultiPolygon","coordinates":[[[[-148.970345913999978,61.658246557000041,0.0],[-148.971870670999976,61.657661584000039,0.0],[-148.974072829999983,61.658995828000059,0.0],[-148.972650536999964,61.659627377000049,0.0],[-148.970345913999978,61.658246557000041,0.0]]]]}},
{"type":"Feature","properties":{"OBJECTID":90852,"ParcelType":2,"P_ID":37313,"ACCOUNT":"18N03E07C008","TAXID_LOKI":"118N03E07C008","ACRES":3.69300999,"TAXACRE":4.33,"ORIGACRE":4.33,"FTYPE":"PARCEL","GENOWN":"PRIVATE","BUYLEASE":"N","OWNER_1":"MOORE FAMILY TRUST","NAME_2":"MOORE KEVIN E & CELESTE N TRES","MAILING_ADDRESS_LINE_A":"","MAILING_ADDRESS_LINE_B":"6765 N DEWACHEN CIR ","MAILING_ADDRESS_CITY":"PALMER","MAILING_ADDRESS_STATE":"AK","MAILING_ADDRESS_ZIP":"99645","Buyer_Name":"","Buyer_Name_2":"","Buyer_Mailing_Address_A":"","Buyer_Mailing_Address_B":"","Buyer_Mailing_Address_City":"","Buyer_Mailing_Address_State":"","Buyer_Mailing_Address_Zip":"","MERIDIAN":"S","TWP_NUM":"18","TWP_NS":"N","RNG_NUM":"03","RNG_EW":"E","SECT_NUM":"07","GRIDNAME":"PA","GRIDNUM":"02","LANDVALUE":26100.0,"LANDASSD":26100.0,"BLDGVALUE":29100.0,"BLDGASSD":29100.0,"GENAREA":"3654","NBHD":"A1N10","TAXZONE":"0026","CITY":"","COMMCOUN":"15","FSA":"132","RSA":"019","SSA_1":"","SSA_2":"","ESN":24,"ECN":14,"ASSMBDISTRICT":"1","VOTINGPRCNT":"25-315","DFIRM":null,"SPUD":null,"SUBDNUM":0,"LEGAL":"TOWNSHIP 18N RANGE 3E              SECTION 7 LOT C8","DOC1_DATE":"2026-05-05T00:00:00Z","DOC1_TYPE":"QUITCLAIM DEED (ALL TYPE)","DOC1_RCRD":"Palmer-Bk  Pg ","DOC2_DATE":"2026-04-30T00:00:00Z","DOC2_TYPE":"QUITCLAIM DEED (ALL TYPE)","DOC2_RCRD":"Palmer-Bk  Pg ","LANDUSE":"","RESUNIT":1.0,"MHUNIT":0.0,"DUPLEXUNIT":0.0,"MULTIUNIT":0.0,"GQUNIT":0.0,"MH_PK_UNIT":0.0,"BLDG_USE1":"1100","BLDG_USE2":"","BLDG_USE3":"","BLDG_USE4":"","BLDG_USE5":"","BLDG_USE6":"","Photo":"https://ecommerce.matsugov.us/assessment/Pages/Photos.aspx?isDLG=1&P_ID=37313","GlobalID":"{5272ED0B-2071-4304-B1A2-571B85EF800F}","Shape_Length":0.009008699282344778,"Shape_Area":2.5322144390580358e-06},"geometry":{"type":"MultiPolygon","coordinates":[[[[-148.986218293999968,61.659604830000035,0.0],[-148.986215799999968,61.659235910000064,0.0],[-148.986215439999967,61.659061792000045,0.0],[-148.989967729999961,61.659046363000073,0.0],[-148.989988103999963,61.65996457600005,0.0],[-148.987436997999964,61.659619905000056,0.0],[-148.98723628099998,61.659601258000066,0.0],[-148.987033391999972,61.659589020000055,0.0],[-148.986829238999974,61.659583247000057,0.0],[-148.98662472999996,61.659583965000081,0.0],[-148.986420779999975,61.659591170000056,0.0],[-148.986218293999968,61.659604830000035,0.0]]]]}},
{"type":"Feature","properties":{"OBJECTID":90853,"ParcelType":2,"P_ID":50630,"ACCOUNT":"18N03E07D014","TAXID_LOKI":"118N03E07D014","ACRES":5.08838255,"TAXACRE":4.97,"ORIGACRE":4.97,"FTYPE":"PARCEL","GENOWN":"PRIVATE","BUYLEASE":"N","OWNER_1":"LIVINGSTON BRADLEY & HANNA","NAME_2":"","MAILING_ADDRESS_LINE_A":"","MAILING_ADDRESS_LINE_B":"5479 N SANDALWOOD LN ","MAILING_ADDRESS_CITY":"PALMER","MAILING_ADDRESS_STATE":"AK","MAILING_ADDRESS_ZIP":"99645","Buyer_Name":"","Buyer_Name_2":"","Buyer_Mailing_Address_A":"","Buyer_Mailing_Address_B":"","Buyer_Mailing_Address_City":"","Buyer_Mailing_Address_State":"","Buyer_Mailing_Address_Zip":"","MERIDIAN":"S","TWP_NUM":"18","TWP_NS":"N","RNG_NUM":"03","RNG_EW":"E","SECT_NUM":"07","GRIDNAME":"PA","GRIDNUM":"02","LANDVALUE":40800.0,"LANDASSD":40800.0,"BLDGVALUE":27100.0,"BLDGASSD":27100.0,"GENAREA":"3654","NBHD":"A1N10","TAXZONE":"0025","CITY":"","COMMCOUN":"15","FSA":"900","RSA":"019","SSA_1":"","SSA_2":"","ESN":23,"ECN":14,"ASSMBDISTRICT":"1","VOTINGPRCNT":"25-315","DFIRM":null,"SPUD":null,"SUBDNUM":0,"LEGAL":"TOWNSHIP 18N RANGE 3E              SECTION 7 LOT D14","DOC1_DATE":"2015-08-19T00:00:00Z","DOC1_TYPE":"WARRANTY DEED (ALL TYPES)","DOC1_RCRD":"Palmer-Bk  Pg ","DOC2_DATE":"2015-04-10T00:00:00Z","DOC2_TYPE":"WARRANTY DEED (ALL TYPES)","DOC2_RCRD":"Palmer-Bk  Pg ","LANDUSE":"","RESUNIT":1.0,"MHUNIT":0.0,"DUPLEXUNIT":0.0,"MULTIUNIT":0.0,"GQUNIT":0.0,"MH_PK_UNIT":0.0,"BLDG_USE1":"1100","BLDG_USE2":"","BLDG_USE3":"","BLDG_USE4":"","BLDG_USE5":"","BLDG_USE6":"","Photo":"https://ecommerce.matsugov.us/assessment/Pages/Photos.aspx?isDLG=1&P_ID=50630","GlobalID":"{F20C23AE-549F-4EC7-957B-9AF7774FE4E5}","Shape_Length":0.0086501925011692356,"Shape_Area":3.4880176945494863e-06},"geometry":{"type":"MultiPolygon","coordinates":[[[[-148.968835103999965,61.658831329000066,0.0],[-148.970345913999978,61.658246557000041,0.0],[-148.972650536999964,61.659627377000049,0.0],[-148.971232942999961,61.660259999000061,0.0],[-148.968835103999965,61.658831329000066,0.0]]]]}},
{"type":"Feature","properties":{"OBJECTID":90855,"ParcelType":2,"P_ID":18296,"ACCOUNT":"18N03E07C007","TAXID_LOKI":"118N03E07C007","ACRES":5.35294014,"TAXACRE":5.67,"ORIGACRE":5.67,"FTYPE":"PARCEL","GENOWN":"PRIVATE","BUYLEASE":"N","OWNER_1":"LYNN LAWRENCE G JR & LORENE A","NAME_2":"","MAILING_ADDRESS_LINE_A":"","MAILING_ADDRESS_LINE_B":"10366 N WOLVERINE RD","MAILING_ADDRESS_CITY":"PALMER","MAILING_ADDRESS_STATE":"AK","MAILING_ADDRESS_ZIP":"99645-9503","Buyer_Name":"","Buyer_Name_2":"","Buyer_Mailing_Address_A":"","Buyer_Mailing_Address_B":"","Buyer_Mailing_Address_City":"","Buyer_Mailing_Address_State":"","Buyer_Mailing_Address_Zip":"","MERIDIAN":"S","TWP_NUM":"18","TWP_NS":"N","RNG_NUM":"03","RNG_EW":"E","SECT_NUM":"07","GRIDNAME":"PA","GRIDNUM":"02","LANDVALUE":35900.0,"LANDASSD":35900.0,"BLDGVALUE":360600.0,"BLDGASSD":360600.0,"GENAREA":"3654","NBHD":"A1N10","TAXZONE":"0026","CITY":"","COMMCOUN":"15","FSA":"132","RSA":"019","SSA_1":"","SSA_2":"","ESN":24,"ECN":14,"ASSMBDISTRICT":"1","VOTINGPRCNT":"25-315","DFIRM":null,"SPUD":null,"SUBDNUM":0,"LEGAL":"TOWNSHIP 18N RANGE 3E              SECTION 7 LOT C7","DOC1_DATE":"2020-09-28T00:00:00Z","DOC1_TYPE":"QUITCLAIM DEED (ALL TYPE)","DOC1_RCRD":"Palmer-Bk  Pg ","DOC2_DATE":"1995-04-19T00:00:00Z","DOC2_TYPE":"WARRANTY DEED (ALL TYPES)","DOC2_RCRD":"Palmer-Bk 802 Pg 72","LANDUSE":"","RESUNIT":2.0,"MHUNIT":0.0,"DUPLEXUNIT":0.0,"MULTIUNIT":0.0,"GQUNIT":0.0,"MH_PK_UNIT":0.0,"BLDG_USE1":"1100","BLDG_USE2":"","BLDG_USE3":"","BLDG_USE4":"","BLDG_USE5":"","BLDG_USE6":"","Photo":"https://ecommerce.matsugov.us/assessment/Pages/Photos.aspx?isDLG=1&P_ID=18296","GlobalID":"{50E6DD89-4144-4BD2-85F3-F73ED7728D8E}","Shape_Length":0.0094686510326499624,"Shape_Area":3.6691179426018231e-06},"geometry":{"type":"MultiPolygon","coordinates":[[[[-148.986158521999982,61.660342870000079,0.0],[-148.986149998999963,61.659778337000034,0.0],[-148.986314983999961,61.659764120000034,0.0],[-148.986481379999958,61.659754292000059,0.0],[-148.986648665999979,61.659748883000077,0.0],[-148.986781804999964,61.65974774600005,0.0],[-148.986914916999979,61.659749410000074,0.0],[-148.987056914999982,61.65975529800005,0.0],[-148.987198074999981,61.659764696000082,0.0],[-148.987338016999956,61.659777573000042,0.0],[-148.989975205999968,61.660133709000036,0.0],[-148.989986174999956,61.660850388000028,0.0],[-148.986166312999984,61.66085905500006,0.0],[-148.986158521999982,61.660342870000079,0.0]]]]}},
{"type":"Feature","properties":{"OBJECTID":90856,"ParcelType":2,"P_ID":505903,"ACCOUNT":"18N03E07C022","TAXID_LOKI":"118N03E07C022","ACRES":9.5489914,"TAXACRE":8.9,"ORIGACRE":9.42,"FTYPE":"PARCEL","GENOWN":"PRIVATE","BUYLEASE":"N","OWNER_1":"MOORE FAMILY TRUST","NAME_2":"MOORE KEVIN E & CELESTE N TRES","MAILING_ADDRESS_LINE_A":"","MAILING_ADDRESS_LINE_B":"6765 N DEWACHEN CIR ","MAILING_ADDRESS_CITY":"PALMER","MAILING_ADDRESS_STATE":"AK","MAILING_ADDRESS_ZIP":"99645","Buyer_Name":"","Buyer_Name_2":"","Buyer_Mailing_Address_A":"","Buyer_Mailing_Address_B":"","Buyer_Mailing_Address_City":"","Buyer_Mailing_Address_State":"","Buyer_Mailing_Address_Zip":"","MERIDIAN":"S","TWP_NUM":"18","TWP_NS":"N","RNG_NUM":"03","RNG_EW":"E","SECT_NUM":"07","GRIDNAME":"PA","GRIDNUM":"02","LANDVALUE":46100.0,"LANDASSD":0.0,"BLDGVALUE":374900.0,"BLDGASSD":135741.0,"GENAREA":"3654","NBHD":"A1N10","TAXZONE":"0026","CITY":"","COMMCOUN":"15","FSA":"132","RSA":"019","SSA_1":"","SSA_2":"","ESN":24,"ECN":14,"ASSMBDISTRICT":"1","VOTINGPRCNT":"25-315","DFIRM":null,"SPUD":null,"SUBDNUM":0,"LEGAL":"TOWNSHIP 18N RANGE 3E              SECTION 7 LOT C22","DOC1_DATE":"2026-05-05T00:00:00Z","DOC1_TYPE":"QUITCLAIM DEED (ALL TYPE)","DOC1_RCRD":"Palmer-Bk  Pg ","DOC2_DATE":"2026-04-30T00:00:00Z","DOC2_TYPE":"QUITCLAIM DEED (ALL TYPE)","DOC2_RCRD":"Palmer-Bk  Pg ","LANDUSE":"","RESUNIT":2.0,"MHUNIT":0.0,"DUPLEXUNIT":0.0,"MULTIUNIT":0.0,"GQUNIT":0.0,"MH_PK_UNIT":0.0,"BLDG_USE1":"1100","BLDG_USE2":"1110","BLDG_USE3":"","BLDG_USE4":"","BLDG_USE5":"","BLDG_USE6":"","Photo":"https://ecommerce.matsugov.us/assessment/Pages/Photos.aspx?isDLG=1&P_ID=505903","GlobalID":"{085C69B3-8553-487F-A3C1-D77FF421EEA8}","Shape_Length":0.011051464882926115,"Shape_Area":6.5467110457779774e-06},"geometry":{"type":"MultiPolygon","coordinates":[[[[-148.982364680999979,61.659081154000035,0.0],[-148.982358582999979,61.658676177000075,0.0],[-148.985639569999961,61.658389765000038,0.0],[-148.986156671999964,61.659236110000052,0.0],[-148.986215799999968,61.659235910000064,0.0],[-148.986218293999968,61.659604830000035,0.0],[-148.98621885999998,61.65968816000003,0.0],[-148.98602779899997,61.65970812900008,0.0],[-148.985840016999958,61.659734201000049,0.0],[-148.985656378999977,61.659766255000079,0.0],[-148.985477720999967,61.659804143000031,0.0],[-148.985304869999965,61.659847693000074,0.0],[-148.985138611999957,61.659896705000051,0.0],[-148.984979710999966,61.659950954000067,0.0],[-148.984828898999979,61.660010190000037,0.0],[-148.984686861999961,61.660074144000077,0.0],[-148.983037578999983,61.660865852000029,0.0],[-148.982391580999973,61.660867243000041,0.0],[-148.982364680999979,61.659081154000035,0.0]]]]}},
{"type":"Feature","properties":{"OBJECTID":90857,"ParcelType":2,"P_ID":59486,"ACCOUNT":"18N03E07D007","TAXID_LOKI":"118N03E07D007","ACRES":4.06345175,"TAXACRE":4.15,"ORIGACRE":4.15,"FTYPE":"PARCEL","GENOWN":"PRIVATE","BUYLEASE":"N","OWNER_1":"BRIGHAM CHARLES & ALLISON","NAME_2":"","MAILING_ADDRESS_LINE_A":"","MAILING_ADDRESS_LINE_B":"2281  BENTON RD ","MAILING_ADDRESS_CITY":"BOSSIER CITY","MAILING_ADDRESS_STATE":"LA","MAILING_ADDRESS_ZIP":"71111-3403","Buyer_Name":"","Buyer_Name_2":"","Buyer_Mailing_Address_A":"","Buyer_Mailing_Address_B":"","Buyer_Mailing_Address_City":"","Buyer_Mailing_Address_State":"","Buyer_Mailing_Address_Zip":"","MERIDIAN":"S","TWP_NUM":"18","TWP_NS":"N","RNG_NUM":"03","RNG_EW":"E","SECT_NUM":"07","GRIDNAME":"PA","GRIDNUM":"02","LANDVALUE":47800.0,"LANDASSD":47800.0,"BLDGVALUE":2500.0,"BLDGASSD":2500.0,"GENAREA":"3654","NBHD":"A1N10","TAXZONE":"0026","CITY":"","COMMCOUN":"15","FSA":"132","RSA":"019","SSA_1":"","SSA_2":"","ESN":24,"ECN":14,"ASSMBDISTRICT":"1","VOTINGPRCNT":"25-315","DFIRM":null,"SPUD":null,"SUBDNUM":0,"LEGAL":"TOWNSHIP 18N RANGE 3E              SECTION 7 LOT D7","DOC1_DATE":"2009-11-18T00:00:00Z","DOC1_TYPE":"WARRANTY DEED (ALL TYPES)","DOC1_RCRD":"Palmer-Bk  Pg ","DOC2_DATE":"1996-08-05T00:00:00Z","DOC2_TYPE":"WARRANTY DEED (ALL TYPES)","DOC2_RCRD":"Palmer-Bk 859 Pg 248","LANDUSE":"","RESUNIT":0.0,"MHUNIT":0.0,"DUPLEXUNIT":0.0,"MULTIUNIT":0.0,"GQUNIT":0.0,"MH_PK_UNIT":0.0,"BLDG_USE1":"","BLDG_USE2":"","BLDG_USE3":"","BLDG_USE4":"","BLDG_USE5":"","BLDG_USE6":"","Photo":"https://ecommerce.matsugov.us/assessment/Pages/Photos.aspx?isDLG=1&P_ID=59486","GlobalID":"{A2E91312-8BC6-4D94-B51C-F90808462CE3}","Shape_Length":0.0076628158668316862,"Shape_Area":2.7854722685400814e-06},"geometry":{"type":"MultiPolygon","coordinates":[[[[-148.980508942999961,61.659085999000069,0.0],[-148.982364680999979,61.659081154000035,0.0],[-148.982391580999973,61.660867243000041,0.0],[-148.982394423999978,61.661055986000065,0.0],[-148.982376224999967,61.66106312800008,0.0],[-148.979996148999959,61.659640050000064,0.0],[-148.980687182999958,61.659267286000045,0.0],[-148.980508942999961,61.659085999000069,0.0]]]]}},
{"type":"Feature","properties":{"OBJECTID":90858,"ParcelType":1,"P_ID":55668,"ACCOUNT":"6341000L003","TAXID_LOKI":"56341000L003","ACRES":0.81153549,"TAXACRE":0.76,"ORIGACRE":0.76,"FTYPE":"PARCEL","GENOWN":"PRIVATE","BUYLEASE":"N","OWNER_1":"SHIRRON PHYLLIS R","NAME_2":"","MAILING_ADDRESS_LINE_A":"","MAILING_ADDRESS_LINE_B":"7038  VERINE CIR ","MAILING_ADDRESS_CITY":"PALMER","MAILING_ADDRESS_STATE":"AK","MAILING_ADDRESS_ZIP":"99645","Buyer_Name":"","Buyer_Name_2":"","Buyer_Mailing_Address_A":"","Buyer_Mailing_Address_B":"","Buyer_Mailing_Address_City":"","Buyer_Mailing_Address_State":"","Buyer_Mailing_Address_Zip":"","MERIDIAN":"S","TWP_NUM":"18","TWP_NS":"N","RNG_NUM":"03","RNG_EW":"E","SECT_NUM":"07","GRIDNAME":"PA","GRIDNUM":"02","LANDVALUE":24200.0,"LANDASSD":24200.0,"BLDGVALUE":6600.0,"BLDGASSD":6600.0,"GENAREA":"3654","NBHD":"A1N10","TAXZONE":"0026","CITY":"","COMMCOUN":"15","FSA":"132","RSA":"019","SSA_1":"","SSA_2":"","ESN":24,"ECN":14,"ASSMBDISTRICT":"1","VOTINGPRCNT":"25-315","DFIRM":null,"SPUD":null,"SUBDNUM":6341,"LEGAL":"WOLVERINE HTS                      LOT 3","DOC1_DATE":"2021-10-22T00:00:00Z","DOC1_TYPE":"WARRANTY DEED (ALL TYPES)","DOC1_RCRD":"Palmer-Bk  Pg ","DOC2_DATE":"2019-04-30T00:00:00Z","DOC2_TYPE":"QUITCLAIM DEED (ALL TYPE)","DOC2_RCRD":"Palmer-Bk  Pg ","LANDUSE":"","RESUNIT":1.0,"MHUNIT":0.0,"DUPLEXUNIT":0.0,"MULTIUNIT":0.0,"GQUNIT":0.0,"MH_PK_UNIT":0.0,"BLDG_USE1":"1100","BLDG_USE2":"","BLDG_USE3":"","BLDG_USE4":"","BLDG_USE5":"","BLDG_USE6":"","Photo":"https://ecommerce.matsugov.us/assessment/Pages/Photos.aspx?isDLG=1&P_ID=55668","GlobalID":"{DC35EA4B-1CE4-48A8-A8F0-B3AC1349CC8C}","Shape_Length":0.0035471037697590792,"Shape_Area":5.5632733261839029e-07},"geometry":{"type":"MultiPolygon","coordinates":[[[[-148.978961688999959,61.661169254000072,0.0],[-148.978856312999966,61.660972850000064,0.0],[-148.978255851999961,61.660626362000073,0.0],[-148.978809869999964,61.66041087900004,0.0],[-148.979798508999977,61.66099992200003,0.0],[-148.979224338999984,61.661220239000045,0.0],[-148.97919050699997,61.661203857000032,0.0],[-148.979151640999959,61.661190230000045,0.0],[-148.979108725999964,61.661179702000027,0.0],[-148.97906284299998,61.661172541000042,0.0],[-148.979015152999978,61.661168926000073,0.0],[-148.978988405999957,61.661168527000029,0.0],[-148.978961688999959,61.661169254000072,0.0]]]]}},
{"type":"Feature","properties":{"OBJECTID":90859,"ParcelType":1,"P_ID":47184,"ACCOUNT":"6341000L004","TAXID_LOKI":"56341000L004","ACRES":0.58205197,"TAXACRE":0.57,"ORIGACRE":0.57,"FTYPE":"PARCEL","GENOWN":"PRIVATE","BUYLEASE":"N","OWNER_1":"BARNES JOHN JR & SHARLA K","NAME_2":"","MAILING_ADDRESS_LINE_A":"","MAILING_ADDRESS_LINE_B":"7031 N VERINE CIR ","MAILING_ADDRESS_CITY":"PALMER","MAILING_ADDRESS_STATE":"AK","MAILING_ADDRESS_ZIP":"99645","Buyer_Name":"","Buyer_Name_2":"","Buyer_Mailing_Address_A":"","Buyer_Mailing_Address_B":"","Buyer_Mailing_Address_City":"","Buyer_Mailing_Address_State":"","Buyer_Mailing_Address_Zip":"","MERIDIAN":"S","TWP_NUM":"18","TWP_NS":"N","RNG_NUM":"03","RNG_EW":"E","SECT_NUM":"07","GRIDNAME":"PA","GRIDNUM":"02","LANDVALUE":23000.0,"LANDASSD":23000.0,"BLDGVALUE":31700.0,"BLDGASSD":31700.0,"GENAREA":"3654","NBHD":"A1N10","TAXZONE":"0026","CITY":"","COMMCOUN":"15","FSA":"132","RSA":"019","SSA_1":"","SSA_2":"","ESN":24,"ECN":14,"ASSMBDISTRICT":"1","VOTINGPRCNT":"25-315","DFIRM":null,"SPUD":null,"SUBDNUM":6341,"LEGAL":"WOLVERINE HTS                      LOT 4","DOC1_DATE":"2019-04-30T00:00:00Z","DOC1_TYPE":"QUITCLAIM DEED (ALL TYPE)","DOC1_RCRD":"Palmer-Bk  Pg ","DOC2_DATE":"1994-12-30T00:00:00Z","DOC2_TYPE":"WARRANTY DEED (ALL TYPES)","DOC2_RCRD":"Palmer-Bk 793 Pg 246","LANDUSE":"","RESUNIT":0.0,"MHUNIT":0.0,"DUPLEXUNIT":0.0,"MULTIUNIT":0.0,"GQUNIT":0.0,"MH_PK_UNIT":0.0,"BLDG_USE1":"1110","BLDG_USE2":"","BLDG_USE3":"","BLDG_USE4":"","BLDG_USE5":"","BLDG_USE6":"","Photo":"https://ecommerce.matsugov.us/assessment/Pages/Photos.aspx?isDLG=1&P_ID=47184","GlobalID":"{57ECA52E-64A4-4EA7-B901-326A0C764184}","Shape_Length":0.0028540565005367113,"Shape_Area":3.9901189305294428e-07},"geometry":{"type":"MultiPolygon","coordinates":[[[[-148.977725524999983,61.660832675000051,0.0],[-148.978255851999961,61.660626362000073,0.0],[-148.978856312999966,61.660972850000064,0.0],[-148.978961688999959,61.661169254000072,0.0],[-148.97891174199998,61.661173629000075,0.0],[-148.978864033999969,61.661181907000071,0.0],[-148.978819902999959,61.661193855000079,0.0],[-148.978780584999981,61.66120913900005,0.0],[-148.978747190999968,61.661227330000031,0.0],[-148.978720650999975,61.661247915000047,0.0],[-148.978701713999982,61.661270319000039,0.0],[-148.978318695999974,61.661181984000052,0.0],[-148.977725524999983,61.660832675000051,0.0]]]]}},
{"type":"Feature","properties":{"OBJECTID":90861,"ParcelType":2,"P_ID":31876,"ACCOUNT":"18N03E07D015","TAXID_LOKI":"118N03E07D015","ACRES":9.54264833,"TAXACRE":9.86,"ORIGACRE":9.86,"FTYPE":"PARCEL","GENOWN":"PRIVATE","BUYLEASE":"N","OWNER_1":"KELPE KEN & NICOLE","NAME_2":"","MAILING_ADDRESS_LINE_A":"","MAILING_ADDRESS_LINE_B":"5900 N TAZLINA DR ","MAILING_ADDRESS_CITY":"PALMER","MAILING_ADDRESS_STATE":"AK","MAILING_ADDRESS_ZIP":"99645-8148","Buyer_Name":"","Buyer_Name_2":"","Buyer_Mailing_Address_A":"","Buyer_Mailing_Address_B":"","Buyer_Mailing_Address_City":"","Buyer_Mailing_Address_State":"","Buyer_Mailing_Address_Zip":"","MERIDIAN":"S","TWP_NUM":"18","TWP_NS":"N","RNG_NUM":"03","RNG_EW":"E","SECT_NUM":"07","GRIDNAME":"PA","GRIDNUM":"02","LANDVALUE":55500.0,"LANDASSD":55500.0,"BLDGVALUE":33100.0,"BLDGASSD":33100.0,"GENAREA":"3654","NBHD":"A1N10","TAXZONE":"0025","CITY":"","COMMCOUN":"15","FSA":"900","RSA":"019","SSA_1":"","SSA_2":"","ESN":23,"ECN":14,"ASSMBDISTRICT":"1","VOTINGPRCNT":"25-315","DFIRM":null,"SPUD":null,"SUBDNUM":0,"LEGAL":"TOWNSHIP 18N RANGE 3E              SECTION 7 LOT D15","DOC1_DATE":"2013-11-05T00:00:00Z","DOC1_TYPE":"WARRANTY DEED (ALL TYPES)","DOC1_RCRD":"Palmer-Bk  Pg ","DOC2_DATE":"2005-05-31T00:00:00Z","DOC2_TYPE":"QUITCLAIM DEED (ALL TYPE)","DOC2_RCRD":"Palmer-Bk  Pg 0","LANDUSE":"","RESUNIT":1.0,"MHUNIT":0.0,"DUPLEXUNIT":0.0,"MULTIUNIT":0.0,"GQUNIT":0.0,"MH_PK_UNIT":0.0,"BLDG_USE1":"1100","BLDG_USE2":"","BLDG_USE3":"","BLDG_USE4":"","BLDG_USE5":"","BLDG_USE6":"","Photo":"https://ecommerce.matsugov.us/assessment/Pages/Photos.aspx?isDLG=1&P_ID=31876","GlobalID":"{AA557D72-C1D0-4235-892D-3F1251B94775}","Shape_Length":0.010712144551053071,"Shape_Area":6.5415811049076282e-06},"geometry":{"type":"MultiPolygon","coordinates":[[[[-148.96816307399996,61.659083571000053,0.0],[-148.968835103999965,61.658831329000066,0.0],[-148.971232942999961,61.660259999000061,0.0],[-148.969779068999969,61.660903283000039,0.0],[-148.968406700999964,61.661342671000057,0.0],[-148.967204982999959,61.661326963000079,0.0],[-148.967182250999969,61.659381733000032,0.0],[-148.96816307399996,61.659083571000053,0.0]]]]}},
{"type":"Feature","properties":{"OBJECTID":90862,"ParcelType":1,"P_ID":38453,"ACCOUNT":"6341000L002","TAXID_LOKI":"56341000L002","ACRES":0.4323619,"TAXACRE":0.43,"ORIGACRE":0.43,"FTYPE":"PARCEL","GENOWN":"PRIVATE","BUYLEASE":"N","OWNER_1":"SUNDERLAND SLOAN & KATIE","NAME_2":"","MAILING_ADDRESS_LINE_A":"","MAILING_ADDRESS_LINE_B":"10120 N WOLVERINE RD ","MAILING_ADDRESS_CITY":"PALMER","MAILING_ADDRESS_STATE":"AK","MAILING_ADDRESS_ZIP":"99645-8762","Buyer_Name":"","Buyer_Name_2":"","Buyer_Mailing_Address_A":"","Buyer_Mailing_Address_B":"","Buyer_Mailing_Address_City":"","Buyer_Mailing_Address_State":"","Buyer_Mailing_Address_Zip":"","MERIDIAN":"S","TWP_NUM":"18","TWP_NS":"N","RNG_NUM":"03","RNG_EW":"E","SECT_NUM":"07","GRIDNAME":"PA","GRIDNUM":"02","LANDVALUE":8100.0,"LANDASSD":8100.0,"BLDGVALUE":24000.0,"BLDGASSD":24000.0,"GENAREA":"3654","NBHD":"A1N10","TAXZONE":"0026","CITY":"","COMMCOUN":"15","FSA":"132","RSA":"019","SSA_1":"","SSA_2":"","ESN":24,"ECN":14,"ASSMBDISTRICT":"1","VOTINGPRCNT":"25-315","DFIRM":null,"SPUD":null,"SUBDNUM":6341,"LEGAL":"WOLVERINE HTS                      LOT 2","DOC1_DATE":"2010-05-19T00:00:00Z","DOC1_TYPE":"WARRANTY DEED (ALL TYPES)","DOC1_RCRD":"Palmer-Bk  Pg ","DOC2_DATE":"2006-12-15T00:00:00Z","DOC2_TYPE":"QUITCLAIM DEED (ALL TYPE)","DOC2_RCRD":"Palmer-Bk  Pg 0","LANDUSE":"","RESUNIT":1.0,"MHUNIT":0.0,"DUPLEXUNIT":0.0,"MULTIUNIT":0.0,"GQUNIT":0.0,"MH_PK_UNIT":0.0,"BLDG_USE1":"1100","BLDG_USE2":"","BLDG_USE3":"","BLDG_USE4":"","BLDG_USE5":"","BLDG_USE6":"","Photo":"https://ecommerce.matsugov.us/assessment/Pages/Photos.aspx?isDLG=1&P_ID=38453","GlobalID":"{4DC1BFC3-8D85-4154-8FE5-1951F738C89E}","Shape_Length":0.0023950089265403996,"Shape_Area":2.9639854504172341e-07},"geometry":{"type":"MultiPolygon","coordinates":[[[[-148.979224338999984,61.661220239000045,0.0],[-148.979798508999977,61.66099992200003,0.0],[-148.980266159999957,61.661278595000056,0.0],[-148.979616126999957,61.661534849000077,0.0],[-148.979284456999977,61.661345863000065,0.0],[-148.979291990999968,61.661324706000073,0.0],[-148.979292794999964,61.661303249000071,0.0],[-148.97928685499997,61.661281978000034,0.0],[-148.979274300999975,61.661261366000076,0.0],[-148.979255415999972,61.66124187500003,0.0],[-148.979230620999971,61.661223944000028,0.0],[-148.979224338999984,61.661220239000045,0.0]]]]}},
{"type":"Feature","properties":{"OBJECTID":90863,"ParcelType":1,"P_ID":8982,"ACCOUNT":"6341000L005","TAXID_LOKI":"56341000L005","ACRES":0.61451186,"TAXACRE":0.7,"ORIGACRE":0.7,"FTYPE":"PARCEL","GENOWN":"PRIVATE","BUYLEASE":"N","OWNER_1":"BARNES JOHN JR & SHARLA K","NAME_2":"","MAILING_ADDRESS_LINE_A":"","MAILING_ADDRESS_LINE_B":"7031 N VERINE CIR ","MAILING_ADDRESS_CITY":"PALMER","MAILING_ADDRESS_STATE":"AK","MAILING_ADDRESS_ZIP":"99645","Buyer_Name":"","Buyer_Name_2":"","Buyer_Mailing_Address_A":"","Buyer_Mailing_Address_B":"","Buyer_Mailing_Address_City":"","Buyer_Mailing_Address_State":"","Buyer_Mailing_Address_Zip":"","MERIDIAN":"S","TWP_NUM":"18","TWP_NS":"N","RNG_NUM":"03","RNG_EW":"E","SECT_NUM":"07","GRIDNAME":"PA","GRIDNUM":"02","LANDVALUE":22400.0,"LANDASSD":0.0,"BLDGVALUE":45000.0,"BLDGASSD":0.0,"GENAREA":"3654","NBHD":"A1N10","TAXZONE":"0026","CITY":"","COMMCOUN":"15","FSA":"132","RSA":"019","SSA_1":"","SSA_2":"","ESN":24,"ECN":14,"ASSMBDISTRICT":"1","VOTINGPRCNT":"25-315","DFIRM":null,"SPUD":null,"SUBDNUM":6341,"LEGAL":"WOLVERINE HTS                      LOT 5","DOC1_DATE":"2019-04-30T00:00:00Z","DOC1_TYPE":"QUITCLAIM DEED (ALL TYPE)","DOC1_RCRD":"Palmer-Bk  Pg ","DOC2_DATE":"1994-12-30T00:00:00Z","DOC2_TYPE":"WARRANTY DEED (ALL TYPES)","DOC2_RCRD":"Palmer-Bk 793 Pg 246","LANDUSE":"","RESUNIT":1.0,"MHUNIT":0.0,"DUPLEXUNIT":0.0,"MULTIUNIT":0.0,"GQUNIT":0.0,"MH_PK_UNIT":0.0,"BLDG_USE1":"1100","BLDG_USE2":"","BLDG_USE3":"","BLDG_USE4":"","BLDG_USE5":"","BLDG_USE6":"","Photo":"https://ecommerce.matsugov.us/assessment/Pages/Photos.aspx?isDLG=1&P_ID=8982","GlobalID":"{DDA85634-0B45-4DD8-B2D2-1CE1885B7836}","Shape_Length":0.0033010891524253589,"Shape_Area":4.2126448741704697e-07},"geometry":{"type":"MultiPolygon","coordinates":[[[[-148.977320750999979,61.66099018500006,0.0],[-148.977725524999983,61.660832675000051,0.0],[-148.978318695999974,61.661181984000052,0.0],[-148.978701713999982,61.661270319000039,0.0],[-148.978691304999984,61.661292316000072,0.0],[-148.978688268999974,61.661314818000051,0.0],[-148.978692682999963,61.661337268000068,0.0],[-148.978699045999974,61.661354824000057,0.0],[-148.978711447999956,61.66137163500008,0.0],[-148.978729545999983,61.661387235000063,0.0],[-148.978752837999963,61.661401191000039,0.0],[-148.978302176999961,61.661574186000053,0.0],[-148.977320750999979,61.66099018500006,0.0]]]]}},
{"type":"Feature","properties":{"OBJECTID":90864,"ParcelType":2,"P_ID":40497,"ACCOUNT":"18N03E07D005","TAXID_LOKI":"118N03E07D005","ACRES":4.75595641,"TAXACRE":4.71,"ORIGACRE":4.71,"FTYPE":"PARCEL","GENOWN":"PRIVATE","BUYLEASE":"N","OWNER_1":"MCLEOD LEITH","NAME_2":"MCLEOD RUARI D","MAILING_ADDRESS_LINE_A":"","MAILING_ADDRESS_LINE_B":"2040  REVERE CIR ","MAILING_ADDRESS_CITY":"ANCHORAGE","MAILING_ADDRESS_STATE":"AK","MAILING_ADDRESS_ZIP":"99515","Buyer_Name":"","Buyer_Name_2":"","Buyer_Mailing_Address_A":"","Buyer_Mailing_Address_B":"","Buyer_Mailing_Address_City":"","Buyer_Mailing_Address_State":"","Buyer_Mailing_Address_Zip":"","MERIDIAN":"S","TWP_NUM":"18","TWP_NS":"N","RNG_NUM":"03","RNG_EW":"E","SECT_NUM":"07","GRIDNAME":"PA","GRIDNUM":"02","LANDVALUE":49900.0,"LANDASSD":49900.0,"BLDGVALUE":11200.0,"BLDGASSD":11200.0,"GENAREA":"3654","NBHD":"A1N10","TAXZONE":"0026","CITY":"","COMMCOUN":"15","FSA":"132","RSA":"019","SSA_1":"","SSA_2":"","ESN":24,"ECN":14,"ASSMBDISTRICT":"1","VOTINGPRCNT":"25-315","DFIRM":null,"SPUD":null,"SUBDNUM":0,"LEGAL":"TOWNSHIP 18N RANGE 3E              SECTION 7 LOT D5","DOC1_DATE":"2025-04-22T00:00:00Z","DOC1_TYPE":"AFFIDAVIT FOR TRANSFER TO","DOC1_RCRD":"Palmer-Bk  Pg ","DOC2_DATE":"2025-02-11T00:00:00Z","DOC2_TYPE":"AFFIDAVIT FOR TRANSFER TO","DOC2_RCRD":"Palmer-Bk  Pg ","LANDUSE":"","RESUNIT":1.0,"MHUNIT":0.0,"DUPLEXUNIT":0.0,"MULTIUNIT":0.0,"GQUNIT":0.0,"MH_PK_UNIT":0.0,"BLDG_USE1":"1100","BLDG_USE2":"","BLDG_USE3":"","BLDG_USE4":"","BLDG_USE5":"","BLDG_USE6":"","Photo":"https://ecommerce.matsugov.us/assessment/Pages/Photos.aspx?isDLG=1&P_ID=40497","GlobalID":"{074C9CA5-8C8D-48A3-8F25-E0902050104F}","Shape_Length":0.008210505621803605,"Shape_Area":3.2603316301594439e-06},"geometry":{"type":"MultiPolygon","coordinates":[[[[-148.97900290299998,61.660335806000035,0.0],[-148.979996148999959,61.659640050000064,0.0],[-148.982376224999967,61.66106312800008,0.0],[-148.980885934999975,61.661647960000039,0.0],[-148.980742397999961,61.66156241300007,0.0],[-148.980266159999957,61.661278595000056,0.0],[-148.979798508999977,61.66099992200003,0.0],[-148.978809869999964,61.66041087900004,0.0],[-148.97900290299998,61.660335806000035,0.0]]]]}},
{"type":"Feature","properties":{"OBJECTID":90867,"ParcelType":1,"P_ID":26279,"ACCOUNT":"6341000L001","TAXID_LOKI":"56341000L001","ACRES":0.44218222,"TAXACRE":0.44,"ORIGACRE":0.44,"FTYPE":"PARCEL","GENOWN":"PRIVATE","BUYLEASE":"N","OWNER_1":"BARNES LUKE","NAME_2":"","MAILING_ADDRESS_LINE_A":"","MAILING_ADDRESS_LINE_B":"17700 E FELDMAN CT ","MAILING_ADDRESS_CITY":"PALMER","MAILING_ADDRESS_STATE":"AK","MAILING_ADDRESS_ZIP":"99645","Buyer_Name":"","Buyer_Name_2":"","Buyer_Mailing_Address_A":"","Buyer_Mailing_Address_B":"","Buyer_Mailing_Address_City":"","Buyer_Mailing_Address_State":"","Buyer_Mailing_Address_Zip":"","MERIDIAN":"S","TWP_NUM":"18","TWP_NS":"N","RNG_NUM":"03","RNG_EW":"E","SECT_NUM":"07","GRIDNAME":"PA","GRIDNUM":"02","LANDVALUE":8100.0,"LANDASSD":8100.0,"BLDGVALUE":18300.0,"BLDGASSD":18300.0,"GENAREA":"3654","NBHD":"A1N10","TAXZONE":"0026","CITY":"","COMMCOUN":"15","FSA":"132","RSA":"019","SSA_1":"","SSA_2":"","ESN":24,"ECN":14,"ASSMBDISTRICT":"1","VOTINGPRCNT":"25-315","DFIRM":null,"SPUD":null,"SUBDNUM":6341,"LEGAL":"WOLVERINE HTS                      LOT 1","DOC1_DATE":"2024-11-15T00:00:00Z","DOC1_TYPE":"QUITCLAIM DEED (ALL TYPE)","DOC1_RCRD":"Palmer-Bk  Pg ","DOC2_DATE":"2010-05-19T00:00:00Z","DOC2_TYPE":"WARRANTY DEED (ALL TYPES)","DOC2_RCRD":"Palmer-Bk  Pg ","LANDUSE":"","RESUNIT":1.0,"MHUNIT":0.0,"DUPLEXUNIT":0.0,"MULTIUNIT":0.0,"GQUNIT":0.0,"MH_PK_UNIT":0.0,"BLDG_USE1":"1100","BLDG_USE2":"","BLDG_USE3":"","BLDG_USE4":"","BLDG_USE5":"","BLDG_USE6":"","Photo":"https://ecommerce.matsugov.us/assessment/Pages/Photos.aspx?isDLG=1&P_ID=26279","GlobalID":"{62EDFD66-5D9B-483A-A1BC-6DBE6D12DC75}","Shape_Length":0.0025004557477556594,"Shape_Area":3.0313305681012048e-07},"geometry":{"type":"MultiPolygon","coordinates":[[[[-148.979616126999957,61.661534849000077,0.0],[-148.980266159999957,61.661278595000056,0.0],[-148.980742397999961,61.66156241300007,0.0],[-148.98010410599997,61.66181292400006,0.0],[-148.979616126999957,61.661534849000077,0.0]]]]}},
{"type":"Feature","properties":{"OBJECTID":90868,"ParcelType":1,"P_ID":26844,"ACCOUNT":"6341000L006","TAXID_LOKI":"56341000L006","ACRES":0.36936779,"TAXACRE":0.43,"ORIGACRE":0.43,"FTYPE":"PARCEL","GENOWN":"PRIVATE","BUYLEASE":"N","OWNER_1":"SCALISI DUSTIN & DANIELLE LVG TR","NAME_2":"","MAILING_ADDRESS_LINE_A":"","MAILING_ADDRESS_LINE_B":"PO BOX 624","MAILING_ADDRESS_CITY":"PALMER","MAILING_ADDRESS_STATE":"AK","MAILING_ADDRESS_ZIP":"99645","Buyer_Name":"","Buyer_Name_2":"","Buyer_Mailing_Address_A":"","Buyer_Mailing_Address_B":"","Buyer_Mailing_Address_City":"","Buyer_Mailing_Address_State":"","Buyer_Mailing_Address_Zip":"","MERIDIAN":"S","TWP_NUM":"18","TWP_NS":"N","RNG_NUM":"03","RNG_EW":"E","SECT_NUM":"07","GRIDNAME":"PA","GRIDNUM":"02","LANDVALUE":7500.0,"LANDASSD":7500.0,"BLDGVALUE":285200.0,"BLDGASSD":285200.0,"GENAREA":"3654","NBHD":"A1N10","TAXZONE":"0026","CITY":"","COMMCOUN":"15","FSA":"132","RSA":"019","SSA_1":"","SSA_2":"","ESN":24,"ECN":14,"ASSMBDISTRICT":"1","VOTINGPRCNT":"25-315","DFIRM":null,"SPUD":null,"SUBDNUM":6341,"LEGAL":"WOLVERINE HTS                      LOT 6","DOC1_DATE":"2025-05-23T00:00:00Z","DOC1_TYPE":"WARRANTY DEED (ALL TYPES)","DOC1_RCRD":"Palmer-Bk  Pg ","DOC2_DATE":"2021-04-23T00:00:00Z","DOC2_TYPE":"WARRANTY DEED (ALL TYPES)","DOC2_RCRD":"Palmer-Bk  Pg ","LANDUSE":"","RESUNIT":1.0,"MHUNIT":0.0,"DUPLEXUNIT":0.0,"MULTIUNIT":0.0,"GQUNIT":0.0,"MH_PK_UNIT":0.0,"BLDG_USE1":"1100","BLDG_USE2":"","BLDG_USE3":"","BLDG_USE4":"","BLDG_USE5":"","BLDG_USE6":"","Photo":"https://ecommerce.matsugov.us/assessment/Pages/Photos.aspx?isDLG=1&P_ID=26844","GlobalID":"{0BC7ABAD-34C9-4E73-84D2-6F02177E4D59}","Shape_Length":0.0022990638442225708,"Shape_Area":2.5321622310348614e-07},"geometry":{"type":"MultiPolygon","coordinates":[[[[-148.978302176999961,61.661574186000053,0.0],[-148.978752837999963,61.661401191000039,0.0],[-148.978787731999972,61.661418841000057,0.0],[-148.978828378999964,61.661433444000068,0.0],[-148.978875231999979,61.661444871000072,0.0],[-148.978925545999971,61.661452258000054,0.0],[-148.978977794999963,61.661455381000053,0.0],[-148.979030388999973,61.66145414500005,0.0],[-148.979344880999975,61.661641794000047,0.0],[-148.978786059999976,61.661862162000034,0.0],[-148.978302176999961,61.661574186000053,0.0]]]]}},
{"type":"Feature","properties":{"OBJECTID":90869,"ParcelType":1,"P_ID":64205,"ACCOUNT":"6341000L007","TAXID_LOKI":"56341000L007","ACRES":0.38285043,"TAXACRE":0.44,"ORIGACRE":0.44,"FTYPE":"PARCEL","GENOWN":"PRIVATE","BUYLEASE":"N","OWNER_1":"SCALISI DUSTIN & DANIELLE LVG TR","NAME_2":"","MAILING_ADDRESS_LINE_A":"","MAILING_ADDRESS_LINE_B":"PO BOX 624","MAILING_ADDRESS_CITY":"PALMER","MAILING_ADDRESS_STATE":"AK","MAILING_ADDRESS_ZIP":"99645","Buyer_Name":"","Buyer_Name_2":"","Buyer_Mailing_Address_A":"","Buyer_Mailing_Address_B":"","Buyer_Mailing_Address_City":"","Buyer_Mailing_Address_State":"","Buyer_Mailing_Address_Zip":"","MERIDIAN":"S","TWP_NUM":"18","TWP_NS":"N","RNG_NUM":"03","RNG_EW":"E","SECT_NUM":"07","GRIDNAME":"PA","GRIDNUM":"02","LANDVALUE":7500.0,"LANDASSD":7500.0,"BLDGVALUE":21800.0,"BLDGASSD":21800.0,"GENAREA":"3654","NBHD":"A1N10","TAXZONE":"0026","CITY":"","COMMCOUN":"15","FSA":"132","RSA":"019","SSA_1":"","SSA_2":"","ESN":24,"ECN":14,"ASSMBDISTRICT":"1","VOTINGPRCNT":"25-315","DFIRM":null,"SPUD":null,"SUBDNUM":6341,"LEGAL":"WOLVERINE HTS                      LOT 7","DOC1_DATE":"2025-05-23T00:00:00Z","DOC1_TYPE":"WARRANTY DEED (ALL TYPES)","DOC1_RCRD":"Palmer-Bk  Pg ","DOC2_DATE":"2021-04-23T00:00:00Z","DOC2_TYPE":"WARRANTY DEED (ALL TYPES)","DOC2_RCRD":"Palmer-Bk  Pg ","LANDUSE":"","RESUNIT":0.0,"MHUNIT":0.0,"DUPLEXUNIT":0.0,"MULTIUNIT":0.0,"GQUNIT":0.0,"MH_PK_UNIT":0.0,"BLDG_USE1":"1110","BLDG_USE2":"","BLDG_USE3":"","BLDG_USE4":"","BLDG_USE5":"","BLDG_USE6":"","Photo":"https://ecommerce.matsugov.us/assessment/Pages/Photos.aspx?isDLG=1&P_ID=64205","GlobalID":"{920A13DB-0239-4EFC-9F6F-8E952E34AB87}","Shape_Length":0.0023055920496181589,"Shape_Area":2.6246139362069649e-07},"geometry":{"type":"MultiPolygon","coordinates":[[[[-148.978786059999976,61.661862162000034,0.0],[-148.979344880999975,61.661641794000047,0.0],[-148.979819124999977,61.661924783000075,0.0],[-148.979260980999982,61.662144830000045,0.0],[-148.978786059999976,61.661862162000034,0.0]]]]}},
{"type":"Feature","properties":{"OBJECTID":90874,"ParcelType":2,"P_ID":83400,"ACCOUNT":"18N03E07D003","TAXID_LOKI":"118N03E07D003","ACRES":4.68494451,"TAXACRE":4.31,"ORIGACRE":4.31,"FTYPE":"PARCEL","GENOWN":"PRIVATE","BUYLEASE":"N","OWNER_1":"DOTSON DONNA","NAME_2":"","MAILING_ADDRESS_LINE_A":"","MAILING_ADDRESS_LINE_B":"10811 N WOLVERINE RD","MAILING_ADDRESS_CITY":"PALMER","MAILING_ADDRESS_STATE":"AK","MAILING_ADDRESS_ZIP":"99645-8732","Buyer_Name":"","Buyer_Name_2":"","Buyer_Mailing_Address_A":"","Buyer_Mailing_Address_B":"","Buyer_Mailing_Address_City":"","Buyer_Mailing_Address_State":"","Buyer_Mailing_Address_Zip":"","MERIDIAN":"S","TWP_NUM":"18","TWP_NS":"N","RNG_NUM":"03","RNG_EW":"E","SECT_NUM":"07","GRIDNAME":"PA","GRIDNUM":"02","LANDVALUE":48800.0,"LANDASSD":0.0,"BLDGVALUE":133600.0,"BLDGASSD":0.0,"GENAREA":"3654","NBHD":"A1N10","TAXZONE":"0026","CITY":"","COMMCOUN":"15","FSA":"132","RSA":"019","SSA_1":"","SSA_2":"","ESN":24,"ECN":14,"ASSMBDISTRICT":"1","VOTINGPRCNT":"25-315","DFIRM":null,"SPUD":null,"SUBDNUM":0,"LEGAL":"TOWNSHIP 18N RANGE 3E              SECTION 7 LOT D3","DOC1_DATE":"1994-06-20T00:00:00Z","DOC1_TYPE":"WARRANTY DEED (ALL TYPES)","DOC1_RCRD":"Palmer-Bk 771 Pg 68","DOC2_DATE":"1977-12-28T00:00:00Z","DOC2_TYPE":"WARRANTY DEED (ALL TYPES)","DOC2_RCRD":"Palmer-Bk 1559 Pg 978","LANDUSE":"","RESUNIT":2.0,"MHUNIT":0.0,"DUPLEXUNIT":0.0,"MULTIUNIT":0.0,"GQUNIT":0.0,"MH_PK_UNIT":0.0,"BLDG_USE1":"1100","BLDG_USE2":"","BLDG_USE3":"","BLDG_USE4":"","BLDG_USE5":"","BLDG_USE6":"","Photo":"https://ecommerce.matsugov.us/assessment/Pages/Photos.aspx?isDLG=1&P_ID=83400","GlobalID":"{8299725F-0AB0-48E9-9E4D-7155195DB53D}","Shape_Length":0.0083638513147471123,"Shape_Area":3.211719613368865e-06},"geometry":{"type":"MultiPolygon","coordinates":[[[[-148.977136194999957,61.661062018000052,0.0],[-148.977320750999979,61.66099018500006,0.0],[-148.978302176999961,61.661574186000053,0.0],[-148.978786059999976,61.661862162000034,0.0],[-148.979260980999982,61.662144830000045,0.0],[-148.979404636999959,61.662230332000036,0.0],[-148.977892739999959,61.66282115000007,0.0],[-148.975665939999971,61.661526967000043,0.0],[-148.977136194999957,61.661062018000052,0.0]]]]}},
{"type":"Feature","properties":{"OBJECTID":90875,"ParcelType":2,"P_ID":41098,"ACCOUNT":"18N03E08C005","TAXID_LOKI":"118N03E08C005","ACRES":4.29040253,"TAXACRE":4.36,"ORIGACRE":4.36,"FTYPE":"PARCEL","GENOWN":"PRIVATE","BUYLEASE":"N","OWNER_1":"MILLIKEN ERIC & ELIZABETH","NAME_2":"","MAILING_ADDRESS_LINE_A":"","MAILING_ADDRESS_LINE_B":"5810 W TREE DR ","MAILING_ADDRESS_CITY":"ANCHORAGE","MAILING_ADDRESS_STATE":"AK","MAILING_ADDRESS_ZIP":"99507","Buyer_Name":"","Buyer_Name_2":"","Buyer_Mailing_Address_A":"","Buyer_Mailing_Address_B":"","Buyer_Mailing_Address_City":"","Buyer_Mailing_Address_State":"","Buyer_Mailing_Address_Zip":"","MERIDIAN":"S","TWP_NUM":"18","TWP_NS":"N","RNG_NUM":"03","RNG_EW":"E","SECT_NUM":"08","GRIDNAME":"PA","GRIDNUM":"02","LANDVALUE":21600.0,"LANDASSD":0.0,"BLDGVALUE":0.0,"BLDGASSD":0.0,"GENAREA":"3654","NBHD":"A1N10","TAXZONE":"0025","CITY":"","COMMCOUN":"15","FSA":"900","RSA":"019","SSA_1":"","SSA_2":"","ESN":23,"ECN":14,"ASSMBDISTRICT":"1","VOTINGPRCNT":"25-315","DFIRM":null,"SPUD":null,"SUBDNUM":0,"LEGAL":"TOWNSHIP 18N RANGE 3E              SECTION 8 LOT C5","DOC1_DATE":"2026-03-10T00:00:00Z","DOC1_TYPE":"QUITCLAIM DEED (ALL TYPE)","DOC1_RCRD":"Palmer-Bk  Pg ","DOC2_DATE":"1996-09-25T00:00:00Z","DOC2_TYPE":"QUITCLAIM DEED (ALL TYPE)","DOC2_RCRD":"Palmer-Bk 866 Pg 740","LANDUSE":"","RESUNIT":0.0,"MHUNIT":0.0,"DUPLEXUNIT":0.0,"MULTIUNIT":0.0,"GQUNIT":0.0,"MH_PK_UNIT":0.0,"BLDG_USE1":"","BLDG_USE2":"","BLDG_USE3":"","BLDG_USE4":"","BLDG_USE5":"","BLDG_USE6":"","Photo":"https://ecommerce.matsugov.us/assessment/Pages/Photos.aspx?isDLG=1&P_ID=41098","GlobalID":"{E57DE382-3D9D-45A8-A4BD-BE283801B7A2}","Shape_Length":0.008190005232802014,"Shape_Area":2.9412999295694536e-06},"geometry":{"type":"MultiPolygon","coordinates":[[[[-148.959581627999967,61.661826240000039,0.0],[-148.961041130999973,61.661271010000064,0.0],[-148.963261529999983,61.662628979000033,0.0],[-148.96143155599998,61.662954753000065,0.0],[-148.959581627999967,61.661826240000039,0.0]]]]}},
{"type":"Feature","properties":{"OBJECTID":90876,"ParcelType":2,"P_ID":57077,"ACCOUNT":"18N03E07D018","TAXID_LOKI":"118N03E07D018","ACRES":1.85885441,"TAXACRE":1.13,"ORIGACRE":1.13,"FTYPE":"PARCEL","GENOWN":"PRIVATE","BUYLEASE":"N","OWNER_1":"FRIESEN JAY","NAME_2":"","MAILING_ADDRESS_LINE_A":"","MAILING_ADDRESS_LINE_B":"PO BOX 3262","MAILING_ADDRESS_CITY":"PALMER","MAILING_ADDRESS_STATE":"AK","MAILING_ADDRESS_ZIP":"99645","Buyer_Name":"","Buyer_Name_2":"","Buyer_Mailing_Address_A":"","Buyer_Mailing_Address_B":"","Buyer_Mailing_Address_City":"","Buyer_Mailing_Address_State":"","Buyer_Mailing_Address_Zip":"","MERIDIAN":"S","TWP_NUM":"18","TWP_NS":"N","RNG_NUM":"03","RNG_EW":"E","SECT_NUM":"07","GRIDNAME":"PA","GRIDNUM":"02","LANDVALUE":34500.0,"LANDASSD":34500.0,"BLDGVALUE":0.0,"BLDGASSD":0.0,"GENAREA":"3654","NBHD":"A1N10","TAXZONE":"0025","CITY":"","COMMCOUN":"15","FSA":"900","RSA":"019","SSA_1":"","SSA_2":"","ESN":23,"ECN":14,"ASSMBDISTRICT":"1","VOTINGPRCNT":"25-315","DFIRM":null,"SPUD":null,"SUBDNUM":0,"LEGAL":"TOWNSHIP 18N RANGE 3E              SECTION 7 LOT D18","DOC1_DATE":"2026-06-16T00:00:00Z","DOC1_TYPE":"WARRANTY DEED (ALL TYPES)","DOC1_RCRD":"Palmer-Bk  Pg ","DOC2_DATE":"2020-08-13T00:00:00Z","DOC2_TYPE":"CORRECTIVE DEED","DOC2_RCRD":"Palmer-Bk  Pg ","LANDUSE":"","RESUNIT":0.0,"MHUNIT":0.0,"DUPLEXUNIT":0.0,"MULTIUNIT":0.0,"GQUNIT":0.0,"MH_PK_UNIT":0.0,"BLDG_USE1":"","BLDG_USE2":"","BLDG_USE3":"","BLDG_USE4":"","BLDG_USE5":"","BLDG_USE6":"","Photo":"https://ecommerce.matsugov.us/assessment/Pages/Photos.aspx?isDLG=1&P_ID=57077","GlobalID":"{C92691E9-DC99-4DC6-BE8D-2939857CF8FD}","Shape_Length":0.0063169908367860681,"Shape_Area":1.2743439719879104e-06},"geometry":{"type":"MultiPolygon","coordinates":[[[[-148.967231443999964,61.662894090000066,0.0],[-148.968540350999973,61.662187245000041,0.0],[-148.970002893999975,61.662201940000045,0.0],[-148.969934731999956,61.662466880000068,0.0],[-148.967235791999968,61.663192510000044,0.0],[-148.967231443999964,61.662894090000066,0.0]]]]}},
{"type":"Feature","properties":{"OBJECTID":90877,"ParcelType":2,"P_ID":82175,"ACCOUNT":"18N03E08C007","TAXID_LOKI":"118N03E08C007","ACRES":0.14047578,"TAXACRE":0.13,"ORIGACRE":0.13,"FTYPE":"PARCEL","GENOWN":"PRIVATE","BUYLEASE":"N","OWNER_1":"FRIESEN JAY","NAME_2":"","MAILING_ADDRESS_LINE_A":"","MAILING_ADDRESS_LINE_B":"PO BOX 3262","MAILING_ADDRESS_CITY":"PALMER","MAILING_ADDRESS_STATE":"AK","MAILING_ADDRESS_ZIP":"99645","Buyer_Name":"","Buyer_Name_2":"","Buyer_Mailing_Address_A":"","Buyer_Mailing_Address_B":"","Buyer_Mailing_Address_City":"","Buyer_Mailing_Address_State":"","Buyer_Mailing_Address_Zip":"","MERIDIAN":"S","TWP_NUM":"18","TWP_NS":"N","RNG_NUM":"03","RNG_EW":"E","SECT_NUM":"08","GRIDNAME":"PA","GRIDNUM":"02","LANDVALUE":4500.0,"LANDASSD":4500.0,"BLDGVALUE":0.0,"BLDGASSD":0.0,"GENAREA":"3654","NBHD":"A1N10","TAXZONE":"0025","CITY":"","COMMCOUN":"15","FSA":"900","RSA":"019","SSA_1":"","SSA_2":"","ESN":23,"ECN":14,"ASSMBDISTRICT":"1","VOTINGPRCNT":"25-315","DFIRM":null,"SPUD":null,"SUBDNUM":0,"LEGAL":"TOWNSHIP 18N RANGE 3E              SECTION 8 LOT C7","DOC1_DATE":"2026-06-16T00:00:00Z","DOC1_TYPE":"WARRANTY DEED (ALL TYPES)","DOC1_RCRD":"Palmer-Bk  Pg ","DOC2_DATE":"2022-08-05T00:00:00Z","DOC2_TYPE":"QUITCLAIM DEED (ALL TYPE)","DOC2_RCRD":"Palmer-Bk  Pg ","LANDUSE":"","RESUNIT":0.0,"MHUNIT":0.0,"DUPLEXUNIT":0.0,"MULTIUNIT":0.0,"GQUNIT":0.0,"MH_PK_UNIT":0.0,"BLDG_USE1":"","BLDG_USE2":"","BLDG_USE3":"","BLDG_USE4":"","BLDG_USE5":"","BLDG_USE6":"","Photo":"https://ecommerce.matsugov.us/assessment/Pages/Photos.aspx?isDLG=1&P_ID=82175","GlobalID":"{93031B4B-88A2-4AFB-B117-DFB5ACA1735B}","Shape_Length":0.0015224688807524626,"Shape_Area":9.6306330504437152e-08},"geometry":{"type":"MultiPolygon","coordinates":[[[[-148.966663692999958,61.66320091800003,0.0],[-148.967231443999964,61.662894090000066,0.0],[-148.967235791999968,61.663192510000044,0.0],[-148.96708604799997,61.66323290400004,0.0],[-148.966663692999958,61.66320091800003,0.0]]]]}},
{"type":"Feature","properties":{"OBJECTID":90880,"ParcelType":2,"P_ID":60876,"ACCOUNT":"18N03E07D002","TAXID_LOKI":"118N03E07D002","ACRES":4.78611566,"TAXACRE":4.65,"ORIGACRE":4.65,"FTYPE":"PARCEL","GENOWN":"PRIVATE","BUYLEASE":"N","OWNER_1":"STOSKOPF CRAIG W","NAME_2":"","MAILING_ADDRESS_LINE_A":"","MAILING_ADDRESS_LINE_B":"10899 N WOLVERINE RD ","MAILING_ADDRESS_CITY":"PALMER","MAILING_ADDRESS_STATE":"AK","MAILING_ADDRESS_ZIP":"99645","Buyer_Name":"","Buyer_Name_2":"","Buyer_Mailing_Address_A":"","Buyer_Mailing_Address_B":"","Buyer_Mailing_Address_City":"","Buyer_Mailing_Address_State":"","Buyer_Mailing_Address_Zip":"","MERIDIAN":"S","TWP_NUM":"18","TWP_NS":"N","RNG_NUM":"03","RNG_EW":"E","SECT_NUM":"07","GRIDNAME":"PA","GRIDNUM":"02","LANDVALUE":49600.0,"LANDASSD":0.0,"BLDGVALUE":385900.0,"BLDGASSD":150241.0,"GENAREA":"3654","NBHD":"A1N10","TAXZONE":"0026","CITY":"","COMMCOUN":"15","FSA":"132","RSA":"019","SSA_1":"","SSA_2":"","ESN":24,"ECN":14,"ASSMBDISTRICT":"1","VOTINGPRCNT":"25-315","DFIRM":null,"SPUD":null,"SUBDNUM":0,"LEGAL":"TOWNSHIP 18N RANGE 3E              SECTION 7 LOT D2","DOC1_DATE":"2021-01-12T00:00:00Z","DOC1_TYPE":"WARRANTY DEED (ALL TYPES)","DOC1_RCRD":"Palmer-Bk  Pg ","DOC2_DATE":"2020-06-05T00:00:00Z","DOC2_TYPE":"QUITCLAIM DEED (ALL TYPE)","DOC2_RCRD":"Palmer-Bk  Pg ","LANDUSE":"","RESUNIT":2.0,"MHUNIT":0.0,"DUPLEXUNIT":0.0,"MULTIUNIT":0.0,"GQUNIT":0.0,"MH_PK_UNIT":0.0,"BLDG_USE1":"1100","BLDG_USE2":"","BLDG_USE3":"","BLDG_USE4":"","BLDG_USE5":"","BLDG_USE6":"","Photo":"https://ecommerce.matsugov.us/assessment/Pages/Photos.aspx?isDLG=1&P_ID=60876","GlobalID":"{2005CA06-BC76-4DED-BB42-7C946D7873D8}","Shape_Length":0.0085324455150469439,"Shape_Area":3.2811579567591262e-06},"geometry":{"type":"MultiPolygon","coordinates":[[[[-148.974082256999964,61.662030200000061,0.0],[-148.975665939999971,61.661526967000043,0.0],[-148.977892739999959,61.66282115000007,0.0],[-148.976404900999967,61.663402529000052,0.0],[-148.974082256999964,61.662030200000061,0.0]]]]}},
{"type":"Feature","properties":{"OBJECTID":90886,"ParcelType":2,"P_ID":32841,"ACCOUNT":"18N03E08C001","TAXID_LOKI":"118N03E08C001","ACRES":3.69957117,"TAXACRE":3.8,"ORIGACRE":3.8,"FTYPE":"PARCEL","GENOWN":"PRIVATE","BUYLEASE":"N","OWNER_1":"VAN DIEST JOHN L","NAME_2":"","MAILING_ADDRESS_LINE_A":"","MAILING_ADDRESS_LINE_B":"2995 N MOUNTAIN TRAIL CIR","MAILING_ADDRESS_CITY":"PALMER","MAILING_ADDRESS_STATE":"AK","MAILING_ADDRESS_ZIP":"99645-8749","Buyer_Name":"","Buyer_Name_2":"","Buyer_Mailing_Address_A":"","Buyer_Mailing_Address_B":"","Buyer_Mailing_Address_City":"","Buyer_Mailing_Address_State":"","Buyer_Mailing_Address_Zip":"","MERIDIAN":"S","TWP_NUM":"18","TWP_NS":"N","RNG_NUM":"03","RNG_EW":"E","SECT_NUM":"08","GRIDNAME":"PA","GRIDNUM":"02","LANDVALUE":19700.0,"LANDASSD":19700.0,"BLDGVALUE":0.0,"BLDGASSD":0.0,"GENAREA":"3654","NBHD":"A1N10","TAXZONE":"0025","CITY":"","COMMCOUN":"15","FSA":"900","RSA":"019","SSA_1":"","SSA_2":"","ESN":23,"ECN":14,"ASSMBDISTRICT":"1","VOTINGPRCNT":"25-315","DFIRM":null,"SPUD":null,"SUBDNUM":0,"LEGAL":"TOWNSHIP 18N RANGE 3E              SECTION 8 LOT C1","DOC1_DATE":"1900-01-01T00:00:00Z","DOC1_TYPE":"LISTING INFORMATION ONLY","DOC1_RCRD":"Palmer-Bk  Pg ","DOC2_DATE":"2019-07-10T00:00:00Z","DOC2_TYPE":"WARRANTY DEED (ALL TYPES)","DOC2_RCRD":"Palmer-Bk  Pg ","LANDUSE":"","RESUNIT":0.0,"MHUNIT":0.0,"DUPLEXUNIT":0.0,"MULTIUNIT":0.0,"GQUNIT":0.0,"MH_PK_UNIT":0.0,"BLDG_USE1":"","BLDG_USE2":"","BLDG_USE3":"","BLDG_USE4":"","BLDG_USE5":"","BLDG_USE6":"","Photo":"https://ecommerce.matsugov.us/assessment/Pages/Photos.aspx?isDLG=1&P_ID=32841","GlobalID":"{86C10544-0D1E-4B11-8219-D6CD1604B2F5}","Shape_Length":0.0073876163273473294,"Shape_Area":2.536285293040739e-06},"geometry":{"type":"MultiPolygon","coordinates":[[[[-148.958116627999971,61.662383713000054,0.0],[-148.959581627999967,61.661826240000039,0.0],[-148.96143155599998,61.662954753000065,0.0],[-148.959807076999965,61.663395297000079,0.0],[-148.958116627999971,61.662383713000054,0.0]]]]}},
{"type":"Feature","properties":{"OBJECTID":90894,"ParcelType":2,"P_ID":28178,"ACCOUNT":"18N03E07D001","TAXID_LOKI":"118N03E07D001","ACRES":5.22294474,"TAXACRE":4.91,"ORIGACRE":4.91,"FTYPE":"PARCEL","GENOWN":"PRIVATE","BUYLEASE":"N","OWNER_1":"BENSON TANNER R","NAME_2":"","MAILING_ADDRESS_LINE_A":"","MAILING_ADDRESS_LINE_B":"10973 N WOLVERINE RD ","MAILING_ADDRESS_CITY":"PALMER","MAILING_ADDRESS_STATE":"AK","MAILING_ADDRESS_ZIP":"99645","Buyer_Name":"","Buyer_Name_2":"","Buyer_Mailing_Address_A":"","Buyer_Mailing_Address_B":"","Buyer_Mailing_Address_City":"","Buyer_Mailing_Address_State":"","Buyer_Mailing_Address_Zip":"","MERIDIAN":"S","TWP_NUM":"18","TWP_NS":"N","RNG_NUM":"03","RNG_EW":"E","SECT_NUM":"07","GRIDNAME":"PA","GRIDNUM":"02","LANDVALUE":51100.0,"LANDASSD":51100.0,"BLDGVALUE":255700.0,"BLDGASSD":255700.0,"GENAREA":"3654","NBHD":"A1N10","TAXZONE":"0026","CITY":"","COMMCOUN":"15","FSA":"132","RSA":"019","SSA_1":"","SSA_2":"","ESN":24,"ECN":14,"ASSMBDISTRICT":"1","VOTINGPRCNT":"25-315","DFIRM":null,"SPUD":null,"SUBDNUM":0,"LEGAL":"TOWNSHIP 18N RANGE 3E              SECTION 7 LOT D1","DOC1_DATE":"2020-09-02T00:00:00Z","DOC1_TYPE":"QUITCLAIM DEED (ALL TYPE)","DOC1_RCRD":"Palmer-Bk  Pg ","DOC2_DATE":"2011-08-31T00:00:00Z","DOC2_TYPE":"WARRANTY DEED (ALL TYPES)","DOC2_RCRD":"Palmer-Bk  Pg ","LANDUSE":"","RESUNIT":1.0,"MHUNIT":0.0,"DUPLEXUNIT":0.0,"MULTIUNIT":0.0,"GQUNIT":0.0,"MH_PK_UNIT":0.0,"BLDG_USE1":"1100","BLDG_USE2":"","BLDG_USE3":"","BLDG_USE4":"","BLDG_USE5":"","BLDG_USE6":"","Photo":"https://ecommerce.matsugov.us/assessment/Pages/Photos.aspx?isDLG=1&P_ID=28178","GlobalID":"{4014F86A-4592-4EB8-89C3-F822238E8CB1}","Shape_Length":0.0089183697438930502,"Shape_Area":3.5806913234894358e-06},"geometry":{"type":"MultiPolygon","coordinates":[[[[-148.972424941999975,61.662565807000078,0.0],[-148.974082256999964,61.662030200000061,0.0],[-148.976404900999967,61.663402529000052,0.0],[-148.974881790999973,61.663997650000056,0.0],[-148.972424941999975,61.662565807000078,0.0]]]]}},
{"type":"Feature","properties":{"OBJECTID":90895,"ParcelType":2,"P_ID":69073,"ACCOUNT":"18N03E08C004","TAXID_LOKI":"118N03E08C004","ACRES":3.50970764,"TAXACRE":3.5,"ORIGACRE":3.5,"FTYPE":"PARCEL","GENOWN":"PRIVATE","BUYLEASE":"N","OWNER_1":"HAGER WM & BONNIE","NAME_2":"","MAILING_ADDRESS_LINE_A":"","MAILING_ADDRESS_LINE_B":"11591 N WOLVERINE RD ","MAILING_ADDRESS_CITY":"PALMER","MAILING_ADDRESS_STATE":"AK","MAILING_ADDRESS_ZIP":"99645-7815","Buyer_Name":"","Buyer_Name_2":"","Buyer_Mailing_Address_A":"","Buyer_Mailing_Address_B":"","Buyer_Mailing_Address_City":"","Buyer_Mailing_Address_State":"","Buyer_Mailing_Address_Zip":"","MERIDIAN":"S","TWP_NUM":"18","TWP_NS":"N","RNG_NUM":"03","RNG_EW":"E","SECT_NUM":"08","GRIDNAME":"PA","GRIDNUM":"02","LANDVALUE":18400.0,"LANDASSD":18400.0,"BLDGVALUE":0.0,"BLDGASSD":0.0,"GENAREA":"3654","NBHD":"A1N10","TAXZONE":"0025","CITY":"","COMMCOUN":"15","FSA":"900","RSA":"019","SSA_1":"","SSA_2":"","ESN":23,"ECN":14,"ASSMBDISTRICT":"1","VOTINGPRCNT":"25-315","DFIRM":null,"SPUD":null,"SUBDNUM":0,"LEGAL":"TOWNSHIP 18N RANGE 3E              SECTION 8 LOT C4","DOC1_DATE":"2001-11-07T00:00:00Z","DOC1_TYPE":"QUITCLAIM DEED (ALL TYPE)","DOC1_RCRD":"Palmer-Bk  Pg 0","DOC2_DATE":"1984-07-20T00:00:00Z","DOC2_TYPE":"QUITCLAIM DEED (ALL TYPE)","DOC2_RCRD":"Palmer-Bk 369 Pg 579","LANDUSE":"","RESUNIT":0.0,"MHUNIT":0.0,"DUPLEXUNIT":0.0,"MULTIUNIT":0.0,"GQUNIT":0.0,"MH_PK_UNIT":0.0,"BLDG_USE1":"","BLDG_USE2":"","BLDG_USE3":"","BLDG_USE4":"","BLDG_USE5":"","BLDG_USE6":"","Photo":"https://ecommerce.matsugov.us/assessment/Pages/Photos.aspx?isDLG=1&P_ID=69073","GlobalID":"{16A9CDCD-449B-4E3B-9C0A-2C5B173F6F45}","Shape_Length":0.0070917896900324568,"Shape_Area":2.4061590046635113e-06},"geometry":{"type":"MultiPolygon","coordinates":[[[[-148.956628663999965,61.662950035000051,0.0],[-148.958116627999971,61.662383713000054,0.0],[-148.959807076999965,61.663395297000079,0.0],[-148.958257179999976,61.663917466000044,0.0],[-148.956628663999965,61.662950035000051,0.0]]]]}},
{"type":"Feature","properties":{"OBJECTID":90896,"ParcelType":2,"P_ID":58380,"ACCOUNT":"18N03E08C008","TAXID_LOKI":"118N03E08C008","ACRES":17.30561926,"TAXACRE":17.46,"ORIGACRE":17.46,"FTYPE":"PARCEL","GENOWN":"MENTAL HEALTH","BUYLEASE":"Y","OWNER_1":"ALASKA STATE OF","NAME_2":"AK MENTAL HEALTH TR AUTH","MAILING_ADDRESS_LINE_A":"STE 201","MAILING_ADDRESS_LINE_B":"2600  CORDOVA ST ","MAILING_ADDRESS_CITY":"ANCHORAGE","MAILING_ADDRESS_STATE":"AK","MAILING_ADDRESS_ZIP":"99503-2745","Buyer_Name":"RAGLIN-MINGNEAU TAMMY","Buyer_Name_2":"","Buyer_Mailing_Address_A":"","Buyer_Mailing_Address_B":"1708  DENVER ST ","Buyer_Mailing_Address_City":"PORTLAND","Buyer_Mailing_Address_State":"TX","Buyer_Mailing_Address_Zip":"78374","MERIDIAN":"S","TWP_NUM":"18","TWP_NS":"N","RNG_NUM":"03","RNG_EW":"E","SECT_NUM":"08","GRIDNAME":"PA","GRIDNUM":"02","LANDVALUE":83300.0,"LANDASSD":83300.0,"BLDGVALUE":0.0,"BLDGASSD":0.0,"GENAREA":"3654","NBHD":"A1N10","TAXZONE":"0025","CITY":"","COMMCOUN":"15","FSA":"900","RSA":"019","SSA_1":"","SSA_2":"","ESN":23,"ECN":14,"ASSMBDISTRICT":"1","VOTINGPRCNT":"25-315","DFIRM":null,"SPUD":null,"SUBDNUM":0,"LEGAL":"TOWNSHIP 18N RANGE 3E              SECTION 8 LOT C8","DOC1_DATE":"2026-08-20T00:00:00Z","DOC1_TYPE":"ASSIGNMENT OF CONTRACT","DOC1_RCRD":"Palmer-Bk  Pg ","DOC2_DATE":"2023-07-25T00:00:00Z","DOC2_TYPE":"CONTRACT FOR SALE","DOC2_RCRD":"Palmer-Bk  Pg ","LANDUSE":"","RESUNIT":0.0,"MHUNIT":0.0,"DUPLEXUNIT":0.0,"MULTIUNIT":0.0,"GQUNIT":0.0,"MH_PK_UNIT":0.0,"BLDG_USE1":"","BLDG_USE2":"","BLDG_USE3":"","BLDG_USE4":"","BLDG_USE5":"","BLDG_USE6":"","Photo":"https://ecommerce.matsugov.us/assessment/Pages/Photos.aspx?isDLG=1&P_ID=58380","GlobalID":"{6EBEC67C-26FC-440D-BBF7-BF5FA07C4158}","Shape_Length":0.020067273997526607,"Shape_Area":1.1863790998828442e-05},"geometry":{"type":"MultiPolygon","coordinates":[[[[-148.963261529999983,61.662628979000033,0.0],[-148.961041130999973,61.661271010000064,0.0],[-148.961074488999969,61.661258321000048,0.0],[-148.967182250999969,61.659381733000032,0.0],[-148.967204982999959,61.661326963000079,0.0],[-148.966530498999958,61.661318640000047,0.0],[-148.964239429999964,61.662688923000076,0.0],[-148.965593579999961,61.663300365000055,0.0],[-148.964559807999962,61.663907195000036,0.0],[-148.96416397699997,61.664066237000043,0.0],[-148.963670460999964,61.663779090000048,0.0],[-148.964319162999971,61.663458564000052,0.0],[-148.963261529999983,61.662628979000033,0.0]]]]}},
{"type":"Feature","properties":{"OBJECTID":90903,"ParcelType":2,"P_ID":19916,"ACCOUNT":"18N03E07C020","TAXID_LOKI":"118N03E07C020","ACRES":40.21186086,"TAXACRE":39.47,"ORIGACRE":40.0,"FTYPE":"PARCEL","GENOWN":"PRIVATE","BUYLEASE":"N","OWNER_1":"SUNDERLAND SLOAN & KATHLEEN","NAME_2":"MATANUSKA-SUSITNA BOROUGH","MAILING_ADDRESS_LINE_A":"","MAILING_ADDRESS_LINE_B":"10120 N WOLVERINE RD ","MAILING_ADDRESS_CITY":"PALMER","MAILING_ADDRESS_STATE":"AK","MAILING_ADDRESS_ZIP":"99645-8762","Buyer_Name":"","Buyer_Name_2":"","Buyer_Mailing_Address_A":"","Buyer_Mailing_Address_B":"","Buyer_Mailing_Address_City":"","Buyer_Mailing_Address_State":"","Buyer_Mailing_Address_Zip":"","MERIDIAN":"S","TWP_NUM":"18","TWP_NS":"N","RNG_NUM":"03","RNG_EW":"E","SECT_NUM":"07","GRIDNAME":"PA","GRIDNUM":"02","LANDVALUE":9900.0,"LANDASSD":9900.0,"BLDGVALUE":0.0,"BLDGASSD":0.0,"GENAREA":"3654","NBHD":"AG_LAND","TAXZONE":"0026","CITY":"","COMMCOUN":"15","FSA":"132","RSA":"019","SSA_1":"","SSA_2":"","ESN":24,"ECN":14,"ASSMBDISTRICT":"1","VOTINGPRCNT":"25-315","DFIRM":null,"SPUD":null,"SUBDNUM":0,"LEGAL":"TOWNSHIP 18N RANGE 3E              SECTION 7 LOT C20","DOC1_DATE":"2016-06-16T00:00:00Z","DOC1_TYPE":"QUITCLAIM DEED (ALL TYPE)","DOC1_RCRD":"Palmer-Bk  Pg ","DOC2_DATE":"2014-04-07T00:00:00Z","DOC2_TYPE":"QUITCLAIM DEED (ALL TYPE)","DOC2_RCRD":"Palmer-Bk  Pg ","LANDUSE":"","RESUNIT":0.0,"MHUNIT":0.0,"DUPLEXUNIT":0.0,"MULTIUNIT":0.0,"GQUNIT":0.0,"MH_PK_UNIT":0.0,"BLDG_USE1":"","BLDG_USE2":"","BLDG_USE3":"","BLDG_USE4":"","BLDG_USE5":"","BLDG_USE6":"","Photo":"https://ecommerce.matsugov.us/assessment/Pages/Photos.aspx?isDLG=1&P_ID=19916","GlobalID":"{D72AFA8B-E7FF-446A-92D1-A9712C0C73C0}","Shape_Length":0.022450544528747427,"Shape_Area":2.7567581526481756e-05},"geometry":{"type":"MultiPolygon","coordinates":[[[[-148.982394423999978,61.661055986000065,0.0],[-148.982391580999973,61.660867243000041,0.0],[-148.983037578999983,61.660865852000029,0.0],[-148.983167694999963,61.660865604000037,0.0],[-148.983255173999964,61.660865383000043,0.0],[-148.983281602999966,61.660865326000078,0.0],[-148.985126993999984,61.660861332000081,0.0],[-148.986166312999984,61.66085905500006,0.0],[-148.989986174999956,61.660850388000028,0.0],[-148.990000618999971,61.664477137000063,0.0],[-148.982405453999974,61.664501155000039,0.0],[-148.982394423999978,61.661055986000065,0.0]]]]}},
{"type":"Feature","properties":{"OBJECTID":90904,"ParcelType":2,"P_ID":54486,"ACCOUNT":"18N03E07C021","TAXID_LOKI":"118N03E07C021","ACRES":22.31022325,"TAXACRE":18.08,"ORIGACRE":22.42,"FTYPE":"PARCEL","GENOWN":"PRIVATE","BUYLEASE":"N","OWNER_1":"SUNDERLAND SLOAN & KATHLEEN","NAME_2":"MATANUSKA-SUSITNA BOROUGH","MAILING_ADDRESS_LINE_A":"","MAILING_ADDRESS_LINE_B":"10120 N WOLVERINE RD ","MAILING_ADDRESS_CITY":"PALMER","MAILING_ADDRESS_STATE":"AK","MAILING_ADDRESS_ZIP":"99645-8762","Buyer_Name":"","Buyer_Name_2":"","Buyer_Mailing_Address_A":"","Buyer_Mailing_Address_B":"","Buyer_Mailing_Address_City":"","Buyer_Mailing_Address_State":"","Buyer_Mailing_Address_Zip":"","MERIDIAN":"S","TWP_NUM":"18","TWP_NS":"N","RNG_NUM":"03","RNG_EW":"E","SECT_NUM":"07","GRIDNAME":"PA","GRIDNUM":"02","LANDVALUE":4500.0,"LANDASSD":4500.0,"BLDGVALUE":227800.0,"BLDGASSD":227800.0,"GENAREA":"3654","NBHD":"AG_LAND","TAXZONE":"0026","CITY":"","COMMCOUN":"15","FSA":"132","RSA":"019","SSA_1":"","SSA_2":"","ESN":24,"ECN":14,"ASSMBDISTRICT":"1","VOTINGPRCNT":"25-315","DFIRM":null,"SPUD":null,"SUBDNUM":0,"LEGAL":"TOWNSHIP 18N RANGE 3E              SECTION 7 LOT C21","DOC1_DATE":"2016-06-16T00:00:00Z","DOC1_TYPE":"QUITCLAIM DEED (ALL TYPE)","DOC1_RCRD":"Palmer-Bk  Pg ","DOC2_DATE":"2014-04-07T00:00:00Z","DOC2_TYPE":"QUITCLAIM DEED (ALL TYPE)","DOC2_RCRD":"Palmer-Bk  Pg ","LANDUSE":"","RESUNIT":1.0,"MHUNIT":0.0,"DUPLEXUNIT":0.0,"MULTIUNIT":0.0,"GQUNIT":0.0,"MH_PK_UNIT":0.0,"BLDG_USE1":"1100","BLDG_USE2":"1110","BLDG_USE3":"","BLDG_USE4":"","BLDG_USE5":"","BLDG_USE6":"","Photo":"https://ecommerce.matsugov.us/assessment/Pages/Photos.aspx?isDLG=1&P_ID=54486","GlobalID":"{88F5CBB9-0A6A-4923-8274-63D6842567D9}","Shape_Length":0.021868280284851726,"Shape_Area":1.5295322419603733e-05},"geometry":{"type":"MultiPolygon","coordinates":[[[[-148.982376224999967,61.66106312800008,0.0],[-148.982394423999978,61.661055986000065,0.0],[-148.982405453999974,61.664501155000039,0.0],[-148.977148006999982,61.664518975000078,0.0],[-148.973516372999967,61.664531123000074,0.0],[-148.974881790999973,61.663997650000056,0.0],[-148.976404900999967,61.663402529000052,0.0],[-148.977892739999959,61.66282115000007,0.0],[-148.979404636999959,61.662230332000036,0.0],[-148.980885934999975,61.661647960000039,0.0],[-148.982376224999967,61.66106312800008,0.0]]]]}},
{"type":"Feature","properties":{"OBJECTID":90905,"ParcelType":2,"P_ID":43644,"ACCOUNT":"18N03E07A005","TAXID_LOKI":"118N03E07A005","ACRES":5.18820317,"TAXACRE":5.04,"ORIGACRE":5.04,"FTYPE":"PARCEL","GENOWN":"PRIVATE","BUYLEASE":"N","OWNER_1":"TOMPKINS EDWARD JOHN","NAME_2":"","MAILING_ADDRESS_LINE_A":"","MAILING_ADDRESS_LINE_B":"11051 N WOLVERINE RD ","MAILING_ADDRESS_CITY":"PALMER","MAILING_ADDRESS_STATE":"AK","MAILING_ADDRESS_ZIP":"99645","Buyer_Name":"","Buyer_Name_2":"","Buyer_Mailing_Address_A":"","Buyer_Mailing_Address_B":"","Buyer_Mailing_Address_City":"","Buyer_Mailing_Address_State":"","Buyer_Mailing_Address_Zip":"","MERIDIAN":"S","TWP_NUM":"18","TWP_NS":"N","RNG_NUM":"03","RNG_EW":"E","SECT_NUM":"07","GRIDNAME":"PA","GRIDNUM":"02","LANDVALUE":51800.0,"LANDASSD":0.0,"BLDGVALUE":64300.0,"BLDGASSD":0.0,"GENAREA":"3654","NBHD":"A1N10","TAXZONE":"0026","CITY":"","COMMCOUN":"15","FSA":"132","RSA":"019","SSA_1":"","SSA_2":"","ESN":24,"ECN":14,"ASSMBDISTRICT":"1","VOTINGPRCNT":"25-315","DFIRM":null,"SPUD":null,"SUBDNUM":0,"LEGAL":"TOWNSHIP 18N RANGE 3E              SECTION 7 LOT A5","DOC1_DATE":"2023-07-07T00:00:00Z","DOC1_TYPE":"AFFIDAVIT OF SURVIVORSHIP","DOC1_RCRD":"Palmer-Bk  Pg ","DOC2_DATE":"1982-05-13T00:00:00Z","DOC2_TYPE":"WARRANTY DEED (ALL TYPES)","DOC2_RCRD":"Palmer-Bk 262 Pg 499","LANDUSE":"","RESUNIT":1.0,"MHUNIT":0.0,"DUPLEXUNIT":0.0,"MULTIUNIT":0.0,"GQUNIT":0.0,"MH_PK_UNIT":0.0,"BLDG_USE1":"1100","BLDG_USE2":"","BLDG_USE3":"","BLDG_USE4":"","BLDG_USE5":"","BLDG_USE6":"","Photo":"https://ecommerce.matsugov.us/assessment/Pages/Photos.aspx?isDLG=1&P_ID=43644","GlobalID":"{B7FCF3B0-970E-46CA-A997-B9F8B0A64A3A}","Shape_Length":0.0086735885236098476,"Shape_Area":3.5569468234293499e-06},"geometry":{"type":"MultiPolygon","coordinates":[[[[-148.971840150999981,61.662741892000042,0.0],[-148.972424941999975,61.662565807000078,0.0],[-148.974881790999973,61.663997650000056,0.0],[-148.973516372999967,61.664531123000074,0.0],[-148.973369,61.664588007000077,0.0],[-148.971062201999956,61.663210337000066,0.0],[-148.971099651999964,61.663193849000038,0.0],[-148.971840150999981,61.662741892000042,0.0]]]]}},
{"type":"Feature","properties":{"OBJECTID":90906,"ParcelType":2,"P_ID":67203,"ACCOUNT":"18N03E08C003","TAXID_LOKI":"118N03E08C003","ACRES":3.45456105,"TAXACRE":3.64,"ORIGACRE":3.64,"FTYPE":"PARCEL","GENOWN":"PRIVATE","BUYLEASE":"N","OWNER_1":"HERMON MARK & RINA FAMILY TR","NAME_2":"HERMON GEORGE D & DONA R","MAILING_ADDRESS_LINE_A":"","MAILING_ADDRESS_LINE_B":"PO BOX 2394","MAILING_ADDRESS_CITY":"UTQIAGVIK","MAILING_ADDRESS_STATE":"AK","MAILING_ADDRESS_ZIP":"99723","Buyer_Name":"","Buyer_Name_2":"","Buyer_Mailing_Address_A":"","Buyer_Mailing_Address_B":"","Buyer_Mailing_Address_City":"","Buyer_Mailing_Address_State":"","Buyer_Mailing_Address_Zip":"","MERIDIAN":"S","TWP_NUM":"18","TWP_NS":"N","RNG_NUM":"03","RNG_EW":"E","SECT_NUM":"08","GRIDNAME":"PA","GRIDNUM":"02","LANDVALUE":23500.0,"LANDASSD":23500.0,"BLDGVALUE":24600.0,"BLDGASSD":24600.0,"GENAREA":"3654","NBHD":"A1N10","TAXZONE":"0025","CITY":"","COMMCOUN":"15","FSA":"900","RSA":"019","SSA_1":"","SSA_2":"","ESN":23,"ECN":14,"ASSMBDISTRICT":"1","VOTINGPRCNT":"25-315","DFIRM":null,"SPUD":null,"SUBDNUM":0,"LEGAL":"TOWNSHIP 18N RANGE 3E              SECTION 8 LOT C3","DOC1_DATE":"2022-12-16T00:00:00Z","DOC1_TYPE":"WARRANTY DEED (ALL TYPES)","DOC1_RCRD":"Palmer-Bk  Pg ","DOC2_DATE":"2021-06-09T00:00:00Z","DOC2_TYPE":"PERSONAL REPRESENTATIVE","DOC2_RCRD":"Palmer-Bk  Pg ","LANDUSE":"","RESUNIT":1.0,"MHUNIT":0.0,"DUPLEXUNIT":0.0,"MULTIUNIT":0.0,"GQUNIT":0.0,"MH_PK_UNIT":0.0,"BLDG_USE1":"1100","BLDG_USE2":"","BLDG_USE3":"","BLDG_USE4":"","BLDG_USE5":"","BLDG_USE6":"","Photo":"https://ecommerce.matsugov.us/assessment/Pages/Photos.aspx?isDLG=1&P_ID=67203","GlobalID":"{A72669A2-6E47-4CA7-9FF8-A915DCDED65C}","Shape_Length":0.0068511329450053511,"Shape_Area":2.3683918940502647e-06},"geometry":{"type":"MultiPolygon","coordinates":[[[[-148.955248934999958,61.663475241000071,0.0],[-148.956628663999965,61.662950035000051,0.0],[-148.958257179999976,61.663917466000044,0.0],[-148.957426120999969,61.664427843000055,0.0],[-148.957067107999961,61.66456647800004,0.0],[-148.955248934999958,61.663475241000071,0.0]]]]}},
{"type":"Feature","properties":{"OBJECTID":90907,"ParcelType":2,"P_ID":8648,"ACCOUNT":"18N03E08C006","TAXID_LOKI":"118N03E08C006","ACRES":103.76066988,"TAXACRE":102.42,"ORIGACRE":102.42,"FTYPE":"PARCEL","GENOWN":"BOROUGH","BUYLEASE":"N","OWNER_1":"MATANUSKA-SUSITNA BOROUGH","NAME_2":"","MAILING_ADDRESS_LINE_A":"","MAILING_ADDRESS_LINE_B":"350 E DAHLIA AVE ","MAILING_ADDRESS_CITY":"PALMER","MAILING_ADDRESS_STATE":"AK","MAILING_ADDRESS_ZIP":"99645-6488","Buyer_Name":"","Buyer_Name_2":"","Buyer_Mailing_Address_A":"","Buyer_Mailing_Address_B":"","Buyer_Mailing_Address_City":"","Buyer_Mailing_Address_State":"","Buyer_Mailing_Address_Zip":"","MERIDIAN":"S","TWP_NUM":"18","TWP_NS":"N","RNG_NUM":"03","RNG_EW":"E","SECT_NUM":"08","GRIDNAME":"PA","GRIDNUM":"02","LANDVALUE":111900.0,"LANDASSD":0.0,"BLDGVALUE":0.0,"BLDGASSD":0.0,"GENAREA":"3654","NBHD":"A1N10","TAXZONE":"0025","CITY":"","COMMCOUN":"15","FSA":"","RSA":"019","SSA_1":"","SSA_2":"","ESN":23,"ECN":14,"ASSMBDISTRICT":"1","VOTINGPRCNT":"25-315","DFIRM":null,"SPUD":null,"SUBDNUM":0,"LEGAL":"TOWNSHIP 18N RANGE 3E              SECTION 8 LOT C6","DOC1_DATE":null,"DOC1_TYPE":"","DOC1_RCRD":"","DOC2_DATE":null,"DOC2_TYPE":"","DOC2_RCRD":"","LANDUSE":"","RESUNIT":0.0,"MHUNIT":0.0,"DUPLEXUNIT":0.0,"MULTIUNIT":0.0,"GQUNIT":0.0,"MH_PK_UNIT":0.0,"BLDG_USE1":"","BLDG_USE2":"","BLDG_USE3":"","BLDG_USE4":"","BLDG_USE5":"","BLDG_USE6":"","Photo":"https://ecommerce.matsugov.us/assessment/Pages/Photos.aspx?isDLG=1&P_ID=8648","GlobalID":"{1D911696-DF54-400D-A8B4-C06412597085}","Shape_Length":0.042659621996939026,"Shape_Area":7.1129948253177764e-05},"geometry":{"type":"MultiPolygon","coordinates":[[[[-148.951826761999968,61.657333059000052,0.0],[-148.967150400999969,61.657331984000052,0.0],[-148.967182250999969,61.659381733000032,0.0],[-148.961074488999969,61.661258321000048,0.0],[-148.961041130999973,61.661271010000064,0.0],[-148.959581627999967,61.661826240000039,0.0],[-148.958116627999971,61.662383713000054,0.0],[-148.956628663999965,61.662950035000051,0.0],[-148.955248934999958,61.663475241000071,0.0],[-148.953733957999958,61.664052004000041,0.0],[-148.954629718999968,61.664590295000039,0.0],[-148.951893336999973,61.664593575000083,0.0],[-148.951826761999968,61.657333059000052,0.0]]]]}},
{"type":"Feature","properties":{"OBJECTID":90922,"ParcelType":2,"P_ID":88210,"ACCOUNT":"18N03E08B005","TAXID_LOKI":"118N03E08B005","ACRES":1.96643132,"TAXACRE":1.78,"ORIGACRE":1.78,"FTYPE":"PARCEL","GENOWN":"PRIVATE","BUYLEASE":"N","OWNER_1":"HAGER WM C & BONNIE JO","NAME_2":"","MAILING_ADDRESS_LINE_A":"","MAILING_ADDRESS_LINE_B":"11591 N WOLVERINE RD ","MAILING_ADDRESS_CITY":"PALMER","MAILING_ADDRESS_STATE":"AK","MAILING_ADDRESS_ZIP":"99645-7815","Buyer_Name":"","Buyer_Name_2":"","Buyer_Mailing_Address_A":"","Buyer_Mailing_Address_B":"","Buyer_Mailing_Address_City":"","Buyer_Mailing_Address_State":"","Buyer_Mailing_Address_Zip":"","MERIDIAN":"S","TWP_NUM":"18","TWP_NS":"N","RNG_NUM":"03","RNG_EW":"E","SECT_NUM":"08","GRIDNAME":"PA","GRIDNUM":"02","LANDVALUE":12500.0,"LANDASSD":12500.0,"BLDGVALUE":0.0,"BLDGASSD":0.0,"GENAREA":"3654","NBHD":"A1N10","TAXZONE":"0025","CITY":"","COMMCOUN":"15","FSA":"900","RSA":"019","SSA_1":"","SSA_2":"","ESN":23,"ECN":14,"ASSMBDISTRICT":"1","VOTINGPRCNT":"25-315","DFIRM":null,"SPUD":null,"SUBDNUM":0,"LEGAL":"TOWNSHIP 18N RANGE 3E              SECTION 8 LOT B5","DOC1_DATE":"2003-11-03T00:00:00Z","DOC1_TYPE":"QUITCLAIM DEED (ALL TYPE)","DOC1_RCRD":"Palmer-Bk  Pg 0","DOC2_DATE":"1989-03-03T00:00:00Z","DOC2_TYPE":"QUITCLAIM DEED (ALL TYPE)","DOC2_RCRD":"Palmer-Bk 578 Pg 292","LANDUSE":"","RESUNIT":0.0,"MHUNIT":0.0,"DUPLEXUNIT":0.0,"MULTIUNIT":0.0,"GQUNIT":0.0,"MH_PK_UNIT":0.0,"BLDG_USE1":"","BLDG_USE2":"","BLDG_USE3":"","BLDG_USE4":"","BLDG_USE5":"","BLDG_USE6":"","Photo":"https://ecommerce.matsugov.us/assessment/Pages/Photos.aspx?isDLG=1&P_ID=88210","GlobalID":"{CADBE9CD-6C39-4C3C-971A-41BF0EC544D5}","Shape_Length":0.006398552480855726,"Shape_Area":1.3481838169102688e-06},"geometry":{"type":"MultiPolygon","coordinates":[[[[-148.961204701999975,61.664528701000052,0.0],[-148.963670460999964,61.663779090000048,0.0],[-148.96416397699997,61.664066237000043,0.0],[-148.961937586999966,61.664961055000049,0.0],[-148.961204701999975,61.664528701000052,0.0]]]]}},
{"type":"Feature","properties":{"OBJECTID":90931,"ParcelType":1,"P_ID":39664,"ACCOUNT":"3247000L009B","TAXID_LOKI":"53247000L009B","ACRES":4.74647746,"TAXACRE":4.66,"ORIGACRE":4.66,"FTYPE":"PARCEL","GENOWN":"PRIVATE","BUYLEASE":"N","OWNER_1":"MCPHERSON JOHN G & MARTHA L","NAME_2":"","MAILING_ADDRESS_LINE_A":"","MAILING_ADDRESS_LINE_B":"4925  COSHATT DR ","MAILING_ADDRESS_CITY":"HOOVER","MAILING_ADDRESS_STATE":"AL","MAILING_ADDRESS_ZIP":"35244","Buyer_Name":"","Buyer_Name_2":"","Buyer_Mailing_Address_A":"","Buyer_Mailing_Address_B":"","Buyer_Mailing_Address_City":"","Buyer_Mailing_Address_State":"","Buyer_Mailing_Address_Zip":"","MERIDIAN":"S","TWP_NUM":"18","TWP_NS":"N","RNG_NUM":"03","RNG_EW":"E","SECT_NUM":"07","GRIDNAME":"PA","GRIDNUM":"02","LANDVALUE":49600.0,"LANDASSD":49600.0,"BLDGVALUE":691000.0,"BLDGASSD":691000.0,"GENAREA":"3654","NBHD":"A1N10","TAXZONE":"0026","CITY":"","COMMCOUN":"15","FSA":"132","RSA":"019","SSA_1":"","SSA_2":"","ESN":24,"ECN":14,"ASSMBDISTRICT":"1","VOTINGPRCNT":"25-315","DFIRM":null,"SPUD":null,"SUBDNUM":3247,"LEGAL":"SUB OF 18N03E07 L/09               LOT 9B","DOC1_DATE":"2023-02-24T00:00:00Z","DOC1_TYPE":"WARRANTY DEED (ALL TYPES)","DOC1_RCRD":"Palmer-Bk  Pg ","DOC2_DATE":"2021-09-14T00:00:00Z","DOC2_TYPE":"QUITCLAIM DEED (ALL TYPE)","DOC2_RCRD":"Palmer-Bk  Pg ","LANDUSE":"","RESUNIT":4.0,"MHUNIT":0.0,"DUPLEXUNIT":0.0,"MULTIUNIT":0.0,"GQUNIT":0.0,"MH_PK_UNIT":0.0,"BLDG_USE1":"1100","BLDG_USE2":"","BLDG_USE3":"","BLDG_USE4":"","BLDG_USE5":"","BLDG_USE6":"","Photo":"https://ecommerce.matsugov.us/assessment/Pages/Photos.aspx?isDLG=1&P_ID=39664","GlobalID":"{D28A8898-CBB4-45AE-ADE8-D5C145C266E2}","Shape_Length":0.0084006270672382921,"Shape_Area":3.2541723177424764e-06},"geometry":{"type":"MultiPolygon","coordinates":[[[[-148.969647704999971,61.663835076000055,0.0],[-148.971062201999956,61.663210337000066,0.0],[-148.973369,61.664588007000077,0.0],[-148.972756715999964,61.664824320000037,0.0],[-148.971944486999973,61.665137795000078,0.0],[-148.969647704999971,61.663835076000055,0.0]]]]}},
{"type":"Feature","properties":{"OBJECTID":90946,"ParcelType":1,"P_ID":517015,"ACCOUNT":"7119000L001","TAXID_LOKI":"57119000L001","ACRES":4.980069,"TAXACRE":4.48,"ORIGACRE":5.0,"FTYPE":"PARCEL","GENOWN":"PRIVATE","BUYLEASE":"N","OWNER_1":"STELZER HEIDI A & SECOY ETHAN N","NAME_2":"MATANUSKA-SUSITNA BOROUGH","MAILING_ADDRESS_LINE_A":"","MAILING_ADDRESS_LINE_B":"11084 N WOLVERINE RD ","MAILING_ADDRESS_CITY":"PALMER","MAILING_ADDRESS_STATE":"AK","MAILING_ADDRESS_ZIP":"99645","Buyer_Name":"","Buyer_Name_2":"","Buyer_Mailing_Address_A":"","Buyer_Mailing_Address_B":"","Buyer_Mailing_Address_City":"","Buyer_Mailing_Address_State":"","Buyer_Mailing_Address_Zip":"","MERIDIAN":"S","TWP_NUM":"18","TWP_NS":"N","RNG_NUM":"03","RNG_EW":"E","SECT_NUM":"07","GRIDNAME":"PA","GRIDNUM":"02","LANDVALUE":1100.0,"LANDASSD":1100.0,"BLDGVALUE":287100.0,"BLDGASSD":287100.0,"GENAREA":"3654","NBHD":"AG_LAND","TAXZONE":"0026","CITY":"","COMMCOUN":"15","FSA":"132","RSA":"019","SSA_1":"","SSA_2":"","ESN":24,"ECN":14,"ASSMBDISTRICT":"1","VOTINGPRCNT":"25-315","DFIRM":null,"SPUD":null,"SUBDNUM":7119,"LEGAL":"STELZER           LOT 1","DOC1_DATE":"2023-07-19T00:00:00Z","DOC1_TYPE":"QUITCLAIM DEED (ALL TYPE)","DOC1_RCRD":"Palmer-Bk  Pg ","DOC2_DATE":"2013-01-14T00:00:00Z","DOC2_TYPE":"QUITCLAIM DEED (ALL TYPE)","DOC2_RCRD":"Palmer-Bk  Pg ","LANDUSE":"","RESUNIT":1.0,"MHUNIT":0.0,"DUPLEXUNIT":0.0,"MULTIUNIT":0.0,"GQUNIT":0.0,"MH_PK_UNIT":0.0,"BLDG_USE1":"1100","BLDG_USE2":"","BLDG_USE3":"","BLDG_USE4":"","BLDG_USE5":"","BLDG_USE6":"","Photo":"https://ecommerce.matsugov.us/assessment/Pages/Photos.aspx?isDLG=1&P_ID=517015","GlobalID":"{E651D203-5FF2-41BA-8FC9-23D3401536B7}","Shape_Length":0.0098703270339941251,"Shape_Area":3.4144036816781989e-06},"geometry":{"type":"MultiPolygon","coordinates":[[[[-148.973516372999967,61.664531123000074,0.0],[-148.977148006999982,61.664518975000078,0.0],[-148.977161284999966,61.66538461500005,0.0],[-148.973741960999973,61.665396442000031,0.0],[-148.972756715999964,61.664824320000037,0.0],[-148.973369,61.664588007000077,0.0],[-148.973516372999967,61.664531123000074,0.0]]]]}},
{"type":"Feature","properties":{"OBJECTID":90947,"ParcelType":2,"P_ID":84764,"ACCOUNT":"18N03E08B008","TAXID_LOKI":"118N03E08B008","ACRES":0.22393462,"TAXACRE":0.18,"ORIGACRE":0.18,"FTYPE":"PARCEL","GENOWN":"PRIVATE","BUYLEASE":"N","OWNER_1":"OLMSTEAD SETH D","NAME_2":"","MAILING_ADDRESS_LINE_A":"","MAILING_ADDRESS_LINE_B":"11293 N WOLVERINE RD ","MAILING_ADDRESS_CITY":"PALMER","MAILING_ADDRESS_STATE":"AK","MAILING_ADDRESS_ZIP":"99645","Buyer_Name":"","Buyer_Name_2":"","Buyer_Mailing_Address_A":"","Buyer_Mailing_Address_B":"","Buyer_Mailing_Address_City":"","Buyer_Mailing_Address_State":"","Buyer_Mailing_Address_Zip":"","MERIDIAN":"S","TWP_NUM":"18","TWP_NS":"N","RNG_NUM":"03","RNG_EW":"E","SECT_NUM":"08","GRIDNAME":"PA","GRIDNUM":"02","LANDVALUE":8500.0,"LANDASSD":8500.0,"BLDGVALUE":0.0,"BLDGASSD":0.0,"GENAREA":"3654","NBHD":"A1N10","TAXZONE":"0026","CITY":"","COMMCOUN":"15","FSA":"132","RSA":"019","SSA_1":"","SSA_2":"","ESN":24,"ECN":14,"ASSMBDISTRICT":"1","VOTINGPRCNT":"25-315","DFIRM":null,"SPUD":null,"SUBDNUM":0,"LEGAL":"TOWNSHIP 18N RANGE 3E              SECTION 8 LOT B8","DOC1_DATE":"2025-03-14T00:00:00Z","DOC1_TYPE":"WARRANTY DEED (ALL TYPES)","DOC1_RCRD":"Palmer-Bk  Pg ","DOC2_DATE":"2001-11-15T00:00:00Z","DOC2_TYPE":"QUITCLAIM DEED (ALL TYPE)","DOC2_RCRD":"Palmer-Bk  Pg 0","LANDUSE":"","RESUNIT":0.0,"MHUNIT":0.0,"DUPLEXUNIT":0.0,"MULTIUNIT":0.0,"GQUNIT":0.0,"MH_PK_UNIT":0.0,"BLDG_USE1":"","BLDG_USE2":"","BLDG_USE3":"","BLDG_USE4":"","BLDG_USE5":"","BLDG_USE6":"","Photo":"https://ecommerce.matsugov.us/assessment/Pages/Photos.aspx?isDLG=1&P_ID=84764","GlobalID":"{F0E0102A-BCB4-4373-B885-F605F06D9E14}","Shape_Length":0.0018266400378922491,"Shape_Area":1.5353297655145238e-07},"geometry":{"type":"MultiPolygon","coordinates":[[[[-148.967215261999968,61.664913286000058,0.0],[-148.967260575999973,61.664893186000029,0.0],[-148.967268614999966,61.66544482300003,0.0],[-148.966692274999957,61.665113159000043,0.0],[-148.967005794999977,61.665006233000042,0.0],[-148.967215261999968,61.664913286000058,0.0]]]]}},
{"type":"Feature","properties":{"OBJECTID":90949,"ParcelType":9,"P_ID":201363,"ACCOUNT":"LAKE","TAXID_LOKI":"LAKE","ACRES":14.53796218,"TAXACRE":0.0,"ORIGACRE":0.0,"FTYPE":"HYDRO","GENOWN":"NA","BUYLEASE":"N","OWNER_1":"","NAME_2":"","MAILING_ADDRESS_LINE_A":"","MAILING_ADDRESS_LINE_B":"","MAILING_ADDRESS_CITY":"","MAILING_ADDRESS_STATE":"","MAILING_ADDRESS_ZIP":"","Buyer_Name":"","Buyer_Name_2":"","Buyer_Mailing_Address_A":"","Buyer_Mailing_Address_B":"","Buyer_Mailing_Address_City":"","Buyer_Mailing_Address_State":"","Buyer_Mailing_Address_Zip":"","MERIDIAN":"","TWP_NUM":"","TWP_NS":"","RNG_NUM":"03","RNG_EW":"E","SECT_NUM":"","GRIDNAME":"","GRIDNUM":"","LANDVALUE":0.0,"LANDASSD":0.0,"BLDGVALUE":0.0,"BLDGASSD":0.0,"GENAREA":"0","NBHD":"","TAXZONE":"","CITY":"","COMMCOUN":"","FSA":"","RSA":"019","SSA_1":"","SSA_2":"","ESN":23,"ECN":14,"ASSMBDISTRICT":"1","VOTINGPRCNT":"25-315","DFIRM":"","SPUD":"","SUBDNUM":0,"LEGAL":"","DOC1_DATE":null,"DOC1_TYPE":"","DOC1_RCRD":"","DOC2_DATE":null,"DOC2_TYPE":"","DOC2_RCRD":"","LANDUSE":"","RESUNIT":0.0,"MHUNIT":0.0,"DUPLEXUNIT":0.0,"MULTIUNIT":0.0,"GQUNIT":0.0,"MH_PK_UNIT":0.0,"BLDG_USE1":"","BLDG_USE2":"","BLDG_USE3":"","BLDG_USE4":"","BLDG_USE5":"","BLDG_USE6":"","Photo":"https://ecommerce.matsugov.us/assessment/Pages/Photos.aspx?isDLG=1&P_ID=201363","GlobalID":"{10E605C5-E659-4F57-B232-8E5EF28AAD3A}","Shape_Length":0.017963840569444087,"Shape_Area":9.9670948544423816e-06},"geometry":{"type":"MultiPolygon","coordinates":[[[[-148.96143155599998,61.662954753000065,0.0],[-148.963261529999983,61.662628979000033,0.0],[-148.964319162999971,61.663458564000052,0.0],[-148.963670460999964,61.663779090000048,0.0],[-148.961204701999975,61.664528701000052,0.0],[-148.958259328999958,61.665283332000058,0.0],[-148.956920630999974,61.665626489000033,0.0],[-148.955959246999981,61.665286919000039,0.0],[-148.956440230999959,61.664844327000083,0.0],[-148.957067107999961,61.66456647800004,0.0],[-148.957426120999969,61.664427843000055,0.0],[-148.958257179999976,61.663917466000044,0.0],[-148.959807076999965,61.663395297000079,0.0],[-148.96143155599998,61.662954753000065,0.0]]]]}},
{"type":"Feature","properties":{"OBJECTID":90950,"ParcelType":1,"P_ID":84921,"ACCOUNT":"3247000L009A","TAXID_LOKI":"53247000L009A","ACRES":4.88797385,"TAXACRE":4.56,"ORIGACRE":4.56,"FTYPE":"PARCEL","GENOWN":"PRIVATE","BUYLEASE":"N","OWNER_1":"LONGTIN RICHARD A & M K","NAME_2":"","MAILING_ADDRESS_LINE_A":"","MAILING_ADDRESS_LINE_B":"PO BOX 721","MAILING_ADDRESS_CITY":"RIVERDALE","MAILING_ADDRESS_STATE":"ND","MAILING_ADDRESS_ZIP":"58565-0721","Buyer_Name":"","Buyer_Name_2":"","Buyer_Mailing_Address_A":"","Buyer_Mailing_Address_B":"","Buyer_Mailing_Address_City":"","Buyer_Mailing_Address_State":"","Buyer_Mailing_Address_Zip":"","MERIDIAN":"S","TWP_NUM":"18","TWP_NS":"N","RNG_NUM":"03","RNG_EW":"E","SECT_NUM":"07","GRIDNAME":"PA","GRIDNUM":"02","LANDVALUE":49000.0,"LANDASSD":49000.0,"BLDGVALUE":16000.0,"BLDGASSD":16000.0,"GENAREA":"3654","NBHD":"A1N10","TAXZONE":"0026","CITY":"","COMMCOUN":"15","FSA":"132","RSA":"019","SSA_1":"","SSA_2":"","ESN":24,"ECN":14,"ASSMBDISTRICT":"1","VOTINGPRCNT":"25-315","DFIRM":null,"SPUD":null,"SUBDNUM":3247,"LEGAL":"SUB OF 18N03E07 L/09               LOT 9A","DOC1_DATE":"1990-12-28T00:00:00Z","DOC1_TYPE":"WARRANTY DEED (ALL TYPES)","DOC1_RCRD":"Palmer-Bk 639 Pg 364","DOC2_DATE":null,"DOC2_TYPE":"","DOC2_RCRD":"","LANDUSE":"","RESUNIT":1.0,"MHUNIT":0.0,"DUPLEXUNIT":0.0,"MULTIUNIT":0.0,"GQUNIT":0.0,"MH_PK_UNIT":0.0,"BLDG_USE1":"1100","BLDG_USE2":"","BLDG_USE3":"","BLDG_USE4":"","BLDG_USE5":"","BLDG_USE6":"","Photo":"https://ecommerce.matsugov.us/assessment/Pages/Photos.aspx?isDLG=1&P_ID=84921","GlobalID":"{0976BBAF-70D5-49D8-8ABF-B617B18A0607}","Shape_Length":0.0084378952217430952,"Shape_Area":3.3512437099926543e-06},"geometry":{"type":"MultiPolygon","coordinates":[[[[-148.968194367999956,61.664478980000069,0.0],[-148.969647704999971,61.663835076000055,0.0],[-148.971944486999973,61.665137795000078,0.0],[-148.970363203999966,61.665748047000079,0.0],[-148.968194367999956,61.664478980000069,0.0]]]]}},
{"type":"Feature","properties":{"OBJECTID":90951,"ParcelType":1,"P_ID":8061,"ACCOUNT":"6003B03L019","TAXID_LOKI":"56003B03L019","ACRES":0.88878665,"TAXACRE":0.91,"ORIGACRE":0.91,"FTYPE":"PARCEL","GENOWN":"PRIVATE","BUYLEASE":"N","OWNER_1":"HARMS JAMIE P & ROBIN M","NAME_2":"","MAILING_ADDRESS_LINE_A":"","MAILING_ADDRESS_LINE_B":"17635 E WOODS DR","MAILING_ADDRESS_CITY":"PALMER","MAILING_ADDRESS_STATE":"AK","MAILING_ADDRESS_ZIP":"99645","Buyer_Name":"","Buyer_Name_2":"","Buyer_Mailing_Address_A":"","Buyer_Mailing_Address_B":"","Buyer_Mailing_Address_City":"","Buyer_Mailing_Address_State":"","Buyer_Mailing_Address_Zip":"","MERIDIAN":"S","TWP_NUM":"18","TWP_NS":"N","RNG_NUM":"02","RNG_EW":"E","SECT_NUM":"12","GRIDNAME":"PA","GRIDNUM":"03","LANDVALUE":7800.0,"LANDASSD":7800.0,"BLDGVALUE":0.0,"BLDGASSD":0.0,"GENAREA":"3654","NBHD":"A1N12","TAXZONE":"0026","CITY":"","COMMCOUN":"15","FSA":"132","RSA":"019","SSA_1":"","SSA_2":"","ESN":24,"ECN":14,"ASSMBDISTRICT":"1","VOTINGPRCNT":"25-315","DFIRM":"02170C7300E","SPUD":null,"SUBDNUM":6003,"LEGAL":"ALASKA RANCHOS #1                  BLOCK 3 LOT 19","DOC1_DATE":"2000-07-21T00:00:00Z","DOC1_TYPE":"WARRANTY DEED (ALL TYPES)","DOC1_RCRD":"Palmer-Bk 1080 Pg 475","DOC2_DATE":null,"DOC2_TYPE":"","DOC2_RCRD":"","LANDUSE":"","RESUNIT":0.0,"MHUNIT":0.0,"DUPLEXUNIT":0.0,"MULTIUNIT":0.0,"GQUNIT":0.0,"MH_PK_UNIT":0.0,"BLDG_USE1":"","BLDG_USE2":"","BLDG_USE3":"","BLDG_USE4":"","BLDG_USE5":"","BLDG_USE6":"","Photo":"https://ecommerce.matsugov.us/assessment/Pages/Photos.aspx?isDLG=1&P_ID=8061","GlobalID":"{79B38B21-5FB3-4A9F-8F9C-BB1BE6FDD966}","Shape_Length":0.0039818655234598755,"Shape_Area":6.1124640194265444e-07},"geometry":{"type":"MultiPolygon","coordinates":[[[[-149.00584178699998,61.665663886000061,0.0],[-149.00603025999996,61.665625351000074,0.0],[-149.006223408999972,61.665592461000074,0.0],[-149.006420487999975,61.665565343000083,0.0],[-149.00662072999998,61.665544102000069,0.0],[-149.006823364999974,61.665528822000056,0.0],[-149.007027606999969,61.665519559000074,0.0],[-149.007037584999978,61.665519560000064,0.0],[-149.007058374999957,61.665520279000077,0.0],[-149.007078728999971,61.66552241800008,0.0],[-149.007098218999971,61.665525933000083,0.0],[-149.007116435999961,61.665530750000073,0.0],[-149.007132995999967,61.665536767000049,0.0],[-149.007172964999967,61.66555087100005,0.0],[-149.007217448999967,61.665561489000083,0.0],[-149.007265116999974,61.665568303000043,0.0],[-149.007314543999968,61.665571111000077,0.0],[-149.007364248999977,61.66556982600008,0.0],[-149.00769939099996,61.665743661000079,0.0],[-149.006378701999978,61.666106041000035,0.0],[-149.00584178699998,61.665663886000061,0.0]]]]}},
{"type":"Feature","properties":{"OBJECTID":90953,"ParcelType":2,"P_ID":40296,"ACCOUNT":"18N03E08B006","TAXID_LOKI":"118N03E08B006","ACRES":3.45664078,"TAXACRE":2.84,"ORIGACRE":2.84,"FTYPE":"PARCEL","GENOWN":"PRIVATE","BUYLEASE":"N","OWNER_1":"HAGER BONNIE JO","NAME_2":"HAGER WM C JR","MAILING_ADDRESS_LINE_A":"","MAILING_ADDRESS_LINE_B":"11591 N WOLVERINE RD ","MAILING_ADDRESS_CITY":"PALMER","MAILING_ADDRESS_STATE":"AK","MAILING_ADDRESS_ZIP":"99645-7815","Buyer_Name":"","Buyer_Name_2":"","Buyer_Mailing_Address_A":"","Buyer_Mailing_Address_B":"","Buyer_Mailing_Address_City":"","Buyer_Mailing_Address_State":"","Buyer_Mailing_Address_Zip":"","MERIDIAN":"S","TWP_NUM":"18","TWP_NS":"N","RNG_NUM":"03","RNG_EW":"E","SECT_NUM":"08","GRIDNAME":"PA","GRIDNUM":"02","LANDVALUE":20900.0,"LANDASSD":20900.0,"BLDGVALUE":10200.0,"BLDGASSD":10200.0,"GENAREA":"3654","NBHD":"A1N10","TAXZONE":"0025","CITY":"","COMMCOUN":"15","FSA":"900","RSA":"019","SSA_1":"","SSA_2":"","ESN":23,"ECN":14,"ASSMBDISTRICT":"1","VOTINGPRCNT":"25-315","DFIRM":null,"SPUD":null,"SUBDNUM":0,"LEGAL":"TOWNSHIP 18N RANGE 3E              SECTION 8 LOT B6","DOC1_DATE":"1995-08-18T00:00:00Z","DOC1_TYPE":"QUITCLAIM DEED (ALL TYPE)","DOC1_RCRD":"Palmer-Bk 816 Pg 629","DOC2_DATE":"1993-12-30T00:00:00Z","DOC2_TYPE":"QUITCLAIM DEED (ALL TYPE)","DOC2_RCRD":"Palmer-Bk 748 Pg 1","LANDUSE":"","RESUNIT":2.0,"MHUNIT":0.0,"DUPLEXUNIT":0.0,"MULTIUNIT":0.0,"GQUNIT":0.0,"MH_PK_UNIT":0.0,"BLDG_USE1":"1100","BLDG_USE2":"","BLDG_USE3":"","BLDG_USE4":"","BLDG_USE5":"","BLDG_USE6":"","Photo":"https://ecommerce.matsugov.us/assessment/Pages/Photos.aspx?isDLG=1&P_ID=40296","GlobalID":"{2881D8C3-7271-4E18-86B0-E7314DD31797}","Shape_Length":0.0079556825876284949,"Shape_Area":2.3699317678129904e-06},"geometry":{"type":"MultiPolygon","coordinates":[[[[-148.958259328999958,61.665283332000058,0.0],[-148.961204701999975,61.664528701000052,0.0],[-148.961937586999966,61.664961055000049,0.0],[-148.959418677999963,61.665973803000043,0.0],[-148.958259328999958,61.665283332000058,0.0]]]]}},
{"type":"Feature","properties":{"OBJECTID":90954,"ParcelType":1,"P_ID":24980,"ACCOUNT":"6003B02L020","TAXID_LOKI":"56003B02L020","ACRES":1.19653764,"TAXACRE":1.21,"ORIGACRE":1.21,"FTYPE":"PARCEL","GENOWN":"PRIVATE","BUYLEASE":"N","OWNER_1":"IRISH PHILLIP E & PEGGY M KEYSTONE TR","NAME_2":"","MAILING_ADDRESS_LINE_A":"","MAILING_ADDRESS_LINE_B":"2989 E TROY AVE ","MAILING_ADDRESS_CITY":"BEECH GROVE","MAILING_ADDRESS_STATE":"IN","MAILING_ADDRESS_ZIP":"46107","Buyer_Name":"","Buyer_Name_2":"","Buyer_Mailing_Address_A":"","Buyer_Mailing_Address_B":"","Buyer_Mailing_Address_City":"","Buyer_Mailing_Address_State":"","Buyer_Mailing_Address_Zip":"","MERIDIAN":"S","TWP_NUM":"18","TWP_NS":"N","RNG_NUM":"02","RNG_EW":"E","SECT_NUM":"12","GRIDNAME":"PA","GRIDNUM":"03","LANDVALUE":10900.0,"LANDASSD":10900.0,"BLDGVALUE":0.0,"BLDGASSD":0.0,"GENAREA":"3654","NBHD":"A1N12","TAXZONE":"0026","CITY":"","COMMCOUN":"15","FSA":"132","RSA":"019","SSA_1":"","SSA_2":"","ESN":24,"ECN":14,"ASSMBDISTRICT":"1","VOTINGPRCNT":"25-315","DFIRM":null,"SPUD":null,"SUBDNUM":6003,"LEGAL":"ALASKA RANCHOS #1                  BLOCK 2 LOT 20","DOC1_DATE":"2017-04-26T00:00:00Z","DOC1_TYPE":"QUITCLAIM DEED (ALL TYPE)","DOC1_RCRD":"Palmer-Bk  Pg ","DOC2_DATE":"1986-10-24T00:00:00Z","DOC2_TYPE":"QUITCLAIM DEED (ALL TYPE)","DOC2_RCRD":"Palmer-Bk 490 Pg 150","LANDUSE":"","RESUNIT":0.0,"MHUNIT":0.0,"DUPLEXUNIT":0.0,"MULTIUNIT":0.0,"GQUNIT":0.0,"MH_PK_UNIT":0.0,"BLDG_USE1":"","BLDG_USE2":"","BLDG_USE3":"","BLDG_USE4":"","BLDG_USE5":"","BLDG_USE6":"","Photo":"https://ecommerce.matsugov.us/assessment/Pages/Photos.aspx?isDLG=1&P_ID=24980","GlobalID":"{619B8EA6-0531-4ECE-B4A1-7290761F464A}","Shape_Length":0.004176269409800289,"Shape_Area":8.2039323386622039e-07},"geometry":{"type":"MultiPolygon","coordinates":[[[[-148.996898843999958,61.665742153000053,0.0],[-148.998498973999972,61.66574132900007,0.0],[-148.998498809999973,61.666121561000068,0.0],[-148.998495851999962,61.666132874000027,0.0],[-148.998488981999969,61.666143796000028,0.0],[-148.998478388999956,61.666154023000047,0.0],[-148.998464369999965,61.666163272000063,0.0],[-148.998438942999968,61.666179743000043,0.0],[-148.998418959999981,61.666197831000034,0.0],[-148.998404867999966,61.666217132000043,0.0],[-148.998396983999982,61.66623721600007,0.0],[-148.99839548099996,61.666257633000043,0.0],[-148.996898594999976,61.666261857000052,0.0],[-148.996898843999958,61.665742153000053,0.0]]]]}},
{"type":"Feature","properties":{"OBJECTID":90956,"ParcelType":1,"P_ID":65244,"ACCOUNT":"6003B03L003","TAXID_LOKI":"56003B03L003","ACRES":0.93797184,"TAXACRE":0.94,"ORIGACRE":0.94,"FTYPE":"PARCEL","GENOWN":"PRIVATE","BUYLEASE":"N","OWNER_1":"BRISCOE WILLIAM JR","NAME_2":"","MAILING_ADDRESS_LINE_A":"","MAILING_ADDRESS_LINE_B":"17500 E HARDING DR ","MAILING_ADDRESS_CITY":"PALMER","MAILING_ADDRESS_STATE":"AK","MAILING_ADDRESS_ZIP":"99645","Buyer_Name":"","Buyer_Name_2":"","Buyer_Mailing_Address_A":"","Buyer_Mailing_Address_B":"","Buyer_Mailing_Address_City":"","Buyer_Mailing_Address_State":"","Buyer_Mailing_Address_Zip":"","MERIDIAN":"S","TWP_NUM":"18","TWP_NS":"N","RNG_NUM":"02","RNG_EW":"E","SECT_NUM":"12","GRIDNAME":"PA","GRIDNUM":"03","LANDVALUE":10400.0,"LANDASSD":10400.0,"BLDGVALUE":58100.0,"BLDGASSD":58100.0,"GENAREA":"3654","NBHD":"A1N12","TAXZONE":"0026","CITY":"","COMMCOUN":"15","FSA":"132","RSA":"019","SSA_1":"","SSA_2":"","ESN":24,"ECN":14,"ASSMBDISTRICT":"1","VOTINGPRCNT":"25-315","DFIRM":"02170C7300E","SPUD":null,"SUBDNUM":6003,"LEGAL":"ALASKA RANCHOS #1                  BLOCK 3 LOT 3","DOC1_DATE":"1900-01-01T00:00:00Z","DOC1_TYPE":"LISTING INFORMATION ONLY","DOC1_RCRD":"Palmer-Bk  Pg ","DOC2_DATE":"2025-06-16T00:00:00Z","DOC2_TYPE":"WARRANTY DEED (ALL TYPES)","DOC2_RCRD":"Palmer-Bk  Pg ","LANDUSE":"","RESUNIT":1.0,"MHUNIT":0.0,"DUPLEXUNIT":0.0,"MULTIUNIT":0.0,"GQUNIT":0.0,"MH_PK_UNIT":0.0,"BLDG_USE1":"1100","BLDG_USE2":"","BLDG_USE3":"","BLDG_USE4":"","BLDG_USE5":"","BLDG_USE6":"","Photo":"https://ecommerce.matsugov.us/assessment/Pages/Photos.aspx?isDLG=1&P_ID=65244","GlobalID":"{D5537382-3128-436B-88A4-3D71F69E8AD5}","Shape_Length":0.0035771971415256322,"Shape_Area":6.4311032780209723e-07},"geometry":{"type":"MultiPolygon","coordinates":[[[[-149.007483872999984,61.665865964000034,0.0],[-149.00845568699998,61.665599301000043,0.0],[-149.009058496999984,61.666095650000045,0.0],[-149.00808667299998,61.666362317000051,0.0],[-149.007483872999984,61.665865964000034,0.0]]]]}},
{"type":"Feature","properties":{"OBJECTID":90957,"ParcelType":1,"P_ID":66341,"ACCOUNT":"6003B03L020","TAXID_LOKI":"56003B03L020","ACRES":0.81844403,"TAXACRE":0.82,"ORIGACRE":0.82,"FTYPE":"PARCEL","GENOWN":"PRIVATE","BUYLEASE":"N","OWNER_1":"LIVINGSTON BRADLEY T & HANNA M","NAME_2":"","MAILING_ADDRESS_LINE_A":"","MAILING_ADDRESS_LINE_B":"5479 N SANDALWOOD LN ","MAILING_ADDRESS_CITY":"PALMER","MAILING_ADDRESS_STATE":"AK","MAILING_ADDRESS_ZIP":"99645","Buyer_Name":"","Buyer_Name_2":"","Buyer_Mailing_Address_A":"","Buyer_Mailing_Address_B":"","Buyer_Mailing_Address_City":"","Buyer_Mailing_Address_State":"","Buyer_Mailing_Address_Zip":"","MERIDIAN":"S","TWP_NUM":"18","TWP_NS":"N","RNG_NUM":"02","RNG_EW":"E","SECT_NUM":"12","GRIDNAME":"PA","GRIDNUM":"03","LANDVALUE":9800.0,"LANDASSD":9800.0,"BLDGVALUE":13800.0,"BLDGASSD":13800.0,"GENAREA":"3654","NBHD":"A1N12","TAXZONE":"0026","CITY":"","COMMCOUN":"15","FSA":"132","RSA":"019","SSA_1":"","SSA_2":"","ESN":24,"ECN":14,"ASSMBDISTRICT":"1","VOTINGPRCNT":"25-315","DFIRM":"02170C7300E","SPUD":null,"SUBDNUM":6003,"LEGAL":"ALASKA RANCHOS #1                  BLOCK 3 LOT 20","DOC1_DATE":"2023-05-02T00:00:00Z","DOC1_TYPE":"WARRANTY DEED (ALL TYPES)","DOC1_RCRD":"Palmer-Bk  Pg ","DOC2_DATE":"2020-06-11T00:00:00Z","DOC2_TYPE":"WARRANTY DEED (ALL TYPES)","DOC2_RCRD":"Palmer-Bk  Pg ","LANDUSE":"","RESUNIT":1.0,"MHUNIT":0.0,"DUPLEXUNIT":0.0,"MULTIUNIT":0.0,"GQUNIT":0.0,"MH_PK_UNIT":0.0,"BLDG_USE1":"1100","BLDG_USE2":"1110","BLDG_USE3":"","BLDG_USE4":"","BLDG_USE5":"","BLDG_USE6":"","Photo":"https://ecommerce.matsugov.us/assessment/Pages/Photos.aspx?isDLG=1&P_ID=66341","GlobalID":"{1AB3696E-EFBF-4069-8E8E-80576FD1BC04}","Shape_Length":0.0033842176983734625,"Shape_Area":5.6411450456674172e-07},"geometry":{"type":"MultiPolygon","coordinates":[[[[-149.00584178699998,61.665663886000061,0.0],[-149.006378701999978,61.666106041000035,0.0],[-149.005482658999966,61.666351890000044,0.0],[-149.005411438999971,61.666298303000076,0.0],[-149.005331455999965,61.666247585000065,0.0],[-149.005243222999979,61.666200060000051,0.0],[-149.005147299999976,61.666156029000035,0.0],[-149.005044296999984,61.666115773000058,0.0],[-149.004934870999961,61.666079549000074,0.0],[-149.004916256999962,61.666072826000061,0.0],[-149.004900177999957,61.666064758000061,0.0],[-149.004887061999966,61.666055558000039,0.0],[-149.004877252999961,61.666045471000075,0.0],[-149.004871010999977,61.666034761000049,0.0],[-149.004868499999958,61.666023713000072,0.0],[-149.004869787999979,61.666012616000046,0.0],[-149.004874839999957,61.666001766000079,0.0],[-149.004883523999979,61.665991448000057,0.0],[-149.00489560799997,61.665981935000048,0.0],[-149.004910773999967,61.665973478000069,0.0],[-149.005049398999972,61.665911511000047,0.0],[-149.005195307999969,61.665853448000064,0.0],[-149.005348021999964,61.665799481000079,0.0],[-149.005507029999961,61.665749791000053,0.0],[-149.005671799999959,61.665704542000071,0.0],[-149.00584178699998,61.665663886000061,0.0]]]]}},
{"type":"Feature","properties":{"OBJECTID":90959,"ParcelType":1,"P_ID":44088,"ACCOUNT":"6003B04L013","TAXID_LOKI":"56003B04L013","ACRES":1.24831505,"TAXACRE":1.25,"ORIGACRE":1.25,"FTYPE":"PARCEL","GENOWN":"PRIVATE","BUYLEASE":"N","OWNER_1":"DESPARD BRUCE & TERRIE","NAME_2":"","MAILING_ADDRESS_LINE_A":"","MAILING_ADDRESS_LINE_B":"7131 S DEER HAVEN RD ","MAILING_ADDRESS_CITY":"PANAMA CITY","MAILING_ADDRESS_STATE":"FL","MAILING_ADDRESS_ZIP":"32409-1616","Buyer_Name":"","Buyer_Name_2":"","Buyer_Mailing_Address_A":"","Buyer_Mailing_Address_B":"","Buyer_Mailing_Address_City":"","Buyer_Mailing_Address_State":"","Buyer_Mailing_Address_Zip":"","MERIDIAN":"S","TWP_NUM":"18","TWP_NS":"N","RNG_NUM":"02","RNG_EW":"E","SECT_NUM":"12","GRIDNAME":"PA","GRIDNUM":"03","LANDVALUE":9300.0,"LANDASSD":9300.0,"BLDGVALUE":0.0,"BLDGASSD":0.0,"GENAREA":"3654","NBHD":"A1N12","TAXZONE":"0026","CITY":"","COMMCOUN":"15","FSA":"132","RSA":"019","SSA_1":"","SSA_2":"","ESN":24,"ECN":14,"ASSMBDISTRICT":"1","VOTINGPRCNT":"25-315","DFIRM":"02170C7300E","SPUD":null,"SUBDNUM":6003,"LEGAL":"ALASKA RANCHOS #1                  BLOCK 4 LOT 13","DOC1_DATE":"2000-11-13T00:00:00Z","DOC1_TYPE":"WARRANTY DEED (ALL TYPES)","DOC1_RCRD":"Palmer-Bk 1099 Pg 883","DOC2_DATE":null,"DOC2_TYPE":"","DOC2_RCRD":"","LANDUSE":"","RESUNIT":0.0,"MHUNIT":0.0,"DUPLEXUNIT":0.0,"MULTIUNIT":0.0,"GQUNIT":0.0,"MH_PK_UNIT":0.0,"BLDG_USE1":"","BLDG_USE2":"","BLDG_USE3":"","BLDG_USE4":"","BLDG_USE5":"","BLDG_USE6":"","Photo":"https://ecommerce.matsugov.us/assessment/Pages/Photos.aspx?isDLG=1&P_ID=44088","GlobalID":"{2FD9ED5B-5723-4F6A-A939-E266BE798E4E}","Shape_Length":0.0040183952645793039,"Shape_Area":8.5454691237622266e-07},"geometry":{"type":"MultiPolygon","coordinates":[[[[-149.010176313999978,61.665881710000065,0.0],[-149.010295399999961,61.665806958000076,0.0],[-149.01040272399996,61.665728286000046,0.0],[-149.010497718999972,61.665646108000033,0.0],[-149.010579880999984,61.665560864000042,0.0],[-149.011854334999981,61.665812946000074,0.0],[-149.011854544999977,61.666154857000038,0.0],[-149.011031035999963,61.666401062000034,0.0],[-149.010176313999978,61.665881710000065,0.0]]]]}},
{"type":"Feature","properties":{"OBJECTID":90961,"ParcelType":1,"P_ID":17055,"ACCOUNT":"6003B02L023","TAXID_LOKI":"56003B02L023","ACRES":1.29299988,"TAXACRE":1.29,"ORIGACRE":1.29,"FTYPE":"PARCEL","GENOWN":"PRIVATE","BUYLEASE":"N","OWNER_1":"DAUSSIN FERNAND J III","NAME_2":"","MAILING_ADDRESS_LINE_A":"","MAILING_ADDRESS_LINE_B":"17965 E WOODS DR ","MAILING_ADDRESS_CITY":"PALMER","MAILING_ADDRESS_STATE":"AK","MAILING_ADDRESS_ZIP":"99645","Buyer_Name":"","Buyer_Name_2":"","Buyer_Mailing_Address_A":"","Buyer_Mailing_Address_B":"","Buyer_Mailing_Address_City":"","Buyer_Mailing_Address_State":"","Buyer_Mailing_Address_Zip":"","MERIDIAN":"S","TWP_NUM":"18","TWP_NS":"N","RNG_NUM":"02","RNG_EW":"E","SECT_NUM":"12","GRIDNAME":"PA","GRIDNUM":"03","LANDVALUE":10900.0,"LANDASSD":10900.0,"BLDGVALUE":34100.0,"BLDGASSD":34100.0,"GENAREA":"3654","NBHD":"A1N12","TAXZONE":"0026","CITY":"","COMMCOUN":"15","FSA":"132","RSA":"019","SSA_1":"","SSA_2":"","ESN":24,"ECN":14,"ASSMBDISTRICT":"1","VOTINGPRCNT":"25-315","DFIRM":null,"SPUD":null,"SUBDNUM":6003,"LEGAL":"ALASKA RANCHOS #1                  BLOCK 2 LOT 23","DOC1_DATE":"2023-05-10T00:00:00Z","DOC1_TYPE":"WARRANTY DEED (ALL TYPES)","DOC1_RCRD":"Palmer-Bk  Pg ","DOC2_DATE":null,"DOC2_TYPE":"","DOC2_RCRD":"","LANDUSE":"","RESUNIT":2.0,"MHUNIT":0.0,"DUPLEXUNIT":0.0,"MULTIUNIT":0.0,"GQUNIT":0.0,"MH_PK_UNIT":0.0,"BLDG_USE1":"1100","BLDG_USE2":"","BLDG_USE3":"","BLDG_USE4":"","BLDG_USE5":"","BLDG_USE6":"","Photo":"https://ecommerce.matsugov.us/assessment/Pages/Photos.aspx?isDLG=1&P_ID=17055","GlobalID":"{9C0B7669-7BCD-4E09-819A-CBD1F64B542D}","Shape_Length":0.0045091882377702036,"Shape_Area":8.8653215452089304e-07},"geometry":{"type":"MultiPolygon","coordinates":[[[[-148.99896881899997,61.666267831000027,0.0],[-148.998970226999973,61.666244292000044,0.0],[-148.99896311599997,61.666220986000042,0.0],[-148.998947699999974,61.666198607000069,0.0],[-148.998924436999971,61.666177815000083,0.0],[-148.998894014999962,61.666159229000073,0.0],[-148.998880625999959,61.666151239000044,0.0],[-148.998869888999963,61.666142390000061,0.0],[-148.998862045999971,61.666132880000077,0.0],[-148.998857269999974,61.666122920000078,0.0],[-148.998855669999983,61.666112733000034,0.0],[-148.998855797999965,61.66580482300003,0.0],[-149.000632090999972,61.665814830000045,0.0],[-149.000631890999983,61.666368507000072,0.0],[-148.99896881899997,61.666267831000027,0.0]]]]}},
{"type":"Feature","properties":{"OBJECTID":90963,"ParcelType":2,"P_ID":18174,"ACCOUNT":"18N03E07A006","TAXID_LOKI":"118N03E07A006","ACRES":4.4404437,"TAXACRE":4.17,"ORIGACRE":4.17,"FTYPE":"PARCEL","GENOWN":"PRIVATE","BUYLEASE":"N","OWNER_1":"OLMSTEAD SETH D","NAME_2":"","MAILING_ADDRESS_LINE_A":"","MAILING_ADDRESS_LINE_B":"11293 N WOLVERINE RD ","MAILING_ADDRESS_CITY":"PALMER","MAILING_ADDRESS_STATE":"AK","MAILING_ADDRESS_ZIP":"99645","Buyer_Name":"","Buyer_Name_2":"","Buyer_Mailing_Address_A":"","Buyer_Mailing_Address_B":"","Buyer_Mailing_Address_City":"","Buyer_Mailing_Address_State":"","Buyer_Mailing_Address_Zip":"","MERIDIAN":"S","TWP_NUM":"18","TWP_NS":"N","RNG_NUM":"03","RNG_EW":"E","SECT_NUM":"07","GRIDNAME":"PA","GRIDNUM":"02","LANDVALUE":41200.0,"LANDASSD":41200.0,"BLDGVALUE":266200.0,"BLDGASSD":266200.0,"GENAREA":"3654","NBHD":"A1N10","TAXZONE":"0026","CITY":"","COMMCOUN":"15","FSA":"132","RSA":"019","SSA_1":"","SSA_2":"","ESN":24,"ECN":14,"ASSMBDISTRICT":"1","VOTINGPRCNT":"25-315","DFIRM":null,"SPUD":null,"SUBDNUM":0,"LEGAL":"TOWNSHIP 18N RANGE 3E              SECTION 7 LOT A6","DOC1_DATE":"2025-03-14T00:00:00Z","DOC1_TYPE":"WARRANTY DEED (ALL TYPES)","DOC1_RCRD":"Palmer-Bk  Pg ","DOC2_DATE":"2001-11-15T00:00:00Z","DOC2_TYPE":"QUITCLAIM DEED (ALL TYPE)","DOC2_RCRD":"Palmer-Bk  Pg 0","LANDUSE":"","RESUNIT":1.0,"MHUNIT":0.0,"DUPLEXUNIT":0.0,"MULTIUNIT":0.0,"GQUNIT":0.0,"MH_PK_UNIT":0.0,"BLDG_USE1":"1100","BLDG_USE2":"1110","BLDG_USE3":"","BLDG_USE4":"","BLDG_USE5":"","BLDG_USE6":"","Photo":"https://ecommerce.matsugov.us/assessment/Pages/Photos.aspx?isDLG=1&P_ID=18174","GlobalID":"{F879459A-123C-4BD7-8C7B-D1C35A0ABFE8}","Shape_Length":0.0075304722277578177,"Shape_Area":3.0444821091009236e-06},"geometry":{"type":"MultiPolygon","coordinates":[[[[-148.967260575999973,61.664893186000029,0.0],[-148.968194367999956,61.664478980000069,0.0],[-148.970363203999966,61.665748047000079,0.0],[-148.968826605999965,61.666341014000068,0.0],[-148.967268614999966,61.66544482300003,0.0],[-148.967260575999973,61.664893186000029,0.0]]]]}},
{"type":"Feature","properties":{"OBJECTID":90964,"ParcelType":1,"P_ID":75018,"ACCOUNT":"6003B03L002","TAXID_LOKI":"56003B03L002","ACRES":0.93797214,"TAXACRE":0.94,"ORIGACRE":0.94,"FTYPE":"PARCEL","GENOWN":"PRIVATE","BUYLEASE":"N","OWNER_1":"STOLTENBERG RANDALL","NAME_2":"BROOKS SHARON","MAILING_ADDRESS_LINE_A":"","MAILING_ADDRESS_LINE_B":"3440  LUNAR CIR ","MAILING_ADDRESS_CITY":"ANCHORAGE","MAILING_ADDRESS_STATE":"AK","MAILING_ADDRESS_ZIP":"99504-3966","Buyer_Name":"","Buyer_Name_2":"","Buyer_Mailing_Address_A":"","Buyer_Mailing_Address_B":"","Buyer_Mailing_Address_City":"","Buyer_Mailing_Address_State":"","Buyer_Mailing_Address_Zip":"","MERIDIAN":"S","TWP_NUM":"18","TWP_NS":"N","RNG_NUM":"02","RNG_EW":"E","SECT_NUM":"12","GRIDNAME":"PA","GRIDNUM":"03","LANDVALUE":10400.0,"LANDASSD":10400.0,"BLDGVALUE":54900.0,"BLDGASSD":54900.0,"GENAREA":"3654","NBHD":"A1N12","TAXZONE":"0026","CITY":"","COMMCOUN":"15","FSA":"132","RSA":"019","SSA_1":"","SSA_2":"","ESN":24,"ECN":14,"ASSMBDISTRICT":"1","VOTINGPRCNT":"25-315","DFIRM":"02170C7300E","SPUD":null,"SUBDNUM":6003,"LEGAL":"ALASKA RANCHOS #1                  BLOCK 3 LOT 2","DOC1_DATE":"2008-07-17T00:00:00Z","DOC1_TYPE":"WARRANTY DEED (ALL TYPES)","DOC1_RCRD":"Palmer-Bk  Pg ","DOC2_DATE":"2007-08-30T00:00:00Z","DOC2_TYPE":"WARRANTY DEED (ALL TYPES)","DOC2_RCRD":"Palmer-Bk  Pg ","LANDUSE":"","RESUNIT":1.0,"MHUNIT":0.0,"DUPLEXUNIT":0.0,"MULTIUNIT":0.0,"GQUNIT":0.0,"MH_PK_UNIT":0.0,"BLDG_USE1":"1100","BLDG_USE2":"1110","BLDG_USE3":"","BLDG_USE4":"","BLDG_USE5":"","BLDG_USE6":"","Photo":"https://ecommerce.matsugov.us/assessment/Pages/Photos.aspx?isDLG=1&P_ID=75018","GlobalID":"{ED614887-BA76-4913-87C1-BB2DBAD5924D}","Shape_Length":0.0035772152271793122,"Shape_Area":6.4311628758148201e-07},"geometry":{"type":"MultiPolygon","coordinates":[[[[-149.006512042999958,61.666132620000042,0.0],[-149.007483872999984,61.665865964000034,0.0],[-149.00808667299998,61.666362317000051,0.0],[-149.007114830999967,61.666628978000062,0.0],[-149.006512042999958,61.666132620000042,0.0]]]]}},
{"type":"Feature","properties":{"OBJECTID":90967,"ParcelType":1,"P_ID":20107,"ACCOUNT":"6003B04L012","TAXID_LOKI":"56003B04L012","ACRES":1.01344978,"TAXACRE":1.02,"ORIGACRE":1.02,"FTYPE":"PARCEL","GENOWN":"PRIVATE","BUYLEASE":"N","OWNER_1":"DESPARD BRUCE & TERRIE","NAME_2":"","MAILING_ADDRESS_LINE_A":"","MAILING_ADDRESS_LINE_B":"7131 S DEER HAVEN RD ","MAILING_ADDRESS_CITY":"PANAMA CITY","MAILING_ADDRESS_STATE":"FL","MAILING_ADDRESS_ZIP":"32409-1616","Buyer_Name":"","Buyer_Name_2":"","Buyer_Mailing_Address_A":"","Buyer_Mailing_Address_B":"","Buyer_Mailing_Address_City":"","Buyer_Mailing_Address_State":"","Buyer_Mailing_Address_Zip":"","MERIDIAN":"S","TWP_NUM":"18","TWP_NS":"N","RNG_NUM":"02","RNG_EW":"E","SECT_NUM":"12","GRIDNAME":"PA","GRIDNUM":"03","LANDVALUE":8900.0,"LANDASSD":8900.0,"BLDGVALUE":0.0,"BLDGASSD":0.0,"GENAREA":"3654","NBHD":"A1N12","TAXZONE":"0026","CITY":"","COMMCOUN":"15","FSA":"132","RSA":"019","SSA_1":"","SSA_2":"","ESN":24,"ECN":14,"ASSMBDISTRICT":"1","VOTINGPRCNT":"25-315","DFIRM":"02170C7300E","SPUD":null,"SUBDNUM":6003,"LEGAL":"ALASKA RANCHOS #1                  BLOCK 4 LOT 12","DOC1_DATE":"2000-11-13T00:00:00Z","DOC1_TYPE":"WARRANTY DEED (ALL TYPES)","DOC1_RCRD":"Palmer-Bk 1099 Pg 883","DOC2_DATE":null,"DOC2_TYPE":"","DOC2_RCRD":"","LANDUSE":"","RESUNIT":0.0,"MHUNIT":0.0,"DUPLEXUNIT":0.0,"MULTIUNIT":0.0,"GQUNIT":0.0,"MH_PK_UNIT":0.0,"BLDG_USE1":"","BLDG_USE2":"","BLDG_USE3":"","BLDG_USE4":"","BLDG_USE5":"","BLDG_USE6":"","Photo":"https://ecommerce.matsugov.us/assessment/Pages/Photos.aspx?isDLG=1&P_ID=20107","GlobalID":"{4DCF4394-AF67-4268-BD68-E6B647BD35CC}","Shape_Length":0.0037602527974303778,"Shape_Area":6.9388226834514622e-07},"geometry":{"type":"MultiPolygon","coordinates":[[[[-149.00937191099996,61.666199163000044,0.0],[-149.009432090999979,61.666182649000064,0.0],[-149.009598552999961,61.666133061000039,0.0],[-149.00975701699997,61.666077869000048,0.0],[-149.00990664699998,61.666017363000037,0.0],[-149.010046657999965,61.665951862000043,0.0],[-149.010176313999978,61.665881710000065,0.0],[-149.011031035999963,61.666401062000034,0.0],[-149.009983726999963,61.666714164000041,0.0],[-149.00937191099996,61.666199163000044,0.0]]]]}},
{"type":"Feature","properties":{"OBJECTID":90969,"ParcelType":1,"P_ID":84345,"ACCOUNT":"6003B02L030","TAXID_LOKI":"56003B02L030","ACRES":0.91561905,"TAXACRE":0.92,"ORIGACRE":0.92,"FTYPE":"PARCEL","GENOWN":"PRIVATE","BUYLEASE":"N","OWNER_1":"BROOKS SHARON","NAME_2":"STOLTENBERG RANDALL","MAILING_ADDRESS_LINE_A":"","MAILING_ADDRESS_LINE_B":"3440  LUNAR CIR ","MAILING_ADDRESS_CITY":"ANCHORAGE","MAILING_ADDRESS_STATE":"AK","MAILING_ADDRESS_ZIP":"99504-3966","Buyer_Name":"","Buyer_Name_2":"","Buyer_Mailing_Address_A":"","Buyer_Mailing_Address_B":"","Buyer_Mailing_Address_City":"","Buyer_Mailing_Address_State":"","Buyer_Mailing_Address_Zip":"","MERIDIAN":"S","TWP_NUM":"18","TWP_NS":"N","RNG_NUM":"02","RNG_EW":"E","SECT_NUM":"12","GRIDNAME":"PA","GRIDNUM":"03","LANDVALUE":10400.0,"LANDASSD":10400.0,"BLDGVALUE":0.0,"BLDGASSD":0.0,"GENAREA":"3654","NBHD":"A1N12","TAXZONE":"0026","CITY":"","COMMCOUN":"15","FSA":"132","RSA":"019","SSA_1":"","SSA_2":"","ESN":24,"ECN":14,"ASSMBDISTRICT":"1","VOTINGPRCNT":"25-315","DFIRM":"02170C7300E","SPUD":null,"SUBDNUM":6003,"LEGAL":"ALASKA RANCHOS #1                  BLOCK 2 LOT 30","DOC1_DATE":"2001-09-20T00:00:00Z","DOC1_TYPE":"WARRANTY DEED (ALL TYPES)","DOC1_RCRD":"Palmer-Bk  Pg 0","DOC2_DATE":null,"DOC2_TYPE":"","DOC2_RCRD":"","LANDUSE":"","RESUNIT":0.0,"MHUNIT":0.0,"DUPLEXUNIT":0.0,"MULTIUNIT":0.0,"GQUNIT":0.0,"MH_PK_UNIT":0.0,"BLDG_USE1":"","BLDG_USE2":"","BLDG_USE3":"","BLDG_USE4":"","BLDG_USE5":"","BLDG_USE6":"","Photo":"https://ecommerce.matsugov.us/assessment/Pages/Photos.aspx?isDLG=1&P_ID=84345","GlobalID":"{1B4D6CCB-F9D0-44B6-89FB-F26458DCCF15}","Shape_Length":0.0036863569698344228,"Shape_Area":6.2832869116843767e-07},"geometry":{"type":"MultiPolygon","coordinates":[[[[-149.003883211999977,61.66605981400005,0.0],[-149.004443831999964,61.666146433000051,0.0],[-149.004573404999974,61.666170084000044,0.0],[-149.004697068999974,61.66620004300006,0.0],[-149.004813464999984,61.666235982000046,0.0],[-149.004921322999962,61.666277506000029,0.0],[-149.005019458999982,61.66632416300007,0.0],[-149.005106798999975,61.666375438000046,0.0],[-149.005182381999958,61.666430773000059,0.0],[-149.004037269999969,61.666744942000037,0.0],[-149.003634445999978,61.666744918000063,0.0],[-149.003883211999977,61.66605981400005,0.0]]]]}},
{"type":"Feature","properties":{"OBJECTID":90970,"ParcelType":1,"P_ID":1091,"ACCOUNT":"6003B02L029","TAXID_LOKI":"56003B02L029","ACRES":1.36040114,"TAXACRE":1.36,"ORIGACRE":1.36,"FTYPE":"PARCEL","GENOWN":"PRIVATE","BUYLEASE":"N","OWNER_1":"BROOKS SHARON","NAME_2":"STOLTENBERG RANDALL","MAILING_ADDRESS_LINE_A":"","MAILING_ADDRESS_LINE_B":"3440  LUNAR CIR ","MAILING_ADDRESS_CITY":"ANCHORAGE","MAILING_ADDRESS_STATE":"AK","MAILING_ADDRESS_ZIP":"99504-3966","Buyer_Name":"","Buyer_Name_2":"","Buyer_Mailing_Address_A":"","Buyer_Mailing_Address_B":"","Buyer_Mailing_Address_City":"","Buyer_Mailing_Address_State":"","Buyer_Mailing_Address_Zip":"","MERIDIAN":"S","TWP_NUM":"18","TWP_NS":"N","RNG_NUM":"02","RNG_EW":"E","SECT_NUM":"12","GRIDNAME":"PA","GRIDNUM":"03","LANDVALUE":10900.0,"LANDASSD":10900.0,"BLDGVALUE":0.0,"BLDGASSD":0.0,"GENAREA":"3654","NBHD":"A1N12","TAXZONE":"0026","CITY":"","COMMCOUN":"15","FSA":"132","RSA":"019","SSA_1":"","SSA_2":"","ESN":24,"ECN":14,"ASSMBDISTRICT":"1","VOTINGPRCNT":"25-315","DFIRM":"02170C7300E","SPUD":null,"SUBDNUM":6003,"LEGAL":"ALASKA RANCHOS #1                  BLOCK 2 LOT 29","DOC1_DATE":"2001-09-20T00:00:00Z","DOC1_TYPE":"WARRANTY DEED (ALL TYPES)","DOC1_RCRD":"Palmer-Bk  Pg 0","DOC2_DATE":null,"DOC2_TYPE":"","DOC2_RCRD":"","LANDUSE":"","RESUNIT":0.0,"MHUNIT":0.0,"DUPLEXUNIT":0.0,"MULTIUNIT":0.0,"GQUNIT":0.0,"MH_PK_UNIT":0.0,"BLDG_USE1":"","BLDG_USE2":"","BLDG_USE3":"","BLDG_USE4":"","BLDG_USE5":"","BLDG_USE6":"","Photo":"https://ecommerce.matsugov.us/assessment/Pages/Photos.aspx?isDLG=1&P_ID=1091","GlobalID":"{3835CE90-ECD1-4C77-A557-20F039849375}","Shape_Length":0.0042314110402334199,"Shape_Area":9.3275592388733052e-07},"geometry":{"type":"MultiPolygon","coordinates":[[[[-149.002195789999973,61.666744824000034,0.0],[-149.002952868999984,61.665916065000033,0.0],[-149.003883211999977,61.66605981400005,0.0],[-149.003634445999978,61.666744918000063,0.0],[-149.002195789999973,61.666744824000034,0.0]]]]}},
{"type":"Feature","properties":{"OBJECTID":90971,"ParcelType":1,"P_ID":1762,"ACCOUNT":"6003B02L028","TAXID_LOKI":"56003B02L028","ACRES":1.79709132,"TAXACRE":1.8,"ORIGACRE":1.8,"FTYPE":"PARCEL","GENOWN":"PRIVATE","BUYLEASE":"N","OWNER_1":"BROOKS SHARON SUE","NAME_2":"STOLTENBERG RANDALL","MAILING_ADDRESS_LINE_A":"","MAILING_ADDRESS_LINE_B":"3440  LUNAR CIR ","MAILING_ADDRESS_CITY":"ANCHORAGE","MAILING_ADDRESS_STATE":"AK","MAILING_ADDRESS_ZIP":"99504-3966","Buyer_Name":"","Buyer_Name_2":"","Buyer_Mailing_Address_A":"","Buyer_Mailing_Address_B":"","Buyer_Mailing_Address_City":"","Buyer_Mailing_Address_State":"","Buyer_Mailing_Address_Zip":"","MERIDIAN":"S","TWP_NUM":"18","TWP_NS":"N","RNG_NUM":"02","RNG_EW":"E","SECT_NUM":"12","GRIDNAME":"PA","GRIDNUM":"03","LANDVALUE":13800.0,"LANDASSD":13800.0,"BLDGVALUE":0.0,"BLDGASSD":0.0,"GENAREA":"3654","NBHD":"A1N12","TAXZONE":"0026","CITY":"","COMMCOUN":"15","FSA":"132","RSA":"019","SSA_1":"","SSA_2":"","ESN":24,"ECN":14,"ASSMBDISTRICT":"1","VOTINGPRCNT":"25-315","DFIRM":"02170C7300E","SPUD":null,"SUBDNUM":6003,"LEGAL":"ALASKA RANCHOS #1                  BLOCK 2 LOT 28","DOC1_DATE":"2001-08-30T00:00:00Z","DOC1_TYPE":"WARRANTY DEED (ALL TYPES)","DOC1_RCRD":"Palmer-Bk 1159 Pg 995","DOC2_DATE":null,"DOC2_TYPE":"","DOC2_RCRD":"","LANDUSE":"","RESUNIT":0.0,"MHUNIT":0.0,"DUPLEXUNIT":0.0,"MULTIUNIT":0.0,"GQUNIT":0.0,"MH_PK_UNIT":0.0,"BLDG_USE1":"","BLDG_USE2":"","BLDG_USE3":"","BLDG_USE4":"","BLDG_USE5":"","BLDG_USE6":"","Photo":"https://ecommerce.matsugov.us/assessment/Pages/Photos.aspx?isDLG=1&P_ID=1762","GlobalID":"{5F5C670C-D166-4DC9-BAC8-4A149CFFA1D3}","Shape_Length":0.0050455036822531774,"Shape_Area":1.2316032085531089e-06},"geometry":{"type":"MultiPolygon","coordinates":[[[[-149.000738610999974,61.666341403000047,0.0],[-149.002354430999958,61.665752293000082,0.0],[-149.002461788999966,61.66579431200006,0.0],[-149.002576123999972,61.665831943000057,0.0],[-149.002696642999979,61.66586492600004,0.0],[-149.002822515999981,61.665893030000063,0.0],[-149.002952868999984,61.665916065000033,0.0],[-149.002195789999973,61.666744824000034,0.0],[-149.001332595999969,61.666744760000029,0.0],[-149.000738610999974,61.666341403000047,0.0]]]]}},
{"type":"Feature","properties":{"OBJECTID":90972,"ParcelType":1,"P_ID":70623,"ACCOUNT":"6003B02L022","TAXID_LOKI":"56003B02L022","ACRES":1.38248679,"TAXACRE":1.37,"ORIGACRE":1.37,"FTYPE":"PARCEL","GENOWN":"PRIVATE","BUYLEASE":"N","OWNER_1":"CARY BRADLEY & REBECCA","NAME_2":"","MAILING_ADDRESS_LINE_A":"","MAILING_ADDRESS_LINE_B":"PO BOX 2708","MAILING_ADDRESS_CITY":"PALMER","MAILING_ADDRESS_STATE":"AK","MAILING_ADDRESS_ZIP":"99645-2708","Buyer_Name":"","Buyer_Name_2":"","Buyer_Mailing_Address_A":"","Buyer_Mailing_Address_B":"","Buyer_Mailing_Address_City":"","Buyer_Mailing_Address_State":"","Buyer_Mailing_Address_Zip":"","MERIDIAN":"S","TWP_NUM":"18","TWP_NS":"N","RNG_NUM":"02","RNG_EW":"E","SECT_NUM":"12","GRIDNAME":"PA","GRIDNUM":"03","LANDVALUE":10900.0,"LANDASSD":10900.0,"BLDGVALUE":3500.0,"BLDGASSD":3500.0,"GENAREA":"3654","NBHD":"A1N12","TAXZONE":"0026","CITY":"","COMMCOUN":"15","FSA":"132","RSA":"019","SSA_1":"","SSA_2":"","ESN":24,"ECN":14,"ASSMBDISTRICT":"1","VOTINGPRCNT":"25-315","DFIRM":null,"SPUD":null,"SUBDNUM":6003,"LEGAL":"ALASKA RANCHOS #1                  BLOCK 2 LOT 22","DOC1_DATE":"2023-02-17T00:00:00Z","DOC1_TYPE":"PERSONAL REPRESENTATIVE","DOC1_RCRD":"Palmer-Bk  Pg ","DOC2_DATE":null,"DOC2_TYPE":"","DOC2_RCRD":"","LANDUSE":"","RESUNIT":0.0,"MHUNIT":0.0,"DUPLEXUNIT":0.0,"MULTIUNIT":0.0,"GQUNIT":0.0,"MH_PK_UNIT":0.0,"BLDG_USE1":"","BLDG_USE2":"","BLDG_USE3":"","BLDG_USE4":"","BLDG_USE5":"","BLDG_USE6":"","Photo":"https://ecommerce.matsugov.us/assessment/Pages/Photos.aspx?isDLG=1&P_ID=70623","GlobalID":"{9239258E-81AD-43C6-981C-CF1CA33EECC5}","Shape_Length":0.0055627491229816089,"Shape_Area":9.4789777036226151e-07},"geometry":{"type":"MultiPolygon","coordinates":[[[[-148.998682919999965,61.666388956000048,0.0],[-148.998729278999974,61.666387175000068,0.0],[-148.998774426999972,61.666381865000062,0.0],[-148.998817187999975,61.666373167000074,0.0],[-148.998856439999969,61.666361309000081,0.0],[-148.998891159999971,61.666346600000054,0.0],[-148.998920440999967,61.666329423000036,0.0],[-148.998943516999958,61.666310229000032,0.0],[-148.998959782999975,61.666289517000052,0.0],[-148.99896881899997,61.666267831000027,0.0],[-149.000631890999983,61.666368507000072,0.0],[-149.001200464999982,61.666754611000044,0.0],[-148.998684542999968,61.66675439200003,0.0],[-148.998682919999965,61.666388956000048,0.0]]]]}},
{"type":"Feature","properties":{"OBJECTID":90973,"ParcelType":1,"P_ID":53288,"ACCOUNT":"6003B02L021","TAXID_LOKI":"56003B02L021","ACRES":1.24585899,"TAXACRE":1.24,"ORIGACRE":1.24,"FTYPE":"PARCEL","GENOWN":"PRIVATE","BUYLEASE":"N","OWNER_1":"MASSARA STEVEN","NAME_2":"","MAILING_ADDRESS_LINE_A":"APT 404","MAILING_ADDRESS_LINE_B":"4  EXECUTIVE PARK DR ","MAILING_ADDRESS_CITY":"MERRIMACK","MAILING_ADDRESS_STATE":"NH","MAILING_ADDRESS_ZIP":"03054","Buyer_Name":"","Buyer_Name_2":"","Buyer_Mailing_Address_A":"","Buyer_Mailing_Address_B":"","Buyer_Mailing_Address_City":"","Buyer_Mailing_Address_State":"","Buyer_Mailing_Address_Zip":"","MERIDIAN":"S","TWP_NUM":"18","TWP_NS":"N","RNG_NUM":"02","RNG_EW":"E","SECT_NUM":"12","GRIDNAME":"PA","GRIDNUM":"03","LANDVALUE":10900.0,"LANDASSD":10900.0,"BLDGVALUE":0.0,"BLDGASSD":0.0,"GENAREA":"3654","NBHD":"A1N12","TAXZONE":"0026","CITY":"","COMMCOUN":"15","FSA":"132","RSA":"019","SSA_1":"","SSA_2":"","ESN":24,"ECN":14,"ASSMBDISTRICT":"1","VOTINGPRCNT":"25-315","DFIRM":null,"SPUD":null,"SUBDNUM":6003,"LEGAL":"ALASKA RANCHOS #1                  BLOCK 2 LOT 21","DOC1_DATE":"2014-07-01T00:00:00Z","DOC1_TYPE":"WARRANTY DEED (ALL TYPES)","DOC1_RCRD":"Palmer-Bk  Pg ","DOC2_DATE":"2007-09-24T00:00:00Z","DOC2_TYPE":"WARRANTY DEED (ALL TYPES)","DOC2_RCRD":"Palmer-Bk  Pg ","LANDUSE":"","RESUNIT":0.0,"MHUNIT":0.0,"DUPLEXUNIT":0.0,"MULTIUNIT":0.0,"GQUNIT":0.0,"MH_PK_UNIT":0.0,"BLDG_USE1":"","BLDG_USE2":"","BLDG_USE3":"","BLDG_USE4":"","BLDG_USE5":"","BLDG_USE6":"","Photo":"https://ecommerce.matsugov.us/assessment/Pages/Photos.aspx?isDLG=1&P_ID=53288","GlobalID":"{4373A93A-C3B8-4F0A-B46F-34E9AA6B714D}","Shape_Length":0.004478999400460832,"Shape_Area":8.5422114107392717e-07},"geometry":{"type":"MultiPolygon","coordinates":[[[[-148.996898594999976,61.666261857000052,0.0],[-148.99839548099996,61.666257633000043,0.0],[-148.998401565999984,61.66628068600005,0.0],[-148.998415774999984,61.666302917000053,0.0],[-148.998437694999978,61.666323684000076,0.0],[-148.998466691999965,61.666342387000043,0.0],[-148.998501933999961,61.666358488000071,0.0],[-148.998542398999973,61.666371520000041,0.0],[-148.998586921999959,61.666381110000032,0.0],[-148.998634217999978,61.666386978000048,0.0],[-148.998682919999965,61.666388956000048,0.0],[-148.998684542999968,61.66675439200003,0.0],[-148.996898355999974,61.666754208000043,0.0],[-148.996898594999976,61.666261857000052,0.0]]]]}},
{"type":"Feature","properties":{"OBJECTID":90974,"ParcelType":1,"P_ID":12872,"ACCOUNT":"6003B03L001","TAXID_LOKI":"56003B03L001","ACRES":0.9348472,"TAXACRE":0.93,"ORIGACRE":0.93,"FTYPE":"PARCEL","GENOWN":"PRIVATE","BUYLEASE":"N","OWNER_1":"BROOKS SHARON","NAME_2":"STOLTENBERG RANDALL","MAILING_ADDRESS_LINE_A":"","MAILING_ADDRESS_LINE_B":"3440  LUNAR CIR ","MAILING_ADDRESS_CITY":"ANCHORAGE","MAILING_ADDRESS_STATE":"AK","MAILING_ADDRESS_ZIP":"99504-3966","Buyer_Name":"","Buyer_Name_2":"","Buyer_Mailing_Address_A":"","Buyer_Mailing_Address_B":"","Buyer_Mailing_Address_City":"","Buyer_Mailing_Address_State":"","Buyer_Mailing_Address_Zip":"","MERIDIAN":"S","TWP_NUM":"18","TWP_NS":"N","RNG_NUM":"02","RNG_EW":"E","SECT_NUM":"12","GRIDNAME":"PA","GRIDNUM":"03","LANDVALUE":11500.0,"LANDASSD":11500.0,"BLDGVALUE":0.0,"BLDGASSD":0.0,"GENAREA":"3654","NBHD":"A1N12","TAXZONE":"0026","CITY":"","COMMCOUN":"15","FSA":"132","RSA":"019","SSA_1":"","SSA_2":"","ESN":24,"ECN":14,"ASSMBDISTRICT":"1","VOTINGPRCNT":"25-315","DFIRM":"02170C7300E","SPUD":null,"SUBDNUM":6003,"LEGAL":"ALASKA RANCHOS #1                  BLOCK 3 LOT 1","DOC1_DATE":"2004-04-26T00:00:00Z","DOC1_TYPE":"WARRANTY DEED (ALL TYPES)","DOC1_RCRD":"Palmer-Bk  Pg 0","DOC2_DATE":"2004-04-05T00:00:00Z","DOC2_TYPE":"QUITCLAIM DEED (ALL TYPE)","DOC2_RCRD":"Palmer-Bk  Pg 0","LANDUSE":"","RESUNIT":0.0,"MHUNIT":0.0,"DUPLEXUNIT":0.0,"MULTIUNIT":0.0,"GQUNIT":0.0,"MH_PK_UNIT":0.0,"BLDG_USE1":"","BLDG_USE2":"","BLDG_USE3":"","BLDG_USE4":"","BLDG_USE5":"","BLDG_USE6":"","Photo":"https://ecommerce.matsugov.us/assessment/Pages/Photos.aspx?isDLG=1&P_ID=12872","GlobalID":"{C701E2D2-3F5D-40A4-9EFF-781ECE0B9E4E}","Shape_Length":0.0035589497504347999,"Shape_Area":6.4097921385458982e-07},"geometry":{"type":"MultiPolygon","coordinates":[[[[-149.00554019499998,61.666399270000056,0.0],[-149.006512042999958,61.666132620000042,0.0],[-149.007114830999967,61.666628978000062,0.0],[-149.006267570999967,61.666861445000052,0.0],[-149.006247193999968,61.666866064000033,0.0],[-149.006225547999975,61.66686911100004,0.0],[-149.00620316499996,61.666870510000081,0.0],[-149.006180597999958,61.66687022900004,0.0],[-149.006158400999965,61.666868272000045,0.0],[-149.006137120999966,61.666864689000079,0.0],[-149.00611728299998,61.666859568000064,0.0],[-149.006099373999973,61.666853036000077,0.0],[-149.00608383399998,61.666845251000041,0.0],[-149.006071049999974,61.666836407000062,0.0],[-149.00554019499998,61.666399270000056,0.0]]]]}},
{"type":"Feature","properties":{"OBJECTID":90975,"ParcelType":2,"P_ID":10247,"ACCOUNT":"18N03E08B007","TAXID_LOKI":"118N03E08B007","ACRES":3.00101156,"TAXACRE":3.3,"ORIGACRE":3.3,"FTYPE":"PARCEL","GENOWN":"PRIVATE","BUYLEASE":"N","OWNER_1":"HAGER WM C JR","NAME_2":"HAGER BONNIE JO HERDINA","MAILING_ADDRESS_LINE_A":"","MAILING_ADDRESS_LINE_B":"11591 N WOLVERINE RD ","MAILING_ADDRESS_CITY":"PALMER","MAILING_ADDRESS_STATE":"AK","MAILING_ADDRESS_ZIP":"99645-7815","Buyer_Name":"","Buyer_Name_2":"","Buyer_Mailing_Address_A":"","Buyer_Mailing_Address_B":"","Buyer_Mailing_Address_City":"","Buyer_Mailing_Address_State":"","Buyer_Mailing_Address_Zip":"","MERIDIAN":"S","TWP_NUM":"18","TWP_NS":"N","RNG_NUM":"03","RNG_EW":"E","SECT_NUM":"08","GRIDNAME":"PA","GRIDNUM":"02","LANDVALUE":16100.0,"LANDASSD":16100.0,"BLDGVALUE":0.0,"BLDGASSD":0.0,"GENAREA":"3654","NBHD":"A1N10","TAXZONE":"0025","CITY":"","COMMCOUN":"15","FSA":"900","RSA":"019","SSA_1":"","SSA_2":"","ESN":23,"ECN":14,"ASSMBDISTRICT":"1","VOTINGPRCNT":"25-315","DFIRM":null,"SPUD":null,"SUBDNUM":0,"LEGAL":"TOWNSHIP 18N RANGE 3E              SECTION 8 LOT B7","DOC1_DATE":"1995-07-05T00:00:00Z","DOC1_TYPE":"QUITCLAIM DEED (ALL TYPE)","DOC1_RCRD":"Palmer-Bk 810 Pg 575","DOC2_DATE":"1989-02-08T00:00:00Z","DOC2_TYPE":"QUITCLAIM DEED (ALL TYPE)","DOC2_RCRD":"Palmer-Bk 576 Pg 233","LANDUSE":"","RESUNIT":0.0,"MHUNIT":0.0,"DUPLEXUNIT":0.0,"MULTIUNIT":0.0,"GQUNIT":0.0,"MH_PK_UNIT":0.0,"BLDG_USE1":"","BLDG_USE2":"","BLDG_USE3":"","BLDG_USE4":"","BLDG_USE5":"","BLDG_USE6":"","Photo":"https://ecommerce.matsugov.us/assessment/Pages/Photos.aspx?isDLG=1&P_ID=10247","GlobalID":"{D1203BBB-C767-4895-97A4-8277C1014613}","Shape_Length":0.0079469915700217039,"Shape_Area":2.05756855474112e-06},"geometry":{"type":"MultiPolygon","coordinates":[[[[-148.957932557999982,61.666572715000029,0.0],[-148.955824975999974,61.665308200000027,0.0],[-148.955959246999981,61.665286919000039,0.0],[-148.956920630999974,61.665626489000033,0.0],[-148.958259328999958,61.665283332000058,0.0],[-148.959418677999963,61.665973803000043,0.0],[-148.957932557999982,61.666572715000029,0.0]]]]}},
{"type":"Feature","properties":{"OBJECTID":90978,"ParcelType":1,"P_ID":58637,"ACCOUNT":"6003B04L011","TAXID_LOKI":"56003B04L011","ACRES":1.11852243,"TAXACRE":1.12,"ORIGACRE":1.12,"FTYPE":"PARCEL","GENOWN":"PRIVATE","BUYLEASE":"N","OWNER_1":"YOUNGS KENNETH M & KRISTIN","NAME_2":"","MAILING_ADDRESS_LINE_A":"","MAILING_ADDRESS_LINE_B":"6050 E S AVE ","MAILING_ADDRESS_CITY":"VICKSBURG","MAILING_ADDRESS_STATE":"MI","MAILING_ADDRESS_ZIP":"49097","Buyer_Name":"","Buyer_Name_2":"","Buyer_Mailing_Address_A":"","Buyer_Mailing_Address_B":"","Buyer_Mailing_Address_City":"","Buyer_Mailing_Address_State":"","Buyer_Mailing_Address_Zip":"","MERIDIAN":"S","TWP_NUM":"18","TWP_NS":"N","RNG_NUM":"02","RNG_EW":"E","SECT_NUM":"12","GRIDNAME":"PA","GRIDNUM":"03","LANDVALUE":10400.0,"LANDASSD":10400.0,"BLDGVALUE":147800.0,"BLDGASSD":147800.0,"GENAREA":"3654","NBHD":"A1N12","TAXZONE":"0026","CITY":"","COMMCOUN":"15","FSA":"132","RSA":"019","SSA_1":"","SSA_2":"","ESN":24,"ECN":14,"ASSMBDISTRICT":"1","VOTINGPRCNT":"25-315","DFIRM":"02170C7300E","SPUD":null,"SUBDNUM":6003,"LEGAL":"ALASKA RANCHOS #1                  BLOCK 4 LOT 11","DOC1_DATE":"2022-04-15T00:00:00Z","DOC1_TYPE":"WARRANTY DEED (ALL TYPES)","DOC1_RCRD":"Palmer-Bk  Pg ","DOC2_DATE":"2019-02-19T00:00:00Z","DOC2_TYPE":"WARRANTY DEED (ALL TYPES)","DOC2_RCRD":"Palmer-Bk  Pg ","LANDUSE":"","RESUNIT":1.0,"MHUNIT":0.0,"DUPLEXUNIT":0.0,"MULTIUNIT":0.0,"GQUNIT":0.0,"MH_PK_UNIT":0.0,"BLDG_USE1":"1100","BLDG_USE2":"","BLDG_USE3":"","BLDG_USE4":"","BLDG_USE5":"","BLDG_USE6":"","Photo":"https://ecommerce.matsugov.us/assessment/Pages/Photos.aspx?isDLG=1&P_ID=58637","GlobalID":"{698C8E65-4FF8-458B-858E-D75CD73C7037}","Shape_Length":0.0038982230893670738,"Shape_Area":7.6691772378499259e-07},"geometry":{"type":"MultiPolygon","coordinates":[[[[-149.008270007999982,61.666501525000058,0.0],[-149.00937191099996,61.666199163000044,0.0],[-149.009983726999963,61.666714164000041,0.0],[-149.008905904999978,61.667036374000077,0.0],[-149.008270007999982,61.666501525000058,0.0]]]]}},
{"type":"Feature","properties":{"OBJECTID":90998,"ParcelType":1,"P_ID":506140,"ACCOUNT":"6752000L001","TAXID_LOKI":"56752000L001","ACRES":4.59177659,"TAXACRE":4.47,"ORIGACRE":4.47,"FTYPE":"PARCEL","GENOWN":"PRIVATE","BUYLEASE":"N","OWNER_1":"DRASKY KYLE","NAME_2":"DRASKY SHANNON","MAILING_ADDRESS_LINE_A":"","MAILING_ADDRESS_LINE_B":"11361 N WOLVERINE RD ","MAILING_ADDRESS_CITY":"PALMER","MAILING_ADDRESS_STATE":"AK","MAILING_ADDRESS_ZIP":"99645","Buyer_Name":"","Buyer_Name_2":"","Buyer_Mailing_Address_A":"","Buyer_Mailing_Address_B":"","Buyer_Mailing_Address_City":"","Buyer_Mailing_Address_State":"","Buyer_Mailing_Address_Zip":"","MERIDIAN":"S","TWP_NUM":"18","TWP_NS":"N","RNG_NUM":"03","RNG_EW":"E","SECT_NUM":"08","GRIDNAME":"PA","GRIDNUM":"02","LANDVALUE":50300.0,"LANDASSD":50300.0,"BLDGVALUE":215700.0,"BLDGASSD":215700.0,"GENAREA":"3654","NBHD":"A1N10","TAXZONE":"0026","CITY":"","COMMCOUN":"15","FSA":"132","RSA":"019","SSA_1":"","SSA_2":"","ESN":24,"ECN":14,"ASSMBDISTRICT":"1","VOTINGPRCNT":"25-315","DFIRM":null,"SPUD":null,"SUBDNUM":6752,"LEGAL":"TROUT MONEY RANCH       LOT 1","DOC1_DATE":null,"DOC1_TYPE":"","DOC1_RCRD":"","DOC2_DATE":null,"DOC2_TYPE":"","DOC2_RCRD":"","LANDUSE":"","RESUNIT":1.0,"MHUNIT":0.0,"DUPLEXUNIT":0.0,"MULTIUNIT":0.0,"GQUNIT":0.0,"MH_PK_UNIT":0.0,"BLDG_USE1":"1100","BLDG_USE2":"","BLDG_USE3":"","BLDG_USE4":"","BLDG_USE5":"","BLDG_USE6":"","Photo":"https://ecommerce.matsugov.us/assessment/Pages/Photos.aspx?isDLG=1&P_ID=506140","GlobalID":"{121B85D6-1CCA-4C08-9C44-215469452EB6}","Shape_Length":0.0082997127991708414,"Shape_Area":3.14827026505142e-06},"geometry":{"type":"MultiPolygon","coordinates":[[[[-148.965109092999967,61.665653358000043,0.0],[-148.966692274999957,61.665113159000043,0.0],[-148.967268614999966,61.66544482300003,0.0],[-148.968826605999965,61.666341014000068,0.0],[-148.967318747999968,61.666922852000027,0.0],[-148.965109092999967,61.665653358000043,0.0]]]]}},
{"type":"Feature","properties":{"OBJECTID":91003,"ParcelType":1,"P_ID":67336,"ACCOUNT":"6003B04L010","TAXID_LOKI":"56003B04L010","ACRES":1.01062783,"TAXACRE":1.01,"ORIGACRE":1.01,"FTYPE":"PARCEL","GENOWN":"PRIVATE","BUYLEASE":"N","OWNER_1":"DEVILBISS JOINT REV TR","NAME_2":"","MAILING_ADDRESS_LINE_A":"","MAILING_ADDRESS_LINE_B":"17855 E HARDING DR ","MAILING_ADDRESS_CITY":"PALMER","MAILING_ADDRESS_STATE":"AK","MAILING_ADDRESS_ZIP":"99645-8714","Buyer_Name":"","Buyer_Name_2":"","Buyer_Mailing_Address_A":"","Buyer_Mailing_Address_B":"","Buyer_Mailing_Address_City":"","Buyer_Mailing_Address_State":"","Buyer_Mailing_Address_Zip":"","MERIDIAN":"S","TWP_NUM":"18","TWP_NS":"N","RNG_NUM":"02","RNG_EW":"E","SECT_NUM":"12","GRIDNAME":"PA","GRIDNUM":"03","LANDVALUE":10400.0,"LANDASSD":10400.0,"BLDGVALUE":0.0,"BLDGASSD":0.0,"GENAREA":"3654","NBHD":"A1N12","TAXZONE":"0026","CITY":"","COMMCOUN":"15","FSA":"132","RSA":"019","SSA_1":"","SSA_2":"","ESN":24,"ECN":14,"ASSMBDISTRICT":"1","VOTINGPRCNT":"25-315","DFIRM":"02170C7300E","SPUD":null,"SUBDNUM":6003,"LEGAL":"ALASKA RANCHOS #1                  BLOCK 4 LOT 10","DOC1_DATE":"2018-11-26T00:00:00Z","DOC1_TYPE":"QUITCLAIM DEED (ALL TYPE)","DOC1_RCRD":"Palmer-Bk  Pg ","DOC2_DATE":"2018-08-17T00:00:00Z","DOC2_TYPE":"WARRANTY DEED (ALL TYPES)","DOC2_RCRD":"Palmer-Bk  Pg ","LANDUSE":"","RESUNIT":0.0,"MHUNIT":0.0,"DUPLEXUNIT":0.0,"MULTIUNIT":0.0,"GQUNIT":0.0,"MH_PK_UNIT":0.0,"BLDG_USE1":"","BLDG_USE2":"","BLDG_USE3":"","BLDG_USE4":"","BLDG_USE5":"","BLDG_USE6":"","Photo":"https://ecommerce.matsugov.us/assessment/Pages/Photos.aspx?isDLG=1&P_ID=67336","GlobalID":"{AC659AA7-4B18-4C5A-83CE-F5081F3D20D6}","Shape_Length":0.0037450738904983676,"Shape_Area":6.9294597687172309e-07},"geometry":{"type":"MultiPolygon","coordinates":[[[[-149.007252362999964,61.666780753000069,0.0],[-149.008270007999982,61.666501525000058,0.0],[-149.008905904999978,61.667036374000077,0.0],[-149.007835947999979,61.667272559000082,0.0],[-149.007252362999964,61.666780753000069,0.0]]]]}},
{"type":"Feature","properties":{"OBJECTID":91009,"ParcelType":1,"P_ID":56878,"ACCOUNT":"6003B02L031","TAXID_LOKI":"56003B02L031","ACRES":1.19762312,"TAXACRE":1.2,"ORIGACRE":1.2,"FTYPE":"PARCEL","GENOWN":"PRIVATE","BUYLEASE":"N","OWNER_1":"BROOKS SHARON","NAME_2":"STOLTENBERG RANDALL","MAILING_ADDRESS_LINE_A":"","MAILING_ADDRESS_LINE_B":"3440  LUNAR CIR ","MAILING_ADDRESS_CITY":"ANCHORAGE","MAILING_ADDRESS_STATE":"AK","MAILING_ADDRESS_ZIP":"99504-3966","Buyer_Name":"","Buyer_Name_2":"","Buyer_Mailing_Address_A":"","Buyer_Mailing_Address_B":"","Buyer_Mailing_Address_City":"","Buyer_Mailing_Address_State":"","Buyer_Mailing_Address_Zip":"","MERIDIAN":"S","TWP_NUM":"18","TWP_NS":"N","RNG_NUM":"02","RNG_EW":"E","SECT_NUM":"12","GRIDNAME":"PA","GRIDNUM":"03","LANDVALUE":11500.0,"LANDASSD":11500.0,"BLDGVALUE":0.0,"BLDGASSD":0.0,"GENAREA":"3654","NBHD":"A1N12","TAXZONE":"0026","CITY":"","COMMCOUN":"15","FSA":"132","RSA":"019","SSA_1":"","SSA_2":"","ESN":24,"ECN":14,"ASSMBDISTRICT":"1","VOTINGPRCNT":"25-315","DFIRM":"02170C7300E","SPUD":null,"SUBDNUM":6003,"LEGAL":"ALASKA RANCHOS #1                  BLOCK 2 LOT 31","DOC1_DATE":"2001-09-20T00:00:00Z","DOC1_TYPE":"WARRANTY DEED (ALL TYPES)","DOC1_RCRD":"Palmer-Bk  Pg 0","DOC2_DATE":null,"DOC2_TYPE":"","DOC2_RCRD":"","LANDUSE":"","RESUNIT":0.0,"MHUNIT":0.0,"DUPLEXUNIT":0.0,"MULTIUNIT":0.0,"GQUNIT":0.0,"MH_PK_UNIT":0.0,"BLDG_USE1":"","BLDG_USE2":"","BLDG_USE3":"","BLDG_USE4":"","BLDG_USE5":"","BLDG_USE6":"","Photo":"https://ecommerce.matsugov.us/assessment/Pages/Photos.aspx?isDLG=1&P_ID=56878","GlobalID":"{17F30078-CAB6-4BBA-88D5-59564AEDB1E7}","Shape_Length":0.0039167100404768913,"Shape_Area":8.2172105433292772e-07},"geometry":{"type":"MultiPolygon","coordinates":[[[[-149.004151323999963,61.666776815000048,0.0],[-149.005239917999972,61.666478152000082,0.0],[-149.005770805999958,61.666915320000044,0.0],[-149.00578052299997,61.666925006000042,0.0],[-149.005786932999968,61.66693529500003,0.0],[-149.005789876999984,61.666945934000069,0.0],[-149.005789282999956,61.666956660000039,0.0],[-149.005785166999971,61.666967211000042,0.0],[-149.005777628999965,61.666977325000062,0.0],[-149.00576685599998,61.666986755000039,0.0],[-149.005753111999979,61.666995266000072,0.0],[-149.005736733999981,61.667002652000065,0.0],[-149.005718127999984,61.667008729000031,0.0],[-149.005055953999971,61.667190403000063,0.0],[-149.00492554799996,61.667223230000047,0.0],[-149.004790458999963,61.667251457000077,0.0],[-149.004651406999983,61.667274937000059,0.0],[-149.004509128999956,61.667293544000074,0.0],[-149.004364377999963,61.667307179000034,0.0],[-149.004151323999963,61.666776815000048,0.0]]]]}},
{"type":"Feature","properties":{"OBJECTID":91012,"ParcelType":1,"P_ID":3657,"ACCOUNT":"6003B02L032","TAXID_LOKI":"56003B02L032","ACRES":1.09310028,"TAXACRE":1.09,"ORIGACRE":1.09,"FTYPE":"PARCEL","GENOWN":"PRIVATE","BUYLEASE":"N","OWNER_1":"PHILLIPS MADELAINE FAM TR","NAME_2":"PHILLIPS MADELAINE JANE TRE","MAILING_ADDRESS_LINE_A":"","MAILING_ADDRESS_LINE_B":"17700 E HARDING DR ","MAILING_ADDRESS_CITY":"PALMER","MAILING_ADDRESS_STATE":"AK","MAILING_ADDRESS_ZIP":"99645","Buyer_Name":"","Buyer_Name_2":"","Buyer_Mailing_Address_A":"","Buyer_Mailing_Address_B":"","Buyer_Mailing_Address_City":"","Buyer_Mailing_Address_State":"","Buyer_Mailing_Address_Zip":"","MERIDIAN":"S","TWP_NUM":"18","TWP_NS":"N","RNG_NUM":"02","RNG_EW":"E","SECT_NUM":"12","GRIDNAME":"PA","GRIDNUM":"03","LANDVALUE":9800.0,"LANDASSD":0.0,"BLDGVALUE":29000.0,"BLDGASSD":0.0,"GENAREA":"3654","NBHD":"A1N12","TAXZONE":"0026","CITY":"","COMMCOUN":"15","FSA":"132","RSA":"019","SSA_1":"","SSA_2":"","ESN":24,"ECN":14,"ASSMBDISTRICT":"1","VOTINGPRCNT":"25-315","DFIRM":"02170C7300E","SPUD":null,"SUBDNUM":6003,"LEGAL":"ALASKA RANCHOS #1                  BLOCK 2 LOT 32","DOC1_DATE":"2026-08-18T00:00:00Z","DOC1_TYPE":"QUITCLAIM DEED (ALL TYPE)","DOC1_RCRD":"Palmer-Bk  Pg ","DOC2_DATE":"2003-10-27T00:00:00Z","DOC2_TYPE":"WARRANTY DEED (ALL TYPES)","DOC2_RCRD":"Palmer-Bk  Pg 0","LANDUSE":"","RESUNIT":1.0,"MHUNIT":0.0,"DUPLEXUNIT":0.0,"MULTIUNIT":0.0,"GQUNIT":0.0,"MH_PK_UNIT":0.0,"BLDG_USE1":"1100","BLDG_USE2":"","BLDG_USE3":"","BLDG_USE4":"","BLDG_USE5":"","BLDG_USE6":"","Photo":"https://ecommerce.matsugov.us/assessment/Pages/Photos.aspx?isDLG=1&P_ID=3657","GlobalID":"{B7B8DE10-10E1-4307-A5F8-BF312E0BA23D}","Shape_Length":0.0039585946650603785,"Shape_Area":7.4962858855646341e-07},"geometry":{"type":"MultiPolygon","coordinates":[[[[-149.002706255999982,61.666802629000074,0.0],[-149.004044552999972,61.666802713000038,0.0],[-149.004251324999984,61.667317440000033,0.0],[-149.004147998999969,61.667321211000058,0.0],[-149.004044401999977,61.667322465000041,0.0],[-149.002705562999978,61.667322382000066,0.0],[-149.002706255999982,61.666802629000074,0.0]]]]}},
{"type":"Feature","properties":{"OBJECTID":91014,"ParcelType":1,"P_ID":18206,"ACCOUNT":"6003B02L033","TAXID_LOKI":"56003B02L033","ACRES":0.87244519,"TAXACRE":0.87,"ORIGACRE":0.87,"FTYPE":"PARCEL","GENOWN":"PRIVATE","BUYLEASE":"N","OWNER_1":"PHILLIPS MADELAINE FAM TR","NAME_2":"PHILLIPS MADELAINE JANE TRE","MAILING_ADDRESS_LINE_A":"","MAILING_ADDRESS_LINE_B":"17700 E HARDING DR ","MAILING_ADDRESS_CITY":"PALMER","MAILING_ADDRESS_STATE":"AK","MAILING_ADDRESS_ZIP":"99645","Buyer_Name":"","Buyer_Name_2":"","Buyer_Mailing_Address_A":"","Buyer_Mailing_Address_B":"","Buyer_Mailing_Address_City":"","Buyer_Mailing_Address_State":"","Buyer_Mailing_Address_Zip":"","MERIDIAN":"S","TWP_NUM":"18","TWP_NS":"N","RNG_NUM":"02","RNG_EW":"E","SECT_NUM":"12","GRIDNAME":"PA","GRIDNUM":"03","LANDVALUE":7800.0,"LANDASSD":7800.0,"BLDGVALUE":0.0,"BLDGASSD":0.0,"GENAREA":"3654","NBHD":"A1N12","TAXZONE":"0026","CITY":"","COMMCOUN":"15","FSA":"132","RSA":"019","SSA_1":"","SSA_2":"","ESN":24,"ECN":14,"ASSMBDISTRICT":"1","VOTINGPRCNT":"25-315","DFIRM":"02170C7300E","SPUD":null,"SUBDNUM":6003,"LEGAL":"ALASKA RANCHOS #1                  BLOCK 2 LOT 33","DOC1_DATE":"2026-08-18T00:00:00Z","DOC1_TYPE":"QUITCLAIM DEED (ALL TYPE)","DOC1_RCRD":"Palmer-Bk  Pg ","DOC2_DATE":"2019-03-01T00:00:00Z","DOC2_TYPE":"WARRANTY DEED (ALL TYPES)","DOC2_RCRD":"Palmer-Bk  Pg ","LANDUSE":"","RESUNIT":0.0,"MHUNIT":0.0,"DUPLEXUNIT":0.0,"MULTIUNIT":0.0,"GQUNIT":0.0,"MH_PK_UNIT":0.0,"BLDG_USE1":"","BLDG_USE2":"","BLDG_USE3":"","BLDG_USE4":"","BLDG_USE5":"","BLDG_USE6":"","Photo":"https://ecommerce.matsugov.us/assessment/Pages/Photos.aspx?isDLG=1&P_ID=18206","GlobalID":"{B8CD3C02-B644-40F8-B7F4-13D09C2FEC9A}","Shape_Length":0.0033413809567693718,"Shape_Area":5.9820301550489969e-07},"geometry":{"type":"MultiPolygon","coordinates":[[[[-149.001555328999956,61.666802548000078,0.0],[-149.002706255999982,61.666802629000074,0.0],[-149.002705562999978,61.667322382000066,0.0],[-149.001554615999964,61.66732230100007,0.0],[-149.001555328999956,61.666802548000078,0.0]]]]}},
{"type":"Feature","properties":{"OBJECTID":91015,"ParcelType":1,"P_ID":81447,"ACCOUNT":"6003B02L034","TAXID_LOKI":"56003B02L034","ACRES":0.87244519,"TAXACRE":0.87,"ORIGACRE":0.87,"FTYPE":"PARCEL","GENOWN":"PRIVATE","BUYLEASE":"N","OWNER_1":"BISHOP MATTHEW & KATIE","NAME_2":"","MAILING_ADDRESS_LINE_A":"","MAILING_ADDRESS_LINE_B":"17825 E WOODS DR ","MAILING_ADDRESS_CITY":"PALMER","MAILING_ADDRESS_STATE":"AK","MAILING_ADDRESS_ZIP":"99645","Buyer_Name":"","Buyer_Name_2":"","Buyer_Mailing_Address_A":"","Buyer_Mailing_Address_B":"","Buyer_Mailing_Address_City":"","Buyer_Mailing_Address_State":"","Buyer_Mailing_Address_Zip":"","MERIDIAN":"S","TWP_NUM":"18","TWP_NS":"N","RNG_NUM":"02","RNG_EW":"E","SECT_NUM":"12","GRIDNAME":"PA","GRIDNUM":"03","LANDVALUE":7800.0,"LANDASSD":7800.0,"BLDGVALUE":0.0,"BLDGASSD":0.0,"GENAREA":"3654","NBHD":"A1N12","TAXZONE":"0026","CITY":"","COMMCOUN":"15","FSA":"132","RSA":"019","SSA_1":"","SSA_2":"","ESN":24,"ECN":14,"ASSMBDISTRICT":"1","VOTINGPRCNT":"25-315","DFIRM":"02170C7300E","SPUD":null,"SUBDNUM":6003,"LEGAL":"ALASKA RANCHOS #1                  BLOCK 2 LOT 34","DOC1_DATE":"2023-05-31T00:00:00Z","DOC1_TYPE":"WARRANTY DEED (ALL TYPES)","DOC1_RCRD":"Palmer-Bk  Pg ","DOC2_DATE":"2021-03-05T00:00:00Z","DOC2_TYPE":"WARRANTY DEED (ALL TYPES)","DOC2_RCRD":"Palmer-Bk  Pg ","LANDUSE":"","RESUNIT":0.0,"MHUNIT":0.0,"DUPLEXUNIT":0.0,"MULTIUNIT":0.0,"GQUNIT":0.0,"MH_PK_UNIT":0.0,"BLDG_USE1":"","BLDG_USE2":"","BLDG_USE3":"","BLDG_USE4":"","BLDG_USE5":"","BLDG_USE6":"","Photo":"https://ecommerce.matsugov.us/assessment/Pages/Photos.aspx?isDLG=1&P_ID=81447","GlobalID":"{75573CC4-0BB1-4001-911A-6917D21B04E8}","Shape_Length":0.0033413800116803673,"Shape_Area":5.9820276442088063e-07},"geometry":{"type":"MultiPolygon","coordinates":[[[[-149.000404401999958,61.666802457000074,0.0],[-149.001555328999956,61.666802548000078,0.0],[-149.001554615999964,61.66732230100007,0.0],[-149.000403669999969,61.667322210000066,0.0],[-149.000404401999958,61.666802457000074,0.0]]]]}},
{"type":"Feature","properties":{"OBJECTID":91016,"ParcelType":1,"P_ID":37885,"ACCOUNT":"6003B02L035","TAXID_LOKI":"56003B02L035","ACRES":0.87244519,"TAXACRE":0.87,"ORIGACRE":0.87,"FTYPE":"PARCEL","GENOWN":"PRIVATE","BUYLEASE":"N","OWNER_1":"GILLEY CHASE T","NAME_2":"","MAILING_ADDRESS_LINE_A":"","MAILING_ADDRESS_LINE_B":"3032  STONEWOOD WAY ","MAILING_ADDRESS_CITY":"ORANGE PARK","MAILING_ADDRESS_STATE":"FL","MAILING_ADDRESS_ZIP":"32065","Buyer_Name":"","Buyer_Name_2":"","Buyer_Mailing_Address_A":"","Buyer_Mailing_Address_B":"","Buyer_Mailing_Address_City":"","Buyer_Mailing_Address_State":"","Buyer_Mailing_Address_Zip":"","MERIDIAN":"S","TWP_NUM":"18","TWP_NS":"N","RNG_NUM":"02","RNG_EW":"E","SECT_NUM":"12","GRIDNAME":"PA","GRIDNUM":"03","LANDVALUE":7800.0,"LANDASSD":7800.0,"BLDGVALUE":0.0,"BLDGASSD":0.0,"GENAREA":"3654","NBHD":"A1N12","TAXZONE":"0026","CITY":"","COMMCOUN":"15","FSA":"132","RSA":"019","SSA_1":"","SSA_2":"","ESN":24,"ECN":14,"ASSMBDISTRICT":"1","VOTINGPRCNT":"25-315","DFIRM":null,"SPUD":null,"SUBDNUM":6003,"LEGAL":"ALASKA RANCHOS #1                  BLOCK 2 LOT 35","DOC1_DATE":"2019-06-14T00:00:00Z","DOC1_TYPE":"WARRANTY DEED (ALL TYPES)","DOC1_RCRD":"Palmer-Bk  Pg ","DOC2_DATE":"2018-08-17T00:00:00Z","DOC2_TYPE":"WARRANTY DEED (ALL TYPES)","DOC2_RCRD":"Palmer-Bk  Pg ","LANDUSE":"","RESUNIT":0.0,"MHUNIT":0.0,"DUPLEXUNIT":0.0,"MULTIUNIT":0.0,"GQUNIT":0.0,"MH_PK_UNIT":0.0,"BLDG_USE1":"","BLDG_USE2":"","BLDG_USE3":"","BLDG_USE4":"","BLDG_USE5":"","BLDG_USE6":"","Photo":"https://ecommerce.matsugov.us/assessment/Pages/Photos.aspx?isDLG=1&P_ID=37885","GlobalID":"{2A6D06C1-0748-403D-8830-F1177A726907}","Shape_Length":0.0033413800668662449,"Shape_Area":5.9820277356488632e-07},"geometry":{"type":"MultiPolygon","coordinates":[[[[-148.999253474999961,61.666802356000062,0.0],[-149.000404401999958,61.666802457000074,0.0],[-149.000403669999969,61.667322210000066,0.0],[-148.999252723999973,61.667322109000054,0.0],[-148.999253474999961,61.666802356000062,0.0]]]]}},
{"type":"Feature","properties":{"OBJECTID":91017,"ParcelType":1,"P_ID":48194,"ACCOUNT":"6003B02L036","TAXID_LOKI":"56003B02L036","ACRES":0.87244519,"TAXACRE":0.87,"ORIGACRE":0.87,"FTYPE":"PARCEL","GENOWN":"PRIVATE","BUYLEASE":"N","OWNER_1":"RESTAURI MARK & JENNIFER","NAME_2":"","MAILING_ADDRESS_LINE_A":"% JENNIFER E FEAZEL","MAILING_ADDRESS_LINE_B":"214B  8TH AVE SE","MAILING_ADDRESS_CITY":"JACKSONVILLE","MAILING_ADDRESS_STATE":"AL","MAILING_ADDRESS_ZIP":"36265-2680","Buyer_Name":"","Buyer_Name_2":"","Buyer_Mailing_Address_A":"","Buyer_Mailing_Address_B":"","Buyer_Mailing_Address_City":"","Buyer_Mailing_Address_State":"","Buyer_Mailing_Address_Zip":"","MERIDIAN":"S","TWP_NUM":"18","TWP_NS":"N","RNG_NUM":"02","RNG_EW":"E","SECT_NUM":"12","GRIDNAME":"PA","GRIDNUM":"03","LANDVALUE":7800.0,"LANDASSD":7800.0,"BLDGVALUE":26000.0,"BLDGASSD":26000.0,"GENAREA":"3654","NBHD":"A1N12","TAXZONE":"0026","CITY":"","COMMCOUN":"15","FSA":"132","RSA":"019","SSA_1":"","SSA_2":"","ESN":24,"ECN":14,"ASSMBDISTRICT":"1","VOTINGPRCNT":"25-315","DFIRM":null,"SPUD":null,"SUBDNUM":6003,"LEGAL":"ALASKA RANCHOS #1                  BLOCK 2 LOT 36","DOC1_DATE":"2003-02-28T00:00:00Z","DOC1_TYPE":"WARRANTY DEED (ALL TYPES)","DOC1_RCRD":"Palmer-Bk  Pg 0","DOC2_DATE":null,"DOC2_TYPE":"","DOC2_RCRD":"","LANDUSE":"","RESUNIT":1.0,"MHUNIT":0.0,"DUPLEXUNIT":0.0,"MULTIUNIT":0.0,"GQUNIT":0.0,"MH_PK_UNIT":0.0,"BLDG_USE1":"1100","BLDG_USE2":"","BLDG_USE3":"","BLDG_USE4":"","BLDG_USE5":"","BLDG_USE6":"","Photo":"https://ecommerce.matsugov.us/assessment/Pages/Photos.aspx?isDLG=1&P_ID=48194","GlobalID":"{4076D720-D8A8-4B01-BC1E-A802AA5E9646}","Shape_Length":0.0033413811251153122,"Shape_Area":5.9820304302553103e-07},"geometry":{"type":"MultiPolygon","coordinates":[[[[-148.998102547999963,61.666802245000042,0.0],[-148.999253474999961,61.666802356000062,0.0],[-148.999252723999973,61.667322109000054,0.0],[-148.99810177699996,61.667321998000034,0.0],[-148.998102547999963,61.666802245000042,0.0]]]]}},
{"type":"Feature","properties":{"OBJECTID":91018,"ParcelType":1,"P_ID":54980,"ACCOUNT":"6003B02L037","TAXID_LOKI":"56003B02L037","ACRES":0.90979779,"TAXACRE":0.91,"ORIGACRE":0.91,"FTYPE":"PARCEL","GENOWN":"PRIVATE","BUYLEASE":"N","OWNER_1":"COX MATTHEW","NAME_2":"","MAILING_ADDRESS_LINE_A":"","MAILING_ADDRESS_LINE_B":"132  COUGAR RD ","MAILING_ADDRESS_CITY":"CARLSBAD","MAILING_ADDRESS_STATE":"NM","MAILING_ADDRESS_ZIP":"88220","Buyer_Name":"","Buyer_Name_2":"","Buyer_Mailing_Address_A":"","Buyer_Mailing_Address_B":"","Buyer_Mailing_Address_City":"","Buyer_Mailing_Address_State":"","Buyer_Mailing_Address_Zip":"","MERIDIAN":"S","TWP_NUM":"18","TWP_NS":"N","RNG_NUM":"02","RNG_EW":"E","SECT_NUM":"12","GRIDNAME":"PA","GRIDNUM":"03","LANDVALUE":7800.0,"LANDASSD":7800.0,"BLDGVALUE":0.0,"BLDGASSD":0.0,"GENAREA":"3654","NBHD":"A1N12","TAXZONE":"0026","CITY":"","COMMCOUN":"15","FSA":"132","RSA":"019","SSA_1":"","SSA_2":"","ESN":24,"ECN":14,"ASSMBDISTRICT":"1","VOTINGPRCNT":"25-315","DFIRM":null,"SPUD":null,"SUBDNUM":6003,"LEGAL":"ALASKA RANCHOS #1                  BLOCK 2 LOT 37","DOC1_DATE":"2021-02-08T00:00:00Z","DOC1_TYPE":"WARRANTY DEED (ALL TYPES)","DOC1_RCRD":"Palmer-Bk  Pg ","DOC2_DATE":"2001-09-18T00:00:00Z","DOC2_TYPE":"WARRANTY DEED (ALL TYPES)","DOC2_RCRD":"Palmer-Bk  Pg 0","LANDUSE":"","RESUNIT":0.0,"MHUNIT":0.0,"DUPLEXUNIT":0.0,"MULTIUNIT":0.0,"GQUNIT":0.0,"MH_PK_UNIT":0.0,"BLDG_USE1":"","BLDG_USE2":"","BLDG_USE3":"","BLDG_USE4":"","BLDG_USE5":"","BLDG_USE6":"","Photo":"https://ecommerce.matsugov.us/assessment/Pages/Photos.aspx?isDLG=1&P_ID=54980","GlobalID":"{D2116F62-BBF2-485D-80FB-06A1654C8BBB}","Shape_Length":0.0034089474385768535,"Shape_Area":6.2381404275892021e-07},"geometry":{"type":"MultiPolygon","coordinates":[[[[-148.99689833399998,61.666802119000067,0.0],[-148.998102547999963,61.666802245000042,0.0],[-148.99810177699996,61.667321998000034,0.0],[-148.99704140999998,61.667321887000071,0.0],[-148.997018598999972,61.667321452000067,0.0],[-148.99699625599996,61.667319229000043,0.0],[-148.996974991999963,61.667315280000082,0.0],[-148.996955394999958,61.667309715000044,0.0],[-148.996938004999976,61.667302685000038,0.0],[-148.996923300999981,61.667294385000048,0.0],[-148.996911686999965,61.667285043000049,0.0],[-148.996903483999972,61.667274916000054,0.0],[-148.99689891899996,61.667264285000044,0.0],[-148.996898114999965,61.667253441000071,0.0],[-148.99689833399998,61.666802119000067,0.0]]]]}},
{"type":"Feature","properties":{"OBJECTID":91019,"ParcelType":1,"P_ID":48839,"ACCOUNT":"6003B04L009","TAXID_LOKI":"56003B04L009","ACRES":0.86061306,"TAXACRE":0.86,"ORIGACRE":0.86,"FTYPE":"PARCEL","GENOWN":"PRIVATE","BUYLEASE":"N","OWNER_1":"DEVILBISS JOINT REV TR","NAME_2":"","MAILING_ADDRESS_LINE_A":"","MAILING_ADDRESS_LINE_B":"17855 E HARDING DR ","MAILING_ADDRESS_CITY":"PALMER","MAILING_ADDRESS_STATE":"AK","MAILING_ADDRESS_ZIP":"99645-8714","Buyer_Name":"","Buyer_Name_2":"","Buyer_Mailing_Address_A":"","Buyer_Mailing_Address_B":"","Buyer_Mailing_Address_City":"","Buyer_Mailing_Address_State":"","Buyer_Mailing_Address_Zip":"","MERIDIAN":"S","TWP_NUM":"18","TWP_NS":"N","RNG_NUM":"02","RNG_EW":"E","SECT_NUM":"12","GRIDNAME":"PA","GRIDNUM":"03","LANDVALUE":9800.0,"LANDASSD":9800.0,"BLDGVALUE":0.0,"BLDGASSD":0.0,"GENAREA":"3654","NBHD":"A1N12","TAXZONE":"0026","CITY":"","COMMCOUN":"15","FSA":"132","RSA":"019","SSA_1":"","SSA_2":"","ESN":24,"ECN":14,"ASSMBDISTRICT":"1","VOTINGPRCNT":"25-315","DFIRM":"02170C7300E","SPUD":null,"SUBDNUM":6003,"LEGAL":"ALASKA RANCHOS #1                  BLOCK 4 LOT 9","DOC1_DATE":"2017-05-17T00:00:00Z","DOC1_TYPE":"QUITCLAIM DEED (ALL TYPE)","DOC1_RCRD":"Palmer-Bk  Pg ","DOC2_DATE":"2000-05-26T00:00:00Z","DOC2_TYPE":"WARRANTY DEED (ALL TYPES)","DOC2_RCRD":"Palmer-Bk 1070 Pg 323","LANDUSE":"","RESUNIT":0.0,"MHUNIT":0.0,"DUPLEXUNIT":0.0,"MULTIUNIT":0.0,"GQUNIT":0.0,"MH_PK_UNIT":0.0,"BLDG_USE1":"","BLDG_USE2":"","BLDG_USE3":"","BLDG_USE4":"","BLDG_USE5":"","BLDG_USE6":"","Photo":"https://ecommerce.matsugov.us/assessment/Pages/Photos.aspx?isDLG=1&P_ID=48839","GlobalID":"{482321D5-E0B0-49D1-ACC9-94EC3A79BC5A}","Shape_Length":0.0034571972020280123,"Shape_Area":5.9009214928341635e-07},"geometry":{"type":"MultiPolygon","coordinates":[[[[-149.006309159999972,61.66703954500008,0.0],[-149.007252362999964,61.666780753000069,0.0],[-149.007835947999979,61.667272559000082,0.0],[-149.006844262999977,61.667491455000061,0.0],[-149.006309159999972,61.66703954500008,0.0]]]]}},
{"type":"Feature","properties":{"OBJECTID":91020,"ParcelType":1,"P_ID":517908,"ACCOUNT":"7150000L001","TAXID_LOKI":"57150000L001","ACRES":5.19432571,"TAXACRE":5.19,"ORIGACRE":5.19,"FTYPE":"PARCEL","GENOWN":"PRIVATE","BUYLEASE":"N","OWNER_1":"HALL ALICIA L","NAME_2":"MATANUSKA-SUSITNA BOROUGH","MAILING_ADDRESS_LINE_A":"","MAILING_ADDRESS_LINE_B":"7643 N QUAKING ASPEN RD ","MAILING_ADDRESS_CITY":"PALMER","MAILING_ADDRESS_STATE":"AK","MAILING_ADDRESS_ZIP":"99645","Buyer_Name":"","Buyer_Name_2":"","Buyer_Mailing_Address_A":"","Buyer_Mailing_Address_B":"","Buyer_Mailing_Address_City":"","Buyer_Mailing_Address_State":"","Buyer_Mailing_Address_Zip":"","MERIDIAN":"S","TWP_NUM":"18","TWP_NS":"N","RNG_NUM":"03","RNG_EW":"E","SECT_NUM":"07","GRIDNAME":"PA","GRIDNUM":"02","LANDVALUE":2600.0,"LANDASSD":2600.0,"BLDGVALUE":185700.0,"BLDGASSD":185700.0,"GENAREA":"3654","NBHD":"AG_LAND","TAXZONE":"0026","CITY":"","COMMCOUN":"15","FSA":"132","RSA":"019","SSA_1":"","SSA_2":"","ESN":24,"ECN":14,"ASSMBDISTRICT":"1","VOTINGPRCNT":"25-315","DFIRM":null,"SPUD":null,"SUBDNUM":7150,"LEGAL":"CRAWFORD/ROY     LOT 1","DOC1_DATE":"2013-11-15T00:00:00Z","DOC1_TYPE":"WARRANTY DEED (ALL TYPES)","DOC1_RCRD":"Palmer-Bk  Pg ","DOC2_DATE":null,"DOC2_TYPE":"","DOC2_RCRD":"","LANDUSE":"","RESUNIT":2.0,"MHUNIT":0.0,"DUPLEXUNIT":0.0,"MULTIUNIT":0.0,"GQUNIT":0.0,"MH_PK_UNIT":0.0,"BLDG_USE1":"1100","BLDG_USE2":"1110","BLDG_USE3":"","BLDG_USE4":"","BLDG_USE5":"","BLDG_USE6":"","Photo":"https://ecommerce.matsugov.us/assessment/Pages/Photos.aspx?isDLG=1&P_ID=517908","GlobalID":"{1376DD4B-A36A-4148-A1B1-5F9034E3AC4C}","Shape_Length":0.015373577730339785,"Shape_Area":3.56155821255672e-06},"geometry":{"type":"MultiPolygon","coordinates":[[[[-148.988384644999968,61.666031292000071,0.0],[-148.989648599999981,61.665520889000049,0.0],[-148.989650851999983,61.665627642000061,0.0],[-148.988484911999961,61.666098465000061,0.0],[-148.987263276999983,61.666438601000038,0.0],[-148.987797229999984,61.666680454000073,0.0],[-148.985970103999961,61.667470522000031,0.0],[-148.983400522999972,61.667479581000066,0.0],[-148.982975581999966,61.66686543000003,0.0],[-148.987133260999968,61.666379704000065,0.0],[-148.988384644999968,61.666031292000071,0.0]]]]}},
{"type":"Feature","properties":{"OBJECTID":91022,"ParcelType":1,"P_ID":82470,"ACCOUNT":"6003B04L008","TAXID_LOKI":"56003B04L008","ACRES":0.80716566,"TAXACRE":0.81,"ORIGACRE":0.81,"FTYPE":"PARCEL","GENOWN":"PRIVATE","BUYLEASE":"N","OWNER_1":"DEVILBISS JOINT REV TR","NAME_2":"","MAILING_ADDRESS_LINE_A":"","MAILING_ADDRESS_LINE_B":"17855 E HARDING DR ","MAILING_ADDRESS_CITY":"PALMER","MAILING_ADDRESS_STATE":"AK","MAILING_ADDRESS_ZIP":"99645-8714","Buyer_Name":"","Buyer_Name_2":"","Buyer_Mailing_Address_A":"","Buyer_Mailing_Address_B":"","Buyer_Mailing_Address_City":"","Buyer_Mailing_Address_State":"","Buyer_Mailing_Address_Zip":"","MERIDIAN":"S","TWP_NUM":"18","TWP_NS":"N","RNG_NUM":"02","RNG_EW":"E","SECT_NUM":"12","GRIDNAME":"PA","GRIDNUM":"03","LANDVALUE":9800.0,"LANDASSD":9800.0,"BLDGVALUE":75700.0,"BLDGASSD":75700.0,"GENAREA":"3654","NBHD":"A1N12","TAXZONE":"0026","CITY":"","COMMCOUN":"15","FSA":"132","RSA":"019","SSA_1":"","SSA_2":"","ESN":24,"ECN":14,"ASSMBDISTRICT":"1","VOTINGPRCNT":"25-315","DFIRM":"02170C7300E","SPUD":null,"SUBDNUM":6003,"LEGAL":"ALASKA RANCHOS #1                  BLOCK 4 LOT 8","DOC1_DATE":"2017-05-17T00:00:00Z","DOC1_TYPE":"QUITCLAIM DEED (ALL TYPE)","DOC1_RCRD":"Palmer-Bk  Pg ","DOC2_DATE":"2000-05-26T00:00:00Z","DOC2_TYPE":"QUITCLAIM DEED (ALL TYPE)","DOC2_RCRD":"Palmer-Bk 1070 Pg 322","LANDUSE":"","RESUNIT":1.0,"MHUNIT":0.0,"DUPLEXUNIT":0.0,"MULTIUNIT":0.0,"GQUNIT":0.0,"MH_PK_UNIT":0.0,"BLDG_USE1":"1100","BLDG_USE2":"","BLDG_USE3":"","BLDG_USE4":"","BLDG_USE5":"","BLDG_USE6":"","Photo":"https://ecommerce.matsugov.us/assessment/Pages/Photos.aspx?isDLG=1&P_ID=82470","GlobalID":"{57889C58-9F9E-49DA-878C-283CA8752517}","Shape_Length":0.0033824726638513238,"Shape_Area":5.5344959402473207e-07},"geometry":{"type":"MultiPolygon","coordinates":[[[[-149.005341119999969,61.667305140000053,0.0],[-149.006309159999972,61.66703954500008,0.0],[-149.006844262999977,61.667491455000061,0.0],[-149.005826467999981,61.667716105000068,0.0],[-149.005341119999969,61.667305140000053,0.0]]]]}},
{"type":"Feature","properties":{"OBJECTID":91023,"ParcelType":2,"P_ID":31534,"ACCOUNT":"18N03E08B003","TAXID_LOKI":"118N03E08B003","ACRES":4.618492,"TAXACRE":4.79,"ORIGACRE":4.79,"FTYPE":"PARCEL","GENOWN":"PRIVATE","BUYLEASE":"N","OWNER_1":"HANSON JOHN V","NAME_2":"","MAILING_ADDRESS_LINE_A":"","MAILING_ADDRESS_LINE_B":"511  PINE ST ","MAILING_ADDRESS_CITY":"KETCHIKAN","MAILING_ADDRESS_STATE":"AK","MAILING_ADDRESS_ZIP":"99901","Buyer_Name":"","Buyer_Name_2":"","Buyer_Mailing_Address_A":"","Buyer_Mailing_Address_B":"","Buyer_Mailing_Address_City":"","Buyer_Mailing_Address_State":"","Buyer_Mailing_Address_Zip":"","MERIDIAN":"S","TWP_NUM":"18","TWP_NS":"N","RNG_NUM":"03","RNG_EW":"E","SECT_NUM":"08","GRIDNAME":"PA","GRIDNUM":"02","LANDVALUE":50400.0,"LANDASSD":50400.0,"BLDGVALUE":0.0,"BLDGASSD":0.0,"GENAREA":"3654","NBHD":"A1N10","TAXZONE":"0026","CITY":"","COMMCOUN":"15","FSA":"132","RSA":"019","SSA_1":"","SSA_2":"","ESN":24,"ECN":14,"ASSMBDISTRICT":"1","VOTINGPRCNT":"25-315","DFIRM":null,"SPUD":null,"SUBDNUM":0,"LEGAL":"TOWNSHIP 18N RANGE 3E              SECTION 8 LOT B3","DOC1_DATE":"2021-03-18T00:00:00Z","DOC1_TYPE":"QUITCLAIM DEED (ALL TYPE)","DOC1_RCRD":"Palmer-Bk  Pg ","DOC2_DATE":"2018-05-29T00:00:00Z","DOC2_TYPE":"TRANSFER ON DEATH","DOC2_RCRD":"Palmer-Bk  Pg ","LANDUSE":"","RESUNIT":0.0,"MHUNIT":0.0,"DUPLEXUNIT":0.0,"MULTIUNIT":0.0,"GQUNIT":0.0,"MH_PK_UNIT":0.0,"BLDG_USE1":"","BLDG_USE2":"","BLDG_USE3":"","BLDG_USE4":"","BLDG_USE5":"","BLDG_USE6":"","Photo":"https://ecommerce.matsugov.us/assessment/Pages/Photos.aspx?isDLG=1&P_ID=31534","GlobalID":"{C6F2F91F-6328-4624-A0C9-995DBAD49D13}","Shape_Length":0.0083627593415826571,"Shape_Area":3.1666557095302827e-06},"geometry":{"type":"MultiPolygon","coordinates":[[[[-148.963583148999959,61.666166654000051,0.0],[-148.965109092999967,61.665653358000043,0.0],[-148.967318747999968,61.666922852000027,0.0],[-148.967290314999957,61.666933822000033,0.0],[-148.965826894999964,61.667494023000074,0.0],[-148.963583148999959,61.666166654000051,0.0]]]]}},
{"type":"Feature","properties":{"OBJECTID":91024,"ParcelType":1,"P_ID":43249,"ACCOUNT":"6003B04L007","TAXID_LOKI":"56003B04L007","ACRES":0.793979,"TAXACRE":0.79,"ORIGACRE":0.79,"FTYPE":"PARCEL","GENOWN":"PRIVATE","BUYLEASE":"N","OWNER_1":"DEVILBISS JOINT REV TR","NAME_2":"","MAILING_ADDRESS_LINE_A":"","MAILING_ADDRESS_LINE_B":"17855 E HARDING DR ","MAILING_ADDRESS_CITY":"PALMER","MAILING_ADDRESS_STATE":"AK","MAILING_ADDRESS_ZIP":"99645-8714","Buyer_Name":"","Buyer_Name_2":"","Buyer_Mailing_Address_A":"","Buyer_Mailing_Address_B":"","Buyer_Mailing_Address_City":"","Buyer_Mailing_Address_State":"","Buyer_Mailing_Address_Zip":"","MERIDIAN":"S","TWP_NUM":"18","TWP_NS":"N","RNG_NUM":"02","RNG_EW":"E","SECT_NUM":"12","GRIDNAME":"PA","GRIDNUM":"03","LANDVALUE":8300.0,"LANDASSD":8300.0,"BLDGVALUE":338300.0,"BLDGASSD":338300.0,"GENAREA":"3654","NBHD":"A1N12","TAXZONE":"0026","CITY":"","COMMCOUN":"15","FSA":"132","RSA":"019","SSA_1":"","SSA_2":"","ESN":24,"ECN":14,"ASSMBDISTRICT":"1","VOTINGPRCNT":"25-315","DFIRM":"02170C7300E","SPUD":null,"SUBDNUM":6003,"LEGAL":"ALASKA RANCHOS #1                  BLOCK 4 LOT 7","DOC1_DATE":"2017-05-17T00:00:00Z","DOC1_TYPE":"QUITCLAIM DEED (ALL TYPE)","DOC1_RCRD":"Palmer-Bk  Pg ","DOC2_DATE":"2011-09-02T00:00:00Z","DOC2_TYPE":"QUITCLAIM DEED (ALL TYPE)","DOC2_RCRD":"Palmer-Bk  Pg ","LANDUSE":"","RESUNIT":1.0,"MHUNIT":0.0,"DUPLEXUNIT":0.0,"MULTIUNIT":0.0,"GQUNIT":0.0,"MH_PK_UNIT":0.0,"BLDG_USE1":"1100","BLDG_USE2":"","BLDG_USE3":"","BLDG_USE4":"","BLDG_USE5":"","BLDG_USE6":"","Photo":"https://ecommerce.matsugov.us/assessment/Pages/Photos.aspx?isDLG=1&P_ID=43249","GlobalID":"{48BA3921-9031-4CA3-B7B6-554629F257E4}","Shape_Length":0.0031905386471700911,"Shape_Area":5.4396293083158793e-07},"geometry":{"type":"MultiPolygon","coordinates":[[[[-149.003280990999968,61.667484909000052,0.0],[-149.004045510999958,61.667484955000077,0.0],[-149.004210403999963,61.667482236000069,0.0],[-149.004374499999983,61.667474071000072,0.0],[-149.004374377999966,61.667981515000065,0.0],[-149.00328095499998,61.667980846000034,0.0],[-149.003280990999968,61.667484909000052,0.0]]]]}},
{"type":"Feature","properties":{"OBJECTID":91025,"ParcelType":1,"P_ID":44354,"ACCOUNT":"6003B04L006","TAXID_LOKI":"56003B04L006","ACRES":0.769575,"TAXACRE":0.77,"ORIGACRE":0.77,"FTYPE":"PARCEL","GENOWN":"PRIVATE","BUYLEASE":"N","OWNER_1":"DEVILBISS JOINT REV TR","NAME_2":"","MAILING_ADDRESS_LINE_A":"","MAILING_ADDRESS_LINE_B":"17855 E HARDING DR ","MAILING_ADDRESS_CITY":"PALMER","MAILING_ADDRESS_STATE":"AK","MAILING_ADDRESS_ZIP":"99645-8714","Buyer_Name":"","Buyer_Name_2":"","Buyer_Mailing_Address_A":"","Buyer_Mailing_Address_B":"","Buyer_Mailing_Address_City":"","Buyer_Mailing_Address_State":"","Buyer_Mailing_Address_Zip":"","MERIDIAN":"S","TWP_NUM":"18","TWP_NS":"N","RNG_NUM":"02","RNG_EW":"E","SECT_NUM":"12","GRIDNAME":"PA","GRIDNUM":"03","LANDVALUE":8300.0,"LANDASSD":8300.0,"BLDGVALUE":53500.0,"BLDGASSD":53500.0,"GENAREA":"3654","NBHD":"A1N12","TAXZONE":"0026","CITY":"","COMMCOUN":"15","FSA":"132","RSA":"019","SSA_1":"","SSA_2":"","ESN":24,"ECN":14,"ASSMBDISTRICT":"1","VOTINGPRCNT":"25-315","DFIRM":"02170C7300E","SPUD":null,"SUBDNUM":6003,"LEGAL":"ALASKA RANCHOS #1                  BLOCK 4 LOT 6","DOC1_DATE":"2017-05-17T00:00:00Z","DOC1_TYPE":"QUITCLAIM DEED (ALL TYPE)","DOC1_RCRD":"Palmer-Bk  Pg ","DOC2_DATE":"1996-02-27T00:00:00Z","DOC2_TYPE":"WARRANTY DEED (ALL TYPES)","DOC2_RCRD":"Palmer-Bk 838 Pg 378","LANDUSE":"","RESUNIT":1.0,"MHUNIT":0.0,"DUPLEXUNIT":0.0,"MULTIUNIT":0.0,"GQUNIT":0.0,"MH_PK_UNIT":0.0,"BLDG_USE1":"1100","BLDG_USE2":"","BLDG_USE3":"","BLDG_USE4":"","BLDG_USE5":"","BLDG_USE6":"","Photo":"https://ecommerce.matsugov.us/assessment/Pages/Photos.aspx?isDLG=1&P_ID=44354","GlobalID":"{FCE278A1-B685-45A0-92D7-B3859A68C90B}","Shape_Length":0.0031205622101811896,"Shape_Area":5.2768010358946788e-07},"geometry":{"type":"MultiPolygon","coordinates":[[[[-149.002216359999977,61.667484839000053,0.0],[-149.003280990999968,61.667484909000052,0.0],[-149.00328095499998,61.667980846000034,0.0],[-149.002216308999976,61.667980187000069,0.0],[-149.002216359999977,61.667484839000053,0.0]]]]}},
{"type":"Feature","properties":{"OBJECTID":91026,"ParcelType":1,"P_ID":27113,"ACCOUNT":"6003B04L005","TAXID_LOKI":"56003B04L005","ACRES":0.76866222,"TAXACRE":0.77,"ORIGACRE":0.77,"FTYPE":"PARCEL","GENOWN":"PRIVATE","BUYLEASE":"N","OWNER_1":"DEVILBISS JOINT REV TR","NAME_2":"","MAILING_ADDRESS_LINE_A":"","MAILING_ADDRESS_LINE_B":"17855 E HARDING DR ","MAILING_ADDRESS_CITY":"PALMER","MAILING_ADDRESS_STATE":"AK","MAILING_ADDRESS_ZIP":"99645-8714","Buyer_Name":"","Buyer_Name_2":"","Buyer_Mailing_Address_A":"","Buyer_Mailing_Address_B":"","Buyer_Mailing_Address_City":"","Buyer_Mailing_Address_State":"","Buyer_Mailing_Address_Zip":"","MERIDIAN":"S","TWP_NUM":"18","TWP_NS":"N","RNG_NUM":"02","RNG_EW":"E","SECT_NUM":"12","GRIDNAME":"PA","GRIDNUM":"03","LANDVALUE":7800.0,"LANDASSD":7800.0,"BLDGVALUE":15900.0,"BLDGASSD":15900.0,"GENAREA":"3654","NBHD":"A1N12","TAXZONE":"0026","CITY":"","COMMCOUN":"15","FSA":"132","RSA":"019","SSA_1":"","SSA_2":"","ESN":24,"ECN":14,"ASSMBDISTRICT":"1","VOTINGPRCNT":"25-315","DFIRM":"02170C7300E","SPUD":null,"SUBDNUM":6003,"LEGAL":"ALASKA RANCHOS #1                  BLOCK 4 LOT 5","DOC1_DATE":"2017-05-17T00:00:00Z","DOC1_TYPE":"QUITCLAIM DEED (ALL TYPE)","DOC1_RCRD":"Palmer-Bk  Pg ","DOC2_DATE":"1996-04-15T00:00:00Z","DOC2_TYPE":"WARRANTY DEED (ALL TYPES)","DOC2_RCRD":"Palmer-Bk 843 Pg 942","LANDUSE":"","RESUNIT":1.0,"MHUNIT":0.0,"DUPLEXUNIT":0.0,"MULTIUNIT":0.0,"GQUNIT":0.0,"MH_PK_UNIT":0.0,"BLDG_USE1":"1100","BLDG_USE2":"","BLDG_USE3":"","BLDG_USE4":"","BLDG_USE5":"","BLDG_USE6":"","Photo":"https://ecommerce.matsugov.us/assessment/Pages/Photos.aspx?isDLG=1&P_ID=27113","GlobalID":"{EAE16F65-2BE6-41DC-B8B9-514E56BBCD94}","Shape_Length":0.0031193882195387234,"Shape_Area":5.2705402762242702e-07},"geometry":{"type":"MultiPolygon","coordinates":[[[[-149.001151726999979,61.667484760000036,0.0],[-149.002216359999977,61.667484839000053,0.0],[-149.002216308999976,61.667980187000069,0.0],[-149.001151660999966,61.667979519000028,0.0],[-149.001151726999979,61.667484760000036,0.0]]]]}},
{"type":"Feature","properties":{"OBJECTID":91027,"ParcelType":1,"P_ID":82468,"ACCOUNT":"6003B04L004","TAXID_LOKI":"56003B04L004","ACRES":0.76774668,"TAXACRE":0.77,"ORIGACRE":0.77,"FTYPE":"PARCEL","GENOWN":"PRIVATE","BUYLEASE":"N","OWNER_1":"DEVILBISS JOINT REV TR","NAME_2":"","MAILING_ADDRESS_LINE_A":"","MAILING_ADDRESS_LINE_B":"17855 E HARDING DR ","MAILING_ADDRESS_CITY":"PALMER","MAILING_ADDRESS_STATE":"AK","MAILING_ADDRESS_ZIP":"99645-8714","Buyer_Name":"","Buyer_Name_2":"","Buyer_Mailing_Address_A":"","Buyer_Mailing_Address_B":"","Buyer_Mailing_Address_City":"","Buyer_Mailing_Address_State":"","Buyer_Mailing_Address_Zip":"","MERIDIAN":"S","TWP_NUM":"18","TWP_NS":"N","RNG_NUM":"02","RNG_EW":"E","SECT_NUM":"12","GRIDNAME":"PA","GRIDNUM":"03","LANDVALUE":7800.0,"LANDASSD":7800.0,"BLDGVALUE":0.0,"BLDGASSD":0.0,"GENAREA":"3654","NBHD":"A1N12","TAXZONE":"0026","CITY":"","COMMCOUN":"15","FSA":"132","RSA":"019","SSA_1":"","SSA_2":"","ESN":24,"ECN":14,"ASSMBDISTRICT":"1","VOTINGPRCNT":"25-315","DFIRM":"02170C7300E","SPUD":null,"SUBDNUM":6003,"LEGAL":"ALASKA RANCHOS #1                  BLOCK 4 LOT 4","DOC1_DATE":"2017-05-17T00:00:00Z","DOC1_TYPE":"QUITCLAIM DEED (ALL TYPE)","DOC1_RCRD":"Palmer-Bk  Pg ","DOC2_DATE":"1996-04-15T00:00:00Z","DOC2_TYPE":"WARRANTY DEED (ALL TYPES)","DOC2_RCRD":"Palmer-Bk 843 Pg 942","LANDUSE":"","RESUNIT":0.0,"MHUNIT":0.0,"DUPLEXUNIT":0.0,"MULTIUNIT":0.0,"GQUNIT":0.0,"MH_PK_UNIT":0.0,"BLDG_USE1":"","BLDG_USE2":"","BLDG_USE3":"","BLDG_USE4":"","BLDG_USE5":"","BLDG_USE6":"","Photo":"https://ecommerce.matsugov.us/assessment/Pages/Photos.aspx?isDLG=1&P_ID=82468","GlobalID":"{6855D00D-E34A-4987-99B1-7D78770EDA44}","Shape_Length":0.0031182052301975465,"Shape_Area":5.264254397358062e-07},"geometry":{"type":"MultiPolygon","coordinates":[[[[-149.000087096999977,61.667484673000047,0.0],[-149.001151726999979,61.667484760000036,0.0],[-149.001151660999966,61.667979519000028,0.0],[-149.000087013999973,61.667978842000082,0.0],[-149.000087096999977,61.667484673000047,0.0]]]]}},
{"type":"Feature","properties":{"OBJECTID":91028,"ParcelType":1,"P_ID":71747,"ACCOUNT":"6003B04L003","TAXID_LOKI":"56003B04L003","ACRES":0.76683183,"TAXACRE":0.77,"ORIGACRE":0.77,"FTYPE":"PARCEL","GENOWN":"PRIVATE","BUYLEASE":"N","OWNER_1":"DEVILBISS JOINT REV TR","NAME_2":"","MAILING_ADDRESS_LINE_A":"","MAILING_ADDRESS_LINE_B":"17855 E HARDING DR ","MAILING_ADDRESS_CITY":"PALMER","MAILING_ADDRESS_STATE":"AK","MAILING_ADDRESS_ZIP":"99645-8714","Buyer_Name":"","Buyer_Name_2":"","Buyer_Mailing_Address_A":"","Buyer_Mailing_Address_B":"","Buyer_Mailing_Address_City":"","Buyer_Mailing_Address_State":"","Buyer_Mailing_Address_Zip":"","MERIDIAN":"S","TWP_NUM":"18","TWP_NS":"N","RNG_NUM":"02","RNG_EW":"E","SECT_NUM":"12","GRIDNAME":"PA","GRIDNUM":"03","LANDVALUE":7800.0,"LANDASSD":7800.0,"BLDGVALUE":0.0,"BLDGASSD":0.0,"GENAREA":"3654","NBHD":"A1N12","TAXZONE":"0026","CITY":"","COMMCOUN":"15","FSA":"132","RSA":"019","SSA_1":"","SSA_2":"","ESN":24,"ECN":14,"ASSMBDISTRICT":"1","VOTINGPRCNT":"25-315","DFIRM":null,"SPUD":null,"SUBDNUM":6003,"LEGAL":"ALASKA RANCHOS #1                  BLOCK 4 LOT 3","DOC1_DATE":"2017-05-17T00:00:00Z","DOC1_TYPE":"QUITCLAIM DEED (ALL TYPE)","DOC1_RCRD":"Palmer-Bk  Pg ","DOC2_DATE":"1996-05-17T00:00:00Z","DOC2_TYPE":"QUITCLAIM DEED (ALL TYPE)","DOC2_RCRD":"Palmer-Bk 848 Pg 568","LANDUSE":"","RESUNIT":0.0,"MHUNIT":0.0,"DUPLEXUNIT":0.0,"MULTIUNIT":0.0,"GQUNIT":0.0,"MH_PK_UNIT":0.0,"BLDG_USE1":"","BLDG_USE2":"","BLDG_USE3":"","BLDG_USE4":"","BLDG_USE5":"","BLDG_USE6":"","Photo":"https://ecommerce.matsugov.us/assessment/Pages/Photos.aspx?isDLG=1&P_ID=71747","GlobalID":"{E81702DF-6F76-4BB7-8A56-D0C2CF14499A}","Shape_Length":0.0031170282409986368,"Shape_Area":5.2579862163706363e-07},"geometry":{"type":"MultiPolygon","coordinates":[[[[-148.999022465999957,61.667484577000039,0.0],[-149.000087096999977,61.667484673000047,0.0],[-149.000087013999973,61.667978842000082,0.0],[-148.999022366999981,61.667978158000039,0.0],[-148.999022465999957,61.667484577000039,0.0]]]]}},
{"type":"Feature","properties":{"OBJECTID":91029,"ParcelType":1,"P_ID":14129,"ACCOUNT":"6003B04L002","TAXID_LOKI":"56003B04L002","ACRES":0.765917,"TAXACRE":0.77,"ORIGACRE":0.77,"FTYPE":"PARCEL","GENOWN":"PRIVATE","BUYLEASE":"N","OWNER_1":"DEVILBISS JOINT REV TR","NAME_2":"","MAILING_ADDRESS_LINE_A":"","MAILING_ADDRESS_LINE_B":"17855 E HARDING DR ","MAILING_ADDRESS_CITY":"PALMER","MAILING_ADDRESS_STATE":"AK","MAILING_ADDRESS_ZIP":"99645-8714","Buyer_Name":"","Buyer_Name_2":"","Buyer_Mailing_Address_A":"","Buyer_Mailing_Address_B":"","Buyer_Mailing_Address_City":"","Buyer_Mailing_Address_State":"","Buyer_Mailing_Address_Zip":"","MERIDIAN":"S","TWP_NUM":"18","TWP_NS":"N","RNG_NUM":"02","RNG_EW":"E","SECT_NUM":"12","GRIDNAME":"PA","GRIDNUM":"03","LANDVALUE":7800.0,"LANDASSD":7800.0,"BLDGVALUE":0.0,"BLDGASSD":0.0,"GENAREA":"3654","NBHD":"A1N12","TAXZONE":"0026","CITY":"","COMMCOUN":"15","FSA":"132","RSA":"019","SSA_1":"","SSA_2":"","ESN":24,"ECN":14,"ASSMBDISTRICT":"1","VOTINGPRCNT":"25-315","DFIRM":null,"SPUD":null,"SUBDNUM":6003,"LEGAL":"ALASKA RANCHOS #1                  BLOCK 4 LOT 2","DOC1_DATE":"2017-05-17T00:00:00Z","DOC1_TYPE":"QUITCLAIM DEED (ALL TYPE)","DOC1_RCRD":"Palmer-Bk  Pg ","DOC2_DATE":"1996-05-17T00:00:00Z","DOC2_TYPE":"QUITCLAIM DEED (ALL TYPE)","DOC2_RCRD":"Palmer-Bk 848 Pg 568","LANDUSE":"","RESUNIT":0.0,"MHUNIT":0.0,"DUPLEXUNIT":0.0,"MULTIUNIT":0.0,"GQUNIT":0.0,"MH_PK_UNIT":0.0,"BLDG_USE1":"","BLDG_USE2":"","BLDG_USE3":"","BLDG_USE4":"","BLDG_USE5":"","BLDG_USE6":"","Photo":"https://ecommerce.matsugov.us/assessment/Pages/Photos.aspx?isDLG=1&P_ID=14129","GlobalID":"{1ACE4B50-6D96-4799-B3BA-ED5877A2754C}","Shape_Length":0.0031158502533149696,"Shape_Area":5.2517212769884366e-07},"geometry":{"type":"MultiPolygon","coordinates":[[[[-148.997957835999983,61.667484473000059,0.0],[-148.999022465999957,61.667484577000039,0.0],[-148.999022366999981,61.667978158000039,0.0],[-148.997957720999977,61.667977466000082,0.0],[-148.997957835999983,61.667484473000059,0.0]]]]}},
{"type":"Feature","properties":{"OBJECTID":91030,"ParcelType":1,"P_ID":19906,"ACCOUNT":"6003B04L001","TAXID_LOKI":"56003B04L001","ACRES":0.75885863,"TAXACRE":0.76,"ORIGACRE":0.76,"FTYPE":"PARCEL","GENOWN":"PRIVATE","BUYLEASE":"N","OWNER_1":"DEVILBISS JOINT REV TR","NAME_2":"","MAILING_ADDRESS_LINE_A":"","MAILING_ADDRESS_LINE_B":"17855 E HARDING DR ","MAILING_ADDRESS_CITY":"PALMER","MAILING_ADDRESS_STATE":"AK","MAILING_ADDRESS_ZIP":"99645-8714","Buyer_Name":"","Buyer_Name_2":"","Buyer_Mailing_Address_A":"","Buyer_Mailing_Address_B":"","Buyer_Mailing_Address_City":"","Buyer_Mailing_Address_State":"","Buyer_Mailing_Address_Zip":"","MERIDIAN":"S","TWP_NUM":"18","TWP_NS":"N","RNG_NUM":"02","RNG_EW":"E","SECT_NUM":"12","GRIDNAME":"PA","GRIDNUM":"03","LANDVALUE":7800.0,"LANDASSD":7800.0,"BLDGVALUE":0.0,"BLDGASSD":0.0,"GENAREA":"3654","NBHD":"A1N12","TAXZONE":"0026","CITY":"","COMMCOUN":"15","FSA":"132","RSA":"019","SSA_1":"","SSA_2":"","ESN":24,"ECN":14,"ASSMBDISTRICT":"1","VOTINGPRCNT":"25-315","DFIRM":null,"SPUD":null,"SUBDNUM":6003,"LEGAL":"ALASKA RANCHOS #1                  BLOCK 4 LOT 1","DOC1_DATE":"2017-05-17T00:00:00Z","DOC1_TYPE":"QUITCLAIM DEED (ALL TYPE)","DOC1_RCRD":"Palmer-Bk  Pg ","DOC2_DATE":"1996-05-17T00:00:00Z","DOC2_TYPE":"QUITCLAIM DEED (ALL TYPE)","DOC2_RCRD":"Palmer-Bk 848 Pg 568","LANDUSE":"","RESUNIT":0.0,"MHUNIT":0.0,"DUPLEXUNIT":0.0,"MULTIUNIT":0.0,"GQUNIT":0.0,"MH_PK_UNIT":0.0,"BLDG_USE1":"","BLDG_USE2":"","BLDG_USE3":"","BLDG_USE4":"","BLDG_USE5":"","BLDG_USE6":"","Photo":"https://ecommerce.matsugov.us/assessment/Pages/Photos.aspx?isDLG=1&P_ID=19906","GlobalID":"{9AB86799-7A07-4428-AC6A-49D10861C175}","Shape_Length":0.0030658737002613925,"Shape_Area":5.2033159368265769e-07},"geometry":{"type":"MultiPolygon","coordinates":[[[[-148.997041330999963,61.66748437800004,0.0],[-148.997957835999983,61.667484473000059,0.0],[-148.997957720999977,61.667977466000082,0.0],[-148.99689722399998,61.667976767000027,0.0],[-148.996897430999979,61.667552744000034,0.0],[-148.996899206999984,61.66754204700004,0.0],[-148.996904480999973,61.667531613000051,0.0],[-148.996913125999981,61.667521701000055,0.0],[-148.996924925999963,61.667512553000051,0.0],[-148.996939591999961,61.667504395000037,0.0],[-148.996956761999968,61.667497428000047,0.0],[-148.996976012999966,61.667491824000081,0.0],[-148.996996871999983,61.667487720000054,0.0],[-148.99701882399998,61.667485217000035,0.0],[-148.997041330999963,61.66748437800004,0.0]]]]}},
{"type":"Feature","properties":{"OBJECTID":91032,"ParcelType":1,"P_ID":517909,"ACCOUNT":"7150000L002","TAXID_LOKI":"57150000L002","ACRES":34.7703702,"TAXACRE":30.93,"ORIGACRE":34.77,"FTYPE":"PARCEL","GENOWN":"PRIVATE","BUYLEASE":"N","OWNER_1":"HALL ALICIA L","NAME_2":"MATANUSKA-SUSITNA BOROUGH","MAILING_ADDRESS_LINE_A":"","MAILING_ADDRESS_LINE_B":"7643 N QUAKING ASPEN RD ","MAILING_ADDRESS_CITY":"PALMER","MAILING_ADDRESS_STATE":"AK","MAILING_ADDRESS_ZIP":"99645","Buyer_Name":"","Buyer_Name_2":"","Buyer_Mailing_Address_A":"","Buyer_Mailing_Address_B":"","Buyer_Mailing_Address_City":"","Buyer_Mailing_Address_State":"","Buyer_Mailing_Address_Zip":"","MERIDIAN":"S","TWP_NUM":"18","TWP_NS":"N","RNG_NUM":"03","RNG_EW":"E","SECT_NUM":"07","GRIDNAME":"PA","GRIDNUM":"02","LANDVALUE":15500.0,"LANDASSD":15500.0,"BLDGVALUE":0.0,"BLDGASSD":0.0,"GENAREA":"3654","NBHD":"AG_LAND","TAXZONE":"0026","CITY":"","COMMCOUN":"15","FSA":"132","RSA":"019","SSA_1":"","SSA_2":"","ESN":24,"ECN":14,"ASSMBDISTRICT":"1","VOTINGPRCNT":"25-315","DFIRM":null,"SPUD":null,"SUBDNUM":7150,"LEGAL":"CRAWFORD/ROY     LOT 2","DOC1_DATE":"2013-11-15T00:00:00Z","DOC1_TYPE":"WARRANTY DEED (ALL TYPES)","DOC1_RCRD":"Palmer-Bk  Pg ","DOC2_DATE":null,"DOC2_TYPE":"","DOC2_RCRD":"","LANDUSE":"","RESUNIT":0.0,"MHUNIT":0.0,"DUPLEXUNIT":0.0,"MULTIUNIT":0.0,"GQUNIT":0.0,"MH_PK_UNIT":0.0,"BLDG_USE1":"","BLDG_USE2":"","BLDG_USE3":"","BLDG_USE4":"","BLDG_USE5":"","BLDG_USE6":"","Photo":"https://ecommerce.matsugov.us/assessment/Pages/Photos.aspx?isDLG=1&P_ID=517909","GlobalID":"{68977D58-F2DD-43D0-AB53-FC61F782C7F9}","Shape_Length":0.037780300257309336,"Shape_Area":2.3839995391035513e-05},"geometry":{"type":"MultiPolygon","coordinates":[[[[-148.982482260999973,61.66810932900006,0.0],[-148.982405453999974,61.664501155000039,0.0],[-148.990000618999971,61.664477137000063,0.0],[-148.990076778999963,61.668084302000068,0.0],[-148.982482260999973,61.66810932900006,0.0]],[[-148.989650851999983,61.665627642000061,0.0],[-148.989648599999981,61.665520889000049,0.0],[-148.988384644999968,61.666031292000071,0.0],[-148.987133260999968,61.666379704000065,0.0],[-148.982975581999966,61.66686543000003,0.0],[-148.983400522999972,61.667479581000066,0.0],[-148.985970103999961,61.667470522000031,0.0],[-148.987797229999984,61.666680454000073,0.0],[-148.987263276999983,61.666438601000038,0.0],[-148.988484911999961,61.666098465000061,0.0],[-148.989650851999983,61.665627642000061,0.0]]]]}},
{"type":"Feature","properties":{"OBJECTID":91033,"ParcelType":2,"P_ID":32348,"ACCOUNT":"18N03E08B002","TAXID_LOKI":"118N03E08B002","ACRES":4.87767538,"TAXACRE":4.88,"ORIGACRE":4.88,"FTYPE":"PARCEL","GENOWN":"PRIVATE","BUYLEASE":"N","OWNER_1":"ROSE DAVID A ESTATE","NAME_2":"ROSE FRANCES TR & ROSE MARITAL ELECTION TR","MAILING_ADDRESS_LINE_A":"UNIT 407","MAILING_ADDRESS_LINE_B":"1200  I ST ","MAILING_ADDRESS_CITY":"ANCHORAGE","MAILING_ADDRESS_STATE":"AK","MAILING_ADDRESS_ZIP":"99501-4392","Buyer_Name":"","Buyer_Name_2":"","Buyer_Mailing_Address_A":"","Buyer_Mailing_Address_B":"","Buyer_Mailing_Address_City":"","Buyer_Mailing_Address_State":"","Buyer_Mailing_Address_Zip":"","MERIDIAN":"S","TWP_NUM":"18","TWP_NS":"N","RNG_NUM":"03","RNG_EW":"E","SECT_NUM":"08","GRIDNAME":"PA","GRIDNUM":"02","LANDVALUE":50800.0,"LANDASSD":50800.0,"BLDGVALUE":14600.0,"BLDGASSD":14600.0,"GENAREA":"3654","NBHD":"A1N10","TAXZONE":"0026","CITY":"","COMMCOUN":"15","FSA":"132","RSA":"019","SSA_1":"","SSA_2":"","ESN":24,"ECN":14,"ASSMBDISTRICT":"1","VOTINGPRCNT":"25-315","DFIRM":null,"SPUD":null,"SUBDNUM":0,"LEGAL":"TOWNSHIP 18N RANGE 3E              SECTION 8 LOT B2","DOC1_DATE":"2008-05-01T00:00:00Z","DOC1_TYPE":"","DOC1_RCRD":"Palmer-Bk  Pg ","DOC2_DATE":"2008-05-01T00:00:00Z","DOC2_TYPE":"","DOC2_RCRD":"Palmer-Bk  Pg ","LANDUSE":"","RESUNIT":1.0,"MHUNIT":0.0,"DUPLEXUNIT":0.0,"MULTIUNIT":0.0,"GQUNIT":0.0,"MH_PK_UNIT":0.0,"BLDG_USE1":"1100","BLDG_USE2":"","BLDG_USE3":"","BLDG_USE4":"","BLDG_USE5":"","BLDG_USE6":"","Photo":"https://ecommerce.matsugov.us/assessment/Pages/Photos.aspx?isDLG=1&P_ID=32348","GlobalID":"{15C6AD84-EC46-45E9-BEEC-77D87DCDCA77}","Shape_Length":0.0084783537649502291,"Shape_Area":3.3444277683108573e-06},"geometry":{"type":"MultiPolygon","coordinates":[[[[-148.96206637399996,61.666728692000049,0.0],[-148.963583148999959,61.666166654000051,0.0],[-148.965826894999964,61.667494023000074,0.0],[-148.964278664999966,61.668086908000078,0.0],[-148.96206637399996,61.666728692000049,0.0]]]]}},
{"type":"Feature","properties":{"OBJECTID":91034,"ParcelType":1,"P_ID":517016,"ACCOUNT":"7119000L002","TAXID_LOKI":"57119000L002","ACRES":63.95353327,"TAXACRE":60.43,"ORIGACRE":64.02,"FTYPE":"PARCEL","GENOWN":"PRIVATE","BUYLEASE":"N","OWNER_1":"PEABODY WILLIAM P & MILLICENT E","NAME_2":"MATANUSKA-SUSITNA BOROUGH","MAILING_ADDRESS_LINE_A":"","MAILING_ADDRESS_LINE_B":"7933 N LUCKY CIR ","MAILING_ADDRESS_CITY":"PALMER","MAILING_ADDRESS_STATE":"AK","MAILING_ADDRESS_ZIP":"99645-8763","Buyer_Name":"","Buyer_Name_2":"","Buyer_Mailing_Address_A":"","Buyer_Mailing_Address_B":"","Buyer_Mailing_Address_City":"","Buyer_Mailing_Address_State":"","Buyer_Mailing_Address_Zip":"","MERIDIAN":"S","TWP_NUM":"18","TWP_NS":"N","RNG_NUM":"03","RNG_EW":"E","SECT_NUM":"07","GRIDNAME":"PA","GRIDNUM":"02","LANDVALUE":15100.0,"LANDASSD":15100.0,"BLDGVALUE":0.0,"BLDGASSD":0.0,"GENAREA":"3654","NBHD":"AG_LAND","TAXZONE":"0026","CITY":"","COMMCOUN":"15","FSA":"132","RSA":"019","SSA_1":"","SSA_2":"","ESN":24,"ECN":14,"ASSMBDISTRICT":"1","VOTINGPRCNT":"25-315","DFIRM":null,"SPUD":null,"SUBDNUM":7119,"LEGAL":"STELZER           LOT 2","DOC1_DATE":"2012-09-14T00:00:00Z","DOC1_TYPE":"QUITCLAIM DEED (ALL TYPE)","DOC1_RCRD":"Palmer-Bk  Pg ","DOC2_DATE":"2012-07-05T00:00:00Z","DOC2_TYPE":"WARRANTY DEED (ALL TYPES)","DOC2_RCRD":"Palmer-Bk  Pg ","LANDUSE":"","RESUNIT":0.0,"MHUNIT":0.0,"DUPLEXUNIT":0.0,"MULTIUNIT":0.0,"GQUNIT":0.0,"MH_PK_UNIT":0.0,"BLDG_USE1":"","BLDG_USE2":"","BLDG_USE3":"","BLDG_USE4":"","BLDG_USE5":"","BLDG_USE6":"","Photo":"https://ecommerce.matsugov.us/assessment/Pages/Photos.aspx?isDLG=1&P_ID=517016","GlobalID":"{55B566CA-984C-48D4-9AAD-BAB0D8AFCB2D}","Shape_Length":0.036552125837560775,"Shape_Area":4.3849342606987979e-05},"geometry":{"type":"MultiPolygon","coordinates":[[[[-148.970363203999966,61.665748047000079,0.0],[-148.971944486999973,61.665137795000078,0.0],[-148.972756715999964,61.664824320000037,0.0],[-148.973741960999973,61.665396442000031,0.0],[-148.977161284999966,61.66538461500005,0.0],[-148.977148006999982,61.664518975000078,0.0],[-148.982405453999974,61.664501155000039,0.0],[-148.982482260999973,61.66810932900006,0.0],[-148.974904445999982,61.668135591000066,0.0],[-148.967308207999963,61.668161496000039,0.0],[-148.967295306999972,61.667276394000055,0.0],[-148.967290314999957,61.666933822000033,0.0],[-148.967318747999968,61.666922852000027,0.0],[-148.968826605999965,61.666341014000068,0.0],[-148.970363203999966,61.665748047000079,0.0]]]]}},
{"type":"Feature","properties":{"OBJECTID":91054,"ParcelType":9,"P_ID":201362,"ACCOUNT":"LAKE","TAXID_LOKI":"LAKE","ACRES":86.3187853,"TAXACRE":0.0,"ORIGACRE":0.0,"FTYPE":"HYDRO","GENOWN":"NA","BUYLEASE":"N","OWNER_1":"","NAME_2":"","MAILING_ADDRESS_LINE_A":"","MAILING_ADDRESS_LINE_B":"","MAILING_ADDRESS_CITY":"","MAILING_ADDRESS_STATE":"","MAILING_ADDRESS_ZIP":"","Buyer_Name":"","Buyer_Name_2":"","Buyer_Mailing_Address_A":"","Buyer_Mailing_Address_B":"","Buyer_Mailing_Address_City":"","Buyer_Mailing_Address_State":"","Buyer_Mailing_Address_Zip":"","MERIDIAN":"","TWP_NUM":"","TWP_NS":"","RNG_NUM":"03","RNG_EW":"E","SECT_NUM":"","GRIDNAME":"","GRIDNUM":"","LANDVALUE":0.0,"LANDASSD":0.0,"BLDGVALUE":0.0,"BLDGASSD":0.0,"GENAREA":"0","NBHD":"","TAXZONE":"","CITY":"","COMMCOUN":"","FSA":"","RSA":"019","SSA_1":"","SSA_2":"","ESN":23,"ECN":14,"ASSMBDISTRICT":"1","VOTINGPRCNT":"25-315","DFIRM":"","SPUD":"","SUBDNUM":0,"LEGAL":"","DOC1_DATE":null,"DOC1_TYPE":"","DOC1_RCRD":"","DOC2_DATE":null,"DOC2_TYPE":"","DOC2_RCRD":"","LANDUSE":"","RESUNIT":0.0,"MHUNIT":0.0,"DUPLEXUNIT":0.0,"MULTIUNIT":0.0,"GQUNIT":0.0,"MH_PK_UNIT":0.0,"BLDG_USE1":"","BLDG_USE2":"","BLDG_USE3":"","BLDG_USE4":"","BLDG_USE5":"","BLDG_USE6":"","Photo":"https://ecommerce.matsugov.us/assessment/Pages/Photos.aspx?isDLG=1&P_ID=201362","GlobalID":"{F85C7F1F-B67D-40B0-B9D8-85CD3E1D7D9B}","Shape_Length":0.06576031073125814,"Shape_Area":5.9176947890257311e-05},"geometry":{"type":"MultiPolygon","coordinates":[[[[-148.965593579999961,61.663300365000055,0.0],[-148.964239429999964,61.662688923000076,0.0],[-148.966530498999958,61.661318640000047,0.0],[-148.967204982999959,61.661326963000079,0.0],[-148.968406700999964,61.661342671000057,0.0],[-148.969779068999969,61.660903283000039,0.0],[-148.971232942999961,61.660259999000061,0.0],[-148.972650536999964,61.659627377000049,0.0],[-148.974072829999983,61.658995828000059,0.0],[-148.974314237999977,61.658888743000034,0.0],[-148.975190948999966,61.658645744000069,0.0],[-148.975572199999959,61.658447094000053,0.0],[-148.975604861999983,61.658438103000037,0.0],[-148.97730655899997,61.657969829000081,0.0],[-148.977355946999978,61.657956241000079,0.0],[-148.979490433999956,61.658297357000038,0.0],[-148.980026557999963,61.658209968000051,0.0],[-148.980212390999981,61.658179676000032,0.0],[-148.979996256999982,61.658564549000062,0.0],[-148.980508942999961,61.659085999000069,0.0],[-148.980687182999958,61.659267286000045,0.0],[-148.979996148999959,61.659640050000064,0.0],[-148.97900290299998,61.660335806000035,0.0],[-148.978809869999964,61.66041087900004,0.0],[-148.978255851999961,61.660626362000073,0.0],[-148.977725524999983,61.660832675000051,0.0],[-148.977320750999979,61.66099018500006,0.0],[-148.977136194999957,61.661062018000052,0.0],[-148.975665939999971,61.661526967000043,0.0],[-148.974082256999964,61.662030200000061,0.0],[-148.972424941999975,61.662565807000078,0.0],[-148.971840150999981,61.662741892000042,0.0],[-148.971099651999964,61.663193849000038,0.0],[-148.971062201999956,61.663210337000066,0.0],[-148.969647704999971,61.663835076000055,0.0],[-148.968194367999956,61.664478980000069,0.0],[-148.967260575999973,61.664893186000029,0.0],[-148.967215261999968,61.664913286000058,0.0],[-148.967005794999977,61.665006233000042,0.0],[-148.966692274999957,61.665113159000043,0.0],[-148.965109092999967,61.665653358000043,0.0],[-148.963583148999959,61.666166654000051,0.0],[-148.96206637399996,61.666728692000049,0.0],[-148.960471869999964,61.667329660000064,0.0],[-148.958733829999971,61.667842975000042,0.0],[-148.95660515299997,61.668580808000058,0.0],[-148.955371814999978,61.667917967000051,0.0],[-148.956335069999966,61.667194316000064,0.0],[-148.957589411999976,61.66678788300004,0.0],[-148.957932557999982,61.666572715000029,0.0],[-148.959418677999963,61.665973803000043,0.0],[-148.961937586999966,61.664961055000049,0.0],[-148.96416397699997,61.664066237000043,0.0],[-148.964559807999962,61.663907195000036,0.0],[-148.965593579999961,61.663300365000055,0.0]],[[-148.970002893999975,61.662201940000045,0.0],[-148.968540350999973,61.662187245000041,0.0],[-148.967231443999964,61.662894090000066,0.0],[-148.966663692999958,61.66320091800003,0.0],[-148.96708604799997,61.66323290400004,0.0],[-148.967235791999968,61.663192510000044,0.0],[-148.969934731999956,61.662466880000068,0.0],[-148.970002893999975,61.662201940000045,0.0]]]]}},
{"type":"Feature","properties":{"OBJECTID":91060,"ParcelType":2,"P_ID":53524,"ACCOUNT":"18N03E08B001","TAXID_LOKI":"118N03E08B001","ACRES":5.08203431,"TAXACRE":4.91,"ORIGACRE":4.91,"FTYPE":"PARCEL","GENOWN":"PRIVATE","BUYLEASE":"N","OWNER_1":"HAGER WM C JR & BONNIE JO","NAME_2":"","MAILING_ADDRESS_LINE_A":"","MAILING_ADDRESS_LINE_B":"11591 N WOLVERINE RD ","MAILING_ADDRESS_CITY":"PALMER","MAILING_ADDRESS_STATE":"AK","MAILING_ADDRESS_ZIP":"99645-7815","Buyer_Name":"","Buyer_Name_2":"","Buyer_Mailing_Address_A":"","Buyer_Mailing_Address_B":"","Buyer_Mailing_Address_City":"","Buyer_Mailing_Address_State":"","Buyer_Mailing_Address_Zip":"","MERIDIAN":"S","TWP_NUM":"18","TWP_NS":"N","RNG_NUM":"03","RNG_EW":"E","SECT_NUM":"08","GRIDNAME":"PA","GRIDNUM":"02","LANDVALUE":48200.0,"LANDASSD":0.0,"BLDGVALUE":158900.0,"BLDGASSD":0.0,"GENAREA":"3654","NBHD":"A1N10","TAXZONE":"0026","CITY":"","COMMCOUN":"15","FSA":"132","RSA":"019","SSA_1":"","SSA_2":"","ESN":24,"ECN":14,"ASSMBDISTRICT":"1","VOTINGPRCNT":"25-315","DFIRM":null,"SPUD":null,"SUBDNUM":0,"LEGAL":"TOWNSHIP 18N RANGE 3E              SECTION 8 LOT B1","DOC1_DATE":"2002-03-22T00:00:00Z","DOC1_TYPE":"QUITCLAIM DEED (ALL TYPE)","DOC1_RCRD":"Palmer-Bk  Pg 0","DOC2_DATE":"1977-08-09T00:00:00Z","DOC2_TYPE":"WARRANTY DEED (ALL TYPES)","DOC2_RCRD":"Palmer-Bk 145 Pg 489","LANDUSE":"","RESUNIT":2.0,"MHUNIT":0.0,"DUPLEXUNIT":0.0,"MULTIUNIT":0.0,"GQUNIT":0.0,"MH_PK_UNIT":0.0,"BLDG_USE1":"1100","BLDG_USE2":"","BLDG_USE3":"","BLDG_USE4":"","BLDG_USE5":"","BLDG_USE6":"","Photo":"https://ecommerce.matsugov.us/assessment/Pages/Photos.aspx?isDLG=1&P_ID=53524","GlobalID":"{1B1B4B24-F53E-4743-AD6D-1126C12C832E}","Shape_Length":0.0085974730549294113,"Shape_Area":3.4846131380003745e-06},"geometry":{"type":"MultiPolygon","coordinates":[[[[-148.960471869999964,61.667329660000064,0.0],[-148.96206637399996,61.666728692000049,0.0],[-148.964278664999966,61.668086908000078,0.0],[-148.96271038499998,61.668687532000035,0.0],[-148.960471869999964,61.667329660000064,0.0]]]]}},
{"type":"Feature","properties":{"OBJECTID":91072,"ParcelType":1,"P_ID":24484,"ACCOUNT":"6003000T00A","TAXID_LOKI":"56003000T00A","ACRES":18.56519969,"TAXACRE":18.87,"ORIGACRE":18.87,"FTYPE":"PARCEL","GENOWN":"PRIVATE","BUYLEASE":"N","OWNER_1":"KMRB PROPERTIES LLC","NAME_2":"","MAILING_ADDRESS_LINE_A":"","MAILING_ADDRESS_LINE_B":"513  GRANDVIEW ST ","MAILING_ADDRESS_CITY":"CLARKS SUMMIT","MAILING_ADDRESS_STATE":"PA","MAILING_ADDRESS_ZIP":"18411","Buyer_Name":"","Buyer_Name_2":"","Buyer_Mailing_Address_A":"","Buyer_Mailing_Address_B":"","Buyer_Mailing_Address_City":"","Buyer_Mailing_Address_State":"","Buyer_Mailing_Address_Zip":"","MERIDIAN":"S","TWP_NUM":"18","TWP_NS":"N","RNG_NUM":"02","RNG_EW":"E","SECT_NUM":"12","GRIDNAME":"PA","GRIDNUM":"03","LANDVALUE":7400.0,"LANDASSD":7400.0,"BLDGVALUE":0.0,"BLDGASSD":0.0,"GENAREA":"3654","NBHD":"A1N10","TAXZONE":"0026","CITY":"","COMMCOUN":"15","FSA":"132","RSA":"019","SSA_1":"","SSA_2":"","ESN":24,"ECN":14,"ASSMBDISTRICT":"1","VOTINGPRCNT":"25-315","DFIRM":"02170C7300E","SPUD":null,"SUBDNUM":6003,"LEGAL":"ALASKA RANCHOS #1                  TRACT A","DOC1_DATE":"2014-05-22T00:00:00Z","DOC1_TYPE":"WARRANTY DEED (ALL TYPES)","DOC1_RCRD":"Palmer-Bk  Pg ","DOC2_DATE":"1991-12-09T00:00:00Z","DOC2_TYPE":"","DOC2_RCRD":"Palmer-Bk 669 Pg 528","LANDUSE":"","RESUNIT":0.0,"MHUNIT":0.0,"DUPLEXUNIT":0.0,"MULTIUNIT":0.0,"GQUNIT":0.0,"MH_PK_UNIT":0.0,"BLDG_USE1":"","BLDG_USE2":"","BLDG_USE3":"","BLDG_USE4":"","BLDG_USE5":"","BLDG_USE6":"","Photo":"https://ecommerce.matsugov.us/assessment/Pages/Photos.aspx?isDLG=1&P_ID=24484","GlobalID":"{709F9432-DDF9-477F-8070-9239893190C3}","Shape_Length":0.019084509071396437,"Shape_Area":1.2727968944900547e-05},"geometry":{"type":"MultiPolygon","coordinates":[[[[-149.005341119999969,61.667305140000053,0.0],[-149.005826467999981,61.667716105000068,0.0],[-149.006844262999977,61.667491455000061,0.0],[-149.007835947999979,61.667272559000082,0.0],[-149.008905904999978,61.667036374000077,0.0],[-149.009983726999963,61.666714164000041,0.0],[-149.011031035999963,61.666401062000034,0.0],[-149.011854544999977,61.666154857000038,0.0],[-149.011855726999983,61.668086968000068,0.0],[-149.01054142199996,61.668597496000075,0.0],[-149.006914519999981,61.668902401000082,0.0],[-149.004489011999965,61.669360254000082,0.0],[-149.004489464999978,61.667459955000027,0.0],[-149.004646371999968,61.66744415900007,0.0],[-149.004800671999959,61.667423356000029,0.0],[-149.004951660999978,61.667397642000083,0.0],[-149.005098645999965,61.667367135000063,0.0],[-149.005240953999959,61.667331973000046,0.0],[-149.005341119999969,61.667305140000053,0.0]]]]}},
{"type":"Feature","properties":{"OBJECTID":91079,"ParcelType":2,"P_ID":85511,"ACCOUNT":"18N02E10A002","TAXID_LOKI":"118N02E10A002","ACRES":36.19324479,"TAXACRE":40.5,"ORIGACRE":40.5,"FTYPE":"PARCEL","GENOWN":"PRIVATE","BUYLEASE":"N","OWNER_1":"USIBELLI COAL MINE INC","NAME_2":"","MAILING_ADDRESS_LINE_A":"","MAILING_ADDRESS_LINE_B":"PO BOX 1000","MAILING_ADDRESS_CITY":"HEALY","MAILING_ADDRESS_STATE":"AK","MAILING_ADDRESS_ZIP":"99743","Buyer_Name":"","Buyer_Name_2":"","Buyer_Mailing_Address_A":"","Buyer_Mailing_Address_B":"","Buyer_Mailing_Address_City":"","Buyer_Mailing_Address_State":"","Buyer_Mailing_Address_Zip":"","MERIDIAN":"S","TWP_NUM":"18","TWP_NS":"N","RNG_NUM":"02","RNG_EW":"E","SECT_NUM":"10","GRIDNAME":"PA","GRIDNUM":"03","LANDVALUE":244500.0,"LANDASSD":244500.0,"BLDGVALUE":0.0,"BLDGASSD":0.0,"GENAREA":"3659","NBHD":"A2N17","TAXZONE":"0021","CITY":"","COMMCOUN":"24","FSA":"","RSA":"","SSA_1":"","SSA_2":"","ESN":23,"ECN":14,"ASSMBDISTRICT":"1","VOTINGPRCNT":"29-505","DFIRM":"02170C7290F","SPUD":null,"SUBDNUM":0,"LEGAL":"TOWNSHIP 18N RANGE 2E              SECTION 10 LOT A2","DOC1_DATE":"2012-01-20T00:00:00Z","DOC1_TYPE":"QUITCLAIM DEED (ALL TYPE)","DOC1_RCRD":"Palmer-Bk  Pg ","DOC2_DATE":"2012-02-07T00:00:00Z","DOC2_TYPE":"WARRANTY DEED (ALL TYPES)","DOC2_RCRD":"Palmer-Bk  Pg ","LANDUSE":"","RESUNIT":0.0,"MHUNIT":0.0,"DUPLEXUNIT":0.0,"MULTIUNIT":0.0,"GQUNIT":0.0,"MH_PK_UNIT":0.0,"BLDG_USE1":"","BLDG_USE2":"","BLDG_USE3":"","BLDG_USE4":"","BLDG_USE5":"","BLDG_USE6":"","Photo":"https://ecommerce.matsugov.us/assessment/Pages/Photos.aspx?isDLG=1&P_ID=85511","GlobalID":"{F353D5DC-E45A-4AFD-94E7-AC56E41D014F}","Shape_Length":0.026401024925314955,"Shape_Area":2.4818933171552026e-05},"geometry":{"type":"MultiPolygon","coordinates":[[[[-149.069369886999965,61.668023051000034,0.0],[-149.072810637999964,61.668030377000036,0.0],[-149.07284864899998,61.670084435000035,0.0],[-149.072849240999972,61.670116306000068,0.0],[-149.069087479999979,61.671640706000062,0.0],[-149.06523673999996,61.671644567000044,0.0],[-149.061207260999964,61.671648493000077,0.0],[-149.064551145999957,61.670043562000046,0.0],[-149.066875289999956,61.669110714000055,0.0],[-149.069369886999965,61.668023051000034,0.0]]]]}},
{"type":"Feature","properties":{"OBJECTID":91080,"ParcelType":7,"P_ID":201358,"ACCOUNT":"AGENCY","TAXID_LOKI":"S 18N02E10","ACRES":7.62696507,"TAXACRE":0.0,"ORIGACRE":0.0,"FTYPE":"AGENCY","GENOWN":"NO DATA","BUYLEASE":"N","OWNER_1":"","NAME_2":"","MAILING_ADDRESS_LINE_A":"","MAILING_ADDRESS_LINE_B":"","MAILING_ADDRESS_CITY":"","MAILING_ADDRESS_STATE":"","MAILING_ADDRESS_ZIP":"","Buyer_Name":"","Buyer_Name_2":"","Buyer_Mailing_Address_A":"","Buyer_Mailing_Address_B":"","Buyer_Mailing_Address_City":"","Buyer_Mailing_Address_State":"","Buyer_Mailing_Address_Zip":"","MERIDIAN":"S","TWP_NUM":"18","TWP_NS":"N","RNG_NUM":"02","RNG_EW":"E","SECT_NUM":"10","GRIDNAME":"PA","GRIDNUM":"03","LANDVALUE":0.0,"LANDASSD":0.0,"BLDGVALUE":0.0,"BLDGASSD":0.0,"GENAREA":"0","NBHD":"","TAXZONE":"","CITY":"","COMMCOUN":"24","FSA":"","RSA":"","SSA_1":"","SSA_2":"","ESN":23,"ECN":14,"ASSMBDISTRICT":"1","VOTINGPRCNT":"29-505","DFIRM":"02170C7290F","SPUD":null,"SUBDNUM":0,"LEGAL":"","DOC1_DATE":null,"DOC1_TYPE":"","DOC1_RCRD":"","DOC2_DATE":null,"DOC2_TYPE":"","DOC2_RCRD":"","LANDUSE":"","RESUNIT":0.0,"MHUNIT":0.0,"DUPLEXUNIT":0.0,"MULTIUNIT":0.0,"GQUNIT":0.0,"MH_PK_UNIT":0.0,"BLDG_USE1":"","BLDG_USE2":"","BLDG_USE3":"","BLDG_USE4":"","BLDG_USE5":"","BLDG_USE6":"","Photo":"https://ecommerce.matsugov.us/assessment/Pages/Photos.aspx?isDLG=1&P_ID=201358","GlobalID":"{E58FBF72-F6EC-4952-9535-34C4D4A9771A}","Shape_Length":0.021303474263392602,"Shape_Area":5.2301825744388088e-06},"geometry":{"type":"MultiPolygon","coordinates":[[[[-149.068053692999968,61.668026523000037,0.0],[-149.069369886999965,61.668023051000034,0.0],[-149.066875289999956,61.669110714000055,0.0],[-149.064551145999957,61.670043562000046,0.0],[-149.061207260999964,61.671648493000077,0.0],[-149.059471253999959,61.671650148000083,0.0],[-149.059471136999974,61.671650148000083,0.0],[-149.064035005999983,61.669698026000049,0.0],[-149.068053572999958,61.668026523000037,0.0],[-149.068053692999968,61.668026523000037,0.0]]]]}},
{"type":"Feature","properties":{"OBJECTID":91081,"ParcelType":2,"P_ID":78078,"ACCOUNT":"18N02E12A002","TAXID_LOKI":"118N02E12A002","ACRES":32.70975944,"TAXACRE":30.9,"ORIGACRE":30.9,"FTYPE":"PARCEL","GENOWN":"PRIVATE","BUYLEASE":"N","OWNER_1":"DEVILBISS JOINT REV TR","NAME_2":"","MAILING_ADDRESS_LINE_A":"","MAILING_ADDRESS_LINE_B":"17855 E HARDING DR ","MAILING_ADDRESS_CITY":"PALMER","MAILING_ADDRESS_STATE":"AK","MAILING_ADDRESS_ZIP":"99645-8714","Buyer_Name":"","Buyer_Name_2":"","Buyer_Mailing_Address_A":"","Buyer_Mailing_Address_B":"","Buyer_Mailing_Address_City":"","Buyer_Mailing_Address_State":"","Buyer_Mailing_Address_Zip":"","MERIDIAN":"S","TWP_NUM":"18","TWP_NS":"N","RNG_NUM":"02","RNG_EW":"E","SECT_NUM":"12","GRIDNAME":"PA","GRIDNUM":"03","LANDVALUE":57800.0,"LANDASSD":57800.0,"BLDGVALUE":23000.0,"BLDGASSD":23000.0,"GENAREA":"3654","NBHD":"A1N10","TAXZONE":"0026","CITY":"","COMMCOUN":"15","FSA":"132","RSA":"019","SSA_1":"","SSA_2":"","ESN":24,"ECN":14,"ASSMBDISTRICT":"1","VOTINGPRCNT":"25-315","DFIRM":null,"SPUD":null,"SUBDNUM":0,"LEGAL":"TOWNSHIP 18N RANGE 2E              SECTION 12 LOT A2","DOC1_DATE":"2018-03-12T00:00:00Z","DOC1_TYPE":"QUITCLAIM DEED (ALL TYPE)","DOC1_RCRD":"Palmer-Bk  Pg ","DOC2_DATE":"2017-05-17T00:00:00Z","DOC2_TYPE":"QUITCLAIM DEED (ALL TYPE)","DOC2_RCRD":"Palmer-Bk  Pg ","LANDUSE":"","RESUNIT":0.0,"MHUNIT":0.0,"DUPLEXUNIT":0.0,"MULTIUNIT":0.0,"GQUNIT":0.0,"MH_PK_UNIT":0.0,"BLDG_USE1":"8200","BLDG_USE2":"","BLDG_USE3":"","BLDG_USE4":"","BLDG_USE5":"","BLDG_USE6":"","Photo":"https://ecommerce.matsugov.us/assessment/Pages/Photos.aspx?isDLG=1&P_ID=78078","GlobalID":"{4EE9A9F9-2F3B-4318-AA5F-D531728C36D3}","Shape_Length":0.021051403170892029,"Shape_Area":2.2429800203178755e-05},"geometry":{"type":"MultiPolygon","coordinates":[[[[-148.996782094999958,61.66804361800007,0.0],[-148.996782101999969,61.66803139700005,0.0],[-149.004374229999968,61.668036221000079,0.0],[-149.004373904999966,61.669381982000061,0.0],[-149.004373916999981,61.66938202700004,0.0],[-149.004340595999963,61.670210982000071,0.0],[-149.002961359999972,61.670460397000056,0.0],[-149.00208453999997,61.670842132000075,0.0],[-148.996780361999981,61.671599362000052,0.0],[-148.996782094999958,61.66804361800007,0.0]]]]}},
{"type":"Feature","properties":{"OBJECTID":91082,"ParcelType":2,"P_ID":6490,"ACCOUNT":"18N03E07B005","TAXID_LOKI":"118N03E07B005","ACRES":35.0235192,"TAXACRE":35.13,"ORIGACRE":35.13,"FTYPE":"PARCEL","GENOWN":"PRIVATE","BUYLEASE":"N","OWNER_1":"DEVILBISS JOINT REV TR","NAME_2":"","MAILING_ADDRESS_LINE_A":"","MAILING_ADDRESS_LINE_B":"17855 E HARDING DR ","MAILING_ADDRESS_CITY":"PALMER","MAILING_ADDRESS_STATE":"AK","MAILING_ADDRESS_ZIP":"99645-8714","Buyer_Name":"","Buyer_Name_2":"","Buyer_Mailing_Address_A":"","Buyer_Mailing_Address_B":"","Buyer_Mailing_Address_City":"","Buyer_Mailing_Address_State":"","Buyer_Mailing_Address_Zip":"","MERIDIAN":"S","TWP_NUM":"18","TWP_NS":"N","RNG_NUM":"03","RNG_EW":"E","SECT_NUM":"07","GRIDNAME":"PA","GRIDNUM":"02","LANDVALUE":17600.0,"LANDASSD":17600.0,"BLDGVALUE":0.0,"BLDGASSD":0.0,"GENAREA":"3654","NBHD":"AG_LAND","TAXZONE":"0026","CITY":"","COMMCOUN":"15","FSA":"132","RSA":"019","SSA_1":"","SSA_2":"","ESN":24,"ECN":14,"ASSMBDISTRICT":"1","VOTINGPRCNT":"25-315","DFIRM":null,"SPUD":null,"SUBDNUM":0,"LEGAL":"TOWNSHIP 18N RANGE 3E              SECTION 7 LOT B5","DOC1_DATE":"2018-03-12T00:00:00Z","DOC1_TYPE":"QUITCLAIM DEED (ALL TYPE)","DOC1_RCRD":"Palmer-Bk  Pg ","DOC2_DATE":"2017-05-17T00:00:00Z","DOC2_TYPE":"QUITCLAIM DEED (ALL TYPE)","DOC2_RCRD":"Palmer-Bk  Pg ","LANDUSE":"","RESUNIT":0.0,"MHUNIT":0.0,"DUPLEXUNIT":0.0,"MULTIUNIT":0.0,"GQUNIT":0.0,"MH_PK_UNIT":0.0,"BLDG_USE1":"","BLDG_USE2":"","BLDG_USE3":"","BLDG_USE4":"","BLDG_USE5":"","BLDG_USE6":"","Photo":"https://ecommerce.matsugov.us/assessment/Pages/Photos.aspx?isDLG=1&P_ID=6490","GlobalID":"{EAAD0C24-7E16-4776-837E-FAB1BCF03C45}","Shape_Length":0.020539203165365998,"Shape_Area":2.401646182924494e-05},"geometry":{"type":"MultiPolygon","coordinates":[[[[-148.990076778999963,61.668084302000068,0.0],[-148.996782094999958,61.66804361800007,0.0],[-148.996780361999981,61.671599362000052,0.0],[-148.996780372999979,61.671599407000031,0.0],[-148.996780327999971,61.671666207000044,0.0],[-148.996634769999957,61.671666208000033,0.0],[-148.990151771999962,61.671666134000077,0.0],[-148.990076778999963,61.668084302000068,0.0]]]]}},
{"type":"Feature","properties":{"OBJECTID":91083,"ParcelType":2,"P_ID":44662,"ACCOUNT":"18N03E07B001","TAXID_LOKI":"118N03E07B001","ACRES":39.53735886,"TAXACRE":40.0,"ORIGACRE":40.0,"FTYPE":"PARCEL","GENOWN":"PRIVATE","BUYLEASE":"N","OWNER_1":"CICHOSZ JEFFREY A & WINNIE S","NAME_2":"","MAILING_ADDRESS_LINE_A":"","MAILING_ADDRESS_LINE_B":"PO BOX 242554","MAILING_ADDRESS_CITY":"ANCHORAGE","MAILING_ADDRESS_STATE":"AK","MAILING_ADDRESS_ZIP":"99524-2554","Buyer_Name":"","Buyer_Name_2":"","Buyer_Mailing_Address_A":"","Buyer_Mailing_Address_B":"","Buyer_Mailing_Address_City":"","Buyer_Mailing_Address_State":"","Buyer_Mailing_Address_Zip":"","MERIDIAN":"S","TWP_NUM":"18","TWP_NS":"N","RNG_NUM":"03","RNG_EW":"E","SECT_NUM":"07","GRIDNAME":"PA","GRIDNUM":"02","LANDVALUE":82800.0,"LANDASSD":82800.0,"BLDGVALUE":0.0,"BLDGASSD":0.0,"GENAREA":"3654","NBHD":"A1N10","TAXZONE":"0026","CITY":"","COMMCOUN":"15","FSA":"132","RSA":"019","SSA_1":"","SSA_2":"","ESN":24,"ECN":14,"ASSMBDISTRICT":"1","VOTINGPRCNT":"25-315","DFIRM":null,"SPUD":null,"SUBDNUM":0,"LEGAL":"TOWNSHIP 18N RANGE 3E              SECTION 7 LOT B1","DOC1_DATE":"1900-01-01T00:00:00Z","DOC1_TYPE":"LISTING INFORMATION ONLY","DOC1_RCRD":"Palmer-Bk  Pg ","DOC2_DATE":"2026-04-06T00:00:00Z","DOC2_TYPE":"QUITCLAIM DEED (ALL TYPE)","DOC2_RCRD":"Palmer-Bk  Pg ","LANDUSE":"","RESUNIT":0.0,"MHUNIT":0.0,"DUPLEXUNIT":0.0,"MULTIUNIT":0.0,"GQUNIT":0.0,"MH_PK_UNIT":0.0,"BLDG_USE1":"","BLDG_USE2":"","BLDG_USE3":"","BLDG_USE4":"","BLDG_USE5":"","BLDG_USE6":"","Photo":"https://ecommerce.matsugov.us/assessment/Pages/Photos.aspx?isDLG=1&P_ID=44662","GlobalID":"{88611C3C-BAB6-4175-9F2F-DEA8C8CCC48A}","Shape_Length":0.022331743019230389,"Shape_Area":2.7111683822787158e-05},"geometry":{"type":"MultiPolygon","coordinates":[[[[-148.982482260999973,61.66810932900006,0.0],[-148.990076778999963,61.668084302000068,0.0],[-148.990151771999962,61.671666134000077,0.0],[-148.982554261999979,61.671665657000062,0.0],[-148.982482260999973,61.66810932900006,0.0]]]]}},
{"type":"Feature","properties":{"OBJECTID":91084,"ParcelType":2,"P_ID":21814,"ACCOUNT":"18N03E07A010","TAXID_LOKI":"118N03E07A010","ACRES":39.20236079,"TAXACRE":40.0,"ORIGACRE":40.0,"FTYPE":"PARCEL","GENOWN":"PRIVATE","BUYLEASE":"N","OWNER_1":"PEABODY WILLIAM P & MILLICENT E","NAME_2":"MATANUSKA-SUSITNA BOROUGH","MAILING_ADDRESS_LINE_A":"","MAILING_ADDRESS_LINE_B":"7933 N LUCKY CIR ","MAILING_ADDRESS_CITY":"PALMER","MAILING_ADDRESS_STATE":"AK","MAILING_ADDRESS_ZIP":"99645-8763","Buyer_Name":"","Buyer_Name_2":"","Buyer_Mailing_Address_A":"","Buyer_Mailing_Address_B":"","Buyer_Mailing_Address_City":"","Buyer_Mailing_Address_State":"","Buyer_Mailing_Address_Zip":"","MERIDIAN":"S","TWP_NUM":"18","TWP_NS":"N","RNG_NUM":"03","RNG_EW":"E","SECT_NUM":"07","GRIDNAME":"PA","GRIDNUM":"02","LANDVALUE":10000.0,"LANDASSD":10000.0,"BLDGVALUE":150300.0,"BLDGASSD":150300.0,"GENAREA":"3654","NBHD":"AG_LAND","TAXZONE":"0026","CITY":"","COMMCOUN":"15","FSA":"132","RSA":"019","SSA_1":"","SSA_2":"","ESN":24,"ECN":14,"ASSMBDISTRICT":"1","VOTINGPRCNT":"25-315","DFIRM":null,"SPUD":null,"SUBDNUM":0,"LEGAL":"TOWNSHIP 18N RANGE 3E              SECTION 7 LOT A10","DOC1_DATE":"2021-11-22T00:00:00Z","DOC1_TYPE":"WARRANTY DEED (ALL TYPES)","DOC1_RCRD":"Palmer-Bk  Pg ","DOC2_DATE":"1998-12-31T00:00:00Z","DOC2_TYPE":"WARRANTY DEED (ALL TYPES)","DOC2_RCRD":"Palmer-Bk 992 Pg 521","LANDUSE":"","RESUNIT":1.0,"MHUNIT":0.0,"DUPLEXUNIT":0.0,"MULTIUNIT":0.0,"GQUNIT":0.0,"MH_PK_UNIT":0.0,"BLDG_USE1":"1100","BLDG_USE2":"1110","BLDG_USE3":"","BLDG_USE4":"","BLDG_USE5":"","BLDG_USE6":"","Photo":"https://ecommerce.matsugov.us/assessment/Pages/Photos.aspx?isDLG=1&P_ID=21814","GlobalID":"{9F5BE142-306C-446B-AFD4-2E0378F705A1}","Shape_Length":0.022261977001028773,"Shape_Area":2.6881949667136825e-05},"geometry":{"type":"MultiPolygon","coordinates":[[[[-148.974904445999982,61.668135591000066,0.0],[-148.982482260999973,61.66810932900006,0.0],[-148.982554261999979,61.671665657000062,0.0],[-148.974956755999983,61.67166475700003,0.0],[-148.974904445999982,61.668135591000066,0.0]]]]}},
{"type":"Feature","properties":{"OBJECTID":91085,"ParcelType":2,"P_ID":54713,"ACCOUNT":"18N03E07A012","TAXID_LOKI":"118N03E07A012","ACRES":38.9484709,"TAXACRE":40.0,"ORIGACRE":40.0,"FTYPE":"PARCEL","GENOWN":"PRIVATE","BUYLEASE":"N","OWNER_1":"PEABODY WILLIAM P & MILLICENT E TR TRE","NAME_2":"MATANUSKA-SUSITNA BOROUGH","MAILING_ADDRESS_LINE_A":"","MAILING_ADDRESS_LINE_B":"7933 N LUCKY CIR ","MAILING_ADDRESS_CITY":"PALMER","MAILING_ADDRESS_STATE":"AK","MAILING_ADDRESS_ZIP":"99645","Buyer_Name":"","Buyer_Name_2":"","Buyer_Mailing_Address_A":"","Buyer_Mailing_Address_B":"","Buyer_Mailing_Address_City":"","Buyer_Mailing_Address_State":"","Buyer_Mailing_Address_Zip":"","MERIDIAN":"S","TWP_NUM":"18","TWP_NS":"N","RNG_NUM":"03","RNG_EW":"E","SECT_NUM":"07","GRIDNAME":"PA","GRIDNUM":"02","LANDVALUE":10000.0,"LANDASSD":10000.0,"BLDGVALUE":0.0,"BLDGASSD":0.0,"GENAREA":"3654","NBHD":"AG_LAND","TAXZONE":"0026","CITY":"","COMMCOUN":"15","FSA":"132","RSA":"019","SSA_1":"","SSA_2":"","ESN":24,"ECN":14,"ASSMBDISTRICT":"1","VOTINGPRCNT":"25-315","DFIRM":null,"SPUD":null,"SUBDNUM":0,"LEGAL":"TOWNSHIP 18N RANGE 3E              SECTION 7 LOT A12","DOC1_DATE":"2010-04-12T00:00:00Z","DOC1_TYPE":"WARRANTY DEED (ALL TYPES)","DOC1_RCRD":"Palmer-Bk  Pg ","DOC2_DATE":"2009-07-29T00:00:00Z","DOC2_TYPE":"WARRANTY DEED (ALL TYPES)","DOC2_RCRD":"Palmer-Bk  Pg ","LANDUSE":"","RESUNIT":0.0,"MHUNIT":0.0,"DUPLEXUNIT":0.0,"MULTIUNIT":0.0,"GQUNIT":0.0,"MH_PK_UNIT":0.0,"BLDG_USE1":"","BLDG_USE2":"","BLDG_USE3":"","BLDG_USE4":"","BLDG_USE5":"","BLDG_USE6":"","Photo":"https://ecommerce.matsugov.us/assessment/Pages/Photos.aspx?isDLG=1&P_ID=54713","GlobalID":"{0896EECA-EEEC-4A21-84E7-13FB4AC09295}","Shape_Length":0.022225648969832965,"Shape_Area":2.6707832593523877e-05},"geometry":{"type":"MultiPolygon","coordinates":[[[[-148.967308207999963,61.668161496000039,0.0],[-148.974904445999982,61.668135591000066,0.0],[-148.974956755999983,61.67166475700003,0.0],[-148.967359254999963,61.671663436000074,0.0],[-148.967308207999963,61.668161496000039,0.0]]]]}},
{"type":"Feature","properties":{"OBJECTID":91086,"ParcelType":2,"P_ID":52027,"ACCOUNT":"18N03E08B011","TAXID_LOKI":"118N03E08B011","ACRES":29.81815204,"TAXACRE":33.28,"ORIGACRE":33.28,"FTYPE":"PARCEL","GENOWN":"PRIVATE","BUYLEASE":"N","OWNER_1":"PEABODY WILLIAM P & MILLICENT E TR TRE","NAME_2":"MATANUSKA-SUSITNA BOROUGH","MAILING_ADDRESS_LINE_A":"","MAILING_ADDRESS_LINE_B":"7933 N LUCKY CIR ","MAILING_ADDRESS_CITY":"PALMER","MAILING_ADDRESS_STATE":"AK","MAILING_ADDRESS_ZIP":"99645","Buyer_Name":"","Buyer_Name_2":"","Buyer_Mailing_Address_A":"","Buyer_Mailing_Address_B":"","Buyer_Mailing_Address_City":"","Buyer_Mailing_Address_State":"","Buyer_Mailing_Address_Zip":"","MERIDIAN":"S","TWP_NUM":"18","TWP_NS":"N","RNG_NUM":"03","RNG_EW":"E","SECT_NUM":"08","GRIDNAME":"PA","GRIDNUM":"02","LANDVALUE":8300.0,"LANDASSD":8300.0,"BLDGVALUE":368000.0,"BLDGASSD":368000.0,"GENAREA":"3654","NBHD":"AG_LAND","TAXZONE":"0026","CITY":"","COMMCOUN":"15","FSA":"132","RSA":"019","SSA_1":"","SSA_2":"","ESN":24,"ECN":14,"ASSMBDISTRICT":"1","VOTINGPRCNT":"25-315","DFIRM":null,"SPUD":null,"SUBDNUM":0,"LEGAL":"TOWNSHIP 18N RANGE 3E              SECTION 8 LOT B11","DOC1_DATE":"2010-04-12T00:00:00Z","DOC1_TYPE":"WARRANTY DEED (ALL TYPES)","DOC1_RCRD":"Palmer-Bk  Pg ","DOC2_DATE":"2009-07-29T00:00:00Z","DOC2_TYPE":"WARRANTY DEED (ALL TYPES)","DOC2_RCRD":"Palmer-Bk  Pg ","LANDUSE":"","RESUNIT":2.0,"MHUNIT":0.0,"DUPLEXUNIT":0.0,"MULTIUNIT":0.0,"GQUNIT":0.0,"MH_PK_UNIT":0.0,"BLDG_USE1":"1100","BLDG_USE2":"1110","BLDG_USE3":"8200","BLDG_USE4":"","BLDG_USE5":"","BLDG_USE6":"","Photo":"https://ecommerce.matsugov.us/assessment/Pages/Photos.aspx?isDLG=1&P_ID=52027","GlobalID":"{39016386-846A-4693-92D3-DDF8732CF086}","Shape_Length":0.021236650664133588,"Shape_Area":2.0446871013825e-05},"geometry":{"type":"MultiPolygon","coordinates":[[[[-148.964639753999961,61.668299893000039,0.0],[-148.967295306999972,61.667276394000055,0.0],[-148.967308207999963,61.668161496000039,0.0],[-148.967359254999963,61.671663436000074,0.0],[-148.959625431999967,61.671691945000077,0.0],[-148.95956184299996,61.671692177000068,0.0],[-148.960304923999956,61.671143058000041,0.0],[-148.962437312999981,61.669143381000083,0.0],[-148.964639753999961,61.668299893000039,0.0]]]]}},
{"type":"Feature","properties":{"OBJECTID":91087,"ParcelType":2,"P_ID":21874,"ACCOUNT":"18N03E08B010","TAXID_LOKI":"118N03E08B010","ACRES":70.83113488,"TAXACRE":66.2,"ORIGACRE":66.2,"FTYPE":"PARCEL","GENOWN":"BOROUGH","BUYLEASE":"N","OWNER_1":"MATANUSKA-SUSITNA BOROUGH","NAME_2":"","MAILING_ADDRESS_LINE_A":"","MAILING_ADDRESS_LINE_B":"350 E DAHLIA AVE ","MAILING_ADDRESS_CITY":"PALMER","MAILING_ADDRESS_STATE":"AK","MAILING_ADDRESS_ZIP":"99645-6488","Buyer_Name":"","Buyer_Name_2":"","Buyer_Mailing_Address_A":"","Buyer_Mailing_Address_B":"","Buyer_Mailing_Address_City":"","Buyer_Mailing_Address_State":"","Buyer_Mailing_Address_Zip":"","MERIDIAN":"S","TWP_NUM":"18","TWP_NS":"N","RNG_NUM":"03","RNG_EW":"E","SECT_NUM":"08","GRIDNAME":"PA","GRIDNUM":"02","LANDVALUE":138500.0,"LANDASSD":0.0,"BLDGVALUE":0.0,"BLDGASSD":0.0,"GENAREA":"3654","NBHD":"A1N10","TAXZONE":"0026","CITY":"","COMMCOUN":"15","FSA":"132","RSA":"019","SSA_1":"","SSA_2":"","ESN":24,"ECN":14,"ASSMBDISTRICT":"1","VOTINGPRCNT":"25-315","DFIRM":null,"SPUD":null,"SUBDNUM":0,"LEGAL":"TOWNSHIP 18N RANGE 3E              SECTION 8 LOT B10","DOC1_DATE":null,"DOC1_TYPE":"","DOC1_RCRD":"","DOC2_DATE":null,"DOC2_TYPE":"","DOC2_RCRD":"","LANDUSE":"","RESUNIT":0.0,"MHUNIT":0.0,"DUPLEXUNIT":0.0,"MULTIUNIT":0.0,"GQUNIT":0.0,"MH_PK_UNIT":0.0,"BLDG_USE1":"","BLDG_USE2":"","BLDG_USE3":"","BLDG_USE4":"","BLDG_USE5":"","BLDG_USE6":"","Photo":"https://ecommerce.matsugov.us/assessment/Pages/Photos.aspx?isDLG=1&P_ID=21874","GlobalID":"{6632E6D8-DE6D-4E8F-A450-7559AC6C4CC0}","Shape_Length":0.036500174132359342,"Shape_Area":4.8568228721454286e-05},"geometry":{"type":"MultiPolygon","coordinates":[[[[-148.952028239999976,61.671719525000071,0.0],[-148.951893336999973,61.664593575000083,0.0],[-148.954629718999968,61.664590295000039,0.0],[-148.955824975999974,61.665308200000027,0.0],[-148.957932557999982,61.666572715000029,0.0],[-148.957589411999976,61.66678788300004,0.0],[-148.956335069999966,61.667194316000064,0.0],[-148.955371814999978,61.667917967000051,0.0],[-148.95660515299997,61.668580808000058,0.0],[-148.958733829999971,61.667842975000042,0.0],[-148.960471869999964,61.667329660000064,0.0],[-148.96271038499998,61.668687532000035,0.0],[-148.961979748999966,61.668967487000032,0.0],[-148.959717681999962,61.671088740000073,0.0],[-148.958897859999979,61.671694605000027,0.0],[-148.952028239999976,61.671719525000071,0.0]]]]}},
{"type":"Feature","properties":{"OBJECTID":91105,"ParcelType":1,"P_ID":546078,"ACCOUNT":"8549000L003","TAXID_LOKI":"58549000L003","ACRES":0.94180657,"TAXACRE":0.93,"ORIGACRE":0.93,"FTYPE":"PARCEL","GENOWN":"PRIVATE","BUYLEASE":"N","OWNER_1":"SHUCK DAVID B","NAME_2":"","MAILING_ADDRESS_LINE_A":"","MAILING_ADDRESS_LINE_B":"10506 N WOLVERINE RD ","MAILING_ADDRESS_CITY":"PALMER","MAILING_ADDRESS_STATE":"AK","MAILING_ADDRESS_ZIP":"99645-8732","Buyer_Name":"","Buyer_Name_2":"","Buyer_Mailing_Address_A":"","Buyer_Mailing_Address_B":"","Buyer_Mailing_Address_City":"","Buyer_Mailing_Address_State":"","Buyer_Mailing_Address_Zip":"","MERIDIAN":"S","TWP_NUM":"18","TWP_NS":"N","RNG_NUM":"03","RNG_EW":"E","SECT_NUM":"07","GRIDNAME":"PA","GRIDNUM":"02","LANDVALUE":11500.0,"LANDASSD":11500.0,"BLDGVALUE":0.0,"BLDGASSD":0.0,"GENAREA":"3654","NBHD":"A1N10","TAXZONE":"0026","CITY":"","COMMCOUN":"15","FSA":"132","RSA":"019","SSA_1":"","SSA_2":"","ESN":24,"ECN":14,"ASSMBDISTRICT":"1","VOTINGPRCNT":"25-315","DFIRM":null,"SPUD":null,"SUBDNUM":8549,"LEGAL":"THE LAZY HUSKY                LOT 3","DOC1_DATE":null,"DOC1_TYPE":"","DOC1_RCRD":"","DOC2_DATE":null,"DOC2_TYPE":"","DOC2_RCRD":"","LANDUSE":"","RESUNIT":0.0,"MHUNIT":0.0,"DUPLEXUNIT":0.0,"MULTIUNIT":0.0,"GQUNIT":0.0,"MH_PK_UNIT":0.0,"BLDG_USE1":"","BLDG_USE2":"","BLDG_USE3":"","BLDG_USE4":"","BLDG_USE5":"","BLDG_USE6":"","Photo":"https://ecommerce.matsugov.us/assessment/Pages/Photos.aspx?isDLG=1&P_ID=","GlobalID":"{109F96F7-B55B-4581-8362-9DD89550F64C}","Shape_Length":0.0037339325818698168,"Shape_Area":6.4483889007531795e-07},"geometry":{"type":"MultiPolygon","coordinates":[[[[-148.986149516999973,61.659746420000033,0.0],[-148.986149998999963,61.659778337000034,0.0],[-148.986158521999982,61.660342870000079,0.0],[-148.984935500999967,61.660346023000045,0.0],[-148.984696918999958,61.66018583500005,0.0],[-148.984646334999979,61.660151871000039,0.0],[-148.984728797999963,61.660112064000032,0.0],[-148.984737851999967,61.660107694000033,0.0],[-148.984868922999965,61.660048496000059,0.0],[-148.985007973999984,61.659993569000051,0.0],[-148.985154395999956,61.659943155000065,0.0],[-148.985307537999972,61.659897478000062,0.0],[-148.98546672599997,61.65985673800003,0.0],[-148.985631254999959,61.659821117000035,0.0],[-148.985800395999973,61.659790772000065,0.0],[-148.98597340699996,61.659765836000076,0.0],[-148.986149516999973,61.659746420000033,0.0]]]]}},
{"type":"Feature","properties":{"OBJECTID":91106,"ParcelType":1,"P_ID":546077,"ACCOUNT":"8549000L002","TAXID_LOKI":"58549000L002","ACRES":1.00832382,"TAXACRE":1.0,"ORIGACRE":1.0,"FTYPE":"PARCEL","GENOWN":"PRIVATE","BUYLEASE":"N","OWNER_1":"SHUCK DAVID B","NAME_2":"","MAILING_ADDRESS_LINE_A":"","MAILING_ADDRESS_LINE_B":"10506 N WOLVERINE RD ","MAILING_ADDRESS_CITY":"PALMER","MAILING_ADDRESS_STATE":"AK","MAILING_ADDRESS_ZIP":"99645-8732","Buyer_Name":"","Buyer_Name_2":"","Buyer_Mailing_Address_A":"","Buyer_Mailing_Address_B":"","Buyer_Mailing_Address_City":"","Buyer_Mailing_Address_State":"","Buyer_Mailing_Address_Zip":"","MERIDIAN":"S","TWP_NUM":"18","TWP_NS":"N","RNG_NUM":"03","RNG_EW":"E","SECT_NUM":"07","GRIDNAME":"PA","GRIDNUM":"02","LANDVALUE":12100.0,"LANDASSD":12100.0,"BLDGVALUE":75200.0,"BLDGASSD":75200.0,"GENAREA":"3654","NBHD":"A1N10","TAXZONE":"0026","CITY":"","COMMCOUN":"15","FSA":"132","RSA":"019","SSA_1":"","SSA_2":"","ESN":24,"ECN":14,"ASSMBDISTRICT":"1","VOTINGPRCNT":"25-315","DFIRM":null,"SPUD":null,"SUBDNUM":8549,"LEGAL":"THE LAZY HUSKY                         LOT 2","DOC1_DATE":null,"DOC1_TYPE":"","DOC1_RCRD":"","DOC2_DATE":null,"DOC2_TYPE":"","DOC2_RCRD":"","LANDUSE":"","RESUNIT":1.0,"MHUNIT":0.0,"DUPLEXUNIT":0.0,"MULTIUNIT":0.0,"GQUNIT":0.0,"MH_PK_UNIT":0.0,"BLDG_USE1":"1100","BLDG_USE2":"","BLDG_USE3":"","BLDG_USE4":"","BLDG_USE5":"","BLDG_USE6":"","Photo":"https://ecommerce.matsugov.us/assessment/Pages/Photos.aspx?isDLG=1&P_ID=","GlobalID":"{C449F20D-D75A-4DE6-95B4-0955EF62C506}","Shape_Length":0.0042201675988571804,"Shape_Area":6.9122359765436238e-07},"geometry":{"type":"MultiPolygon","coordinates":[[[[-148.984746586999961,61.660409621000042,0.0],[-148.984531540999967,61.660265234000065,0.0],[-148.984481328999976,61.660231521000071,0.0],[-148.984646334999979,61.660151871000039,0.0],[-148.984696918999958,61.66018583500005,0.0],[-148.984935500999967,61.660346023000045,0.0],[-148.986158521999982,61.660342870000079,0.0],[-148.986166312999984,61.66085905500006,0.0],[-148.985126993999984,61.660861332000081,0.0],[-148.984746586999961,61.660409621000042,0.0]]]]}},
{"type":"Feature","properties":{"OBJECTID":91107,"ParcelType":1,"P_ID":546076,"ACCOUNT":"8549000L001","TAXID_LOKI":"58549000L001","ACRES":0.94002905,"TAXACRE":0.93,"ORIGACRE":0.93,"FTYPE":"PARCEL","GENOWN":"PRIVATE","BUYLEASE":"N","OWNER_1":"SHUCK DAVID B","NAME_2":"","MAILING_ADDRESS_LINE_A":"","MAILING_ADDRESS_LINE_B":"10506 N WOLVERINE RD ","MAILING_ADDRESS_CITY":"PALMER","MAILING_ADDRESS_STATE":"AK","MAILING_ADDRESS_ZIP":"99645-8732","Buyer_Name":"","Buyer_Name_2":"","Buyer_Mailing_Address_A":"","Buyer_Mailing_Address_B":"","Buyer_Mailing_Address_City":"","Buyer_Mailing_Address_State":"","Buyer_Mailing_Address_Zip":"","MERIDIAN":"S","TWP_NUM":"18","TWP_NS":"N","RNG_NUM":"03","RNG_EW":"E","SECT_NUM":"07","GRIDNAME":"PA","GRIDNUM":"02","LANDVALUE":11500.0,"LANDASSD":11500.0,"BLDGVALUE":94900.0,"BLDGASSD":94900.0,"GENAREA":"3654","NBHD":"A1N10","TAXZONE":"0026","CITY":"","COMMCOUN":"15","FSA":"132","RSA":"019","SSA_1":"","SSA_2":"","ESN":24,"ECN":14,"ASSMBDISTRICT":"1","VOTINGPRCNT":"25-315","DFIRM":null,"SPUD":null,"SUBDNUM":8549,"LEGAL":"THE LAZY HUSKY                LOT 1","DOC1_DATE":null,"DOC1_TYPE":"","DOC1_RCRD":"","DOC2_DATE":null,"DOC2_TYPE":"","DOC2_RCRD":"","LANDUSE":"","RESUNIT":1.0,"MHUNIT":0.0,"DUPLEXUNIT":0.0,"MULTIUNIT":0.0,"GQUNIT":0.0,"MH_PK_UNIT":0.0,"BLDG_USE1":"1100","BLDG_USE2":"","BLDG_USE3":"","BLDG_USE4":"","BLDG_USE5":"","BLDG_USE6":"","Photo":"https://ecommerce.matsugov.us/assessment/Pages/Photos.aspx?isDLG=1&P_ID=","GlobalID":"{75574C6D-2A32-4E2A-ACE9-2657CEBFE14B}","Shape_Length":0.0043280202796286225,"Shape_Area":6.44378501393667e-07},"geometry":{"type":"MultiPolygon","coordinates":[[[[-148.983167694999963,61.660865604000037,0.0],[-148.984481328999976,61.660231521000071,0.0],[-148.984531540999967,61.660265234000065,0.0],[-148.984746586999961,61.660409621000042,0.0],[-148.985126993999984,61.660861332000081,0.0],[-148.983281602999966,61.660865326000078,0.0],[-148.983255173999964,61.660865383000043,0.0],[-148.983167694999963,61.660865604000037,0.0]]]]}},
{"type":"Feature","properties":{"OBJECTID":91524,"ParcelType":2,"P_ID":30151,"ACCOUNT":"18N02E15A013","TAXID_LOKI":"118N02E15A013","ACRES":9.59309411,"TAXACRE":9.68,"ORIGACRE":10.0,"FTYPE":"PARCEL","GENOWN":"PRIVATE","BUYLEASE":"N","OWNER_1":"DEVILBISS GERALD","NAME_2":"DEVILBISS CARMEN","MAILING_ADDRESS_LINE_A":"","MAILING_ADDRESS_LINE_B":"6505 N WOLVERINE RD ","MAILING_ADDRESS_CITY":"PALMER","MAILING_ADDRESS_STATE":"AK","MAILING_ADDRESS_ZIP":"99645-8736","Buyer_Name":"","Buyer_Name_2":"","Buyer_Mailing_Address_A":"","Buyer_Mailing_Address_B":"","Buyer_Mailing_Address_City":"","Buyer_Mailing_Address_State":"","Buyer_Mailing_Address_Zip":"","MERIDIAN":"S","TWP_NUM":"18","TWP_NS":"N","RNG_NUM":"02","RNG_EW":"E","SECT_NUM":"15","GRIDNAME":"PA","GRIDNUM":"03","LANDVALUE":90200.0,"LANDASSD":12356.0,"BLDGVALUE":295200.0,"BLDGASSD":295200.0,"GENAREA":"3654","NBHD":"A1N10","TAXZONE":"0026","CITY":"","COMMCOUN":"15","FSA":"132","RSA":"019","SSA_1":"","SSA_2":"","ESN":24,"ECN":14,"ASSMBDISTRICT":"1","VOTINGPRCNT":"25-315","DFIRM":"02170C7290F","SPUD":null,"SUBDNUM":0,"LEGAL":"TOWNSHIP 18N RANGE 2E              SECTION 15 LOT A13","DOC1_DATE":"2014-12-23T00:00:00Z","DOC1_TYPE":"QUITCLAIM DEED (ALL TYPE)","DOC1_RCRD":"Palmer-Bk  Pg ","DOC2_DATE":"2005-11-17T00:00:00Z","DOC2_TYPE":"QUITCLAIM DEED (ALL TYPE)","DOC2_RCRD":"Palmer-Bk  Pg 0","LANDUSE":"","RESUNIT":1.0,"MHUNIT":0.0,"DUPLEXUNIT":0.0,"MULTIUNIT":0.0,"GQUNIT":0.0,"MH_PK_UNIT":0.0,"BLDG_USE1":"1100","BLDG_USE2":"","BLDG_USE3":"","BLDG_USE4":"","BLDG_USE5":"","BLDG_USE6":"","Photo":"https://ecommerce.matsugov.us/assessment/Pages/Photos.aspx?isDLG=1&P_ID=30151","GlobalID":"{5663BCBC-6B18-45C0-9273-512095E1083C}","Shape_Length":0.016374676121134201,"Shape_Area":6.5743487723632935e-06},"geometry":{"type":"MultiPolygon","coordinates":[[[[-149.057886842999977,61.651838394000038,0.0],[-149.061348110999973,61.651840530000072,0.0],[-149.063246589999977,61.651841756000067,0.0],[-149.065144535999963,61.651843020000058,0.0],[-149.065145959999967,61.652743728000075,0.0],[-149.057836067999972,61.652739831000076,0.0],[-149.057836571999957,61.652203858000064,0.0],[-149.057888687999963,61.651930507000031,0.0],[-149.057886842999977,61.651838394000038,0.0]]]]}},
{"type":"Feature","properties":{"OBJECTID":91525,"ParcelType":1,"P_ID":538094,"ACCOUNT":"8016000L002C","TAXID_LOKI":"58016000L002C","ACRES":5.60123017,"TAXACRE":5.57,"ORIGACRE":5.6,"FTYPE":"PARCEL","GENOWN":"PRIVATE","BUYLEASE":"N","OWNER_1":"REESE RYDER D & SOFIA A","NAME_2":"","MAILING_ADDRESS_LINE_A":"","MAILING_ADDRESS_LINE_B":"15231 E LAZY LADY LN ","MAILING_ADDRESS_CITY":"PALMER","MAILING_ADDRESS_STATE":"AK","MAILING_ADDRESS_ZIP":"99645","Buyer_Name":"","Buyer_Name_2":"","Buyer_Mailing_Address_A":"","Buyer_Mailing_Address_B":"","Buyer_Mailing_Address_City":"","Buyer_Mailing_Address_State":"","Buyer_Mailing_Address_Zip":"","MERIDIAN":"S","TWP_NUM":"18","TWP_NS":"N","RNG_NUM":"02","RNG_EW":"E","SECT_NUM":"15","GRIDNAME":"PA","GRIDNUM":"03","LANDVALUE":64100.0,"LANDASSD":64100.0,"BLDGVALUE":130700.0,"BLDGASSD":130700.0,"GENAREA":"3654","NBHD":"A1N10","TAXZONE":"0026","CITY":"","COMMCOUN":"15","FSA":"132","RSA":"019","SSA_1":"","SSA_2":"","ESN":24,"ECN":14,"ASSMBDISTRICT":"1","VOTINGPRCNT":"25-315","DFIRM":"02170C7290F","SPUD":null,"SUBDNUM":8016,"LEGAL":"PURPLE RAIN          LOT 2C","DOC1_DATE":"2026-03-04T00:00:00Z","DOC1_TYPE":"WARRANTY DEED (ALL TYPES)","DOC1_RCRD":"Palmer-Bk  Pg ","DOC2_DATE":"2026-03-04T00:00:00Z","DOC2_TYPE":"QUITCLAIM DEED (ALL TYPE)","DOC2_RCRD":"Palmer-Bk  Pg ","LANDUSE":"","RESUNIT":1.0,"MHUNIT":0.0,"DUPLEXUNIT":0.0,"MULTIUNIT":0.0,"GQUNIT":0.0,"MH_PK_UNIT":0.0,"BLDG_USE1":"1100","BLDG_USE2":"","BLDG_USE3":"","BLDG_USE4":"","BLDG_USE5":"","BLDG_USE6":"","Photo":"https://ecommerce.matsugov.us/assessment/Pages/Photos.aspx?isDLG=1&P_ID=538094","GlobalID":"{E1FFD193-F844-4B08-8F82-3D725C404F90}","Shape_Length":0.012183279571738833,"Shape_Area":3.8387707551662178e-06},"geometry":{"type":"MultiPolygon","coordinates":[[[[-149.065431596999957,61.65003366600007,0.0],[-149.06560960799996,61.650033589000031,0.0],[-149.06621734099997,61.651168683000037,0.0],[-149.068032919999979,61.652360882000039,0.0],[-149.068553431999959,61.653641685000082,0.0],[-149.066901899999976,61.653644194000037,0.0],[-149.067232642999983,61.65221987700005,0.0],[-149.066815958999968,61.651968570000065,0.0],[-149.066063123999982,61.652326199000072,0.0],[-149.065316994999961,61.651757689000078,0.0],[-149.065315290999962,61.650704597000072,0.0],[-149.065526764999959,61.650211424000076,0.0],[-149.065431596999957,61.65003366600007,0.0]]]]}},
{"type":"Feature","properties":{"OBJECTID":91526,"ParcelType":1,"P_ID":518715,"ACCOUNT":"7192000L003A","TAXID_LOKI":"57192000L003A","ACRES":5.01477409,"TAXACRE":4.94,"ORIGACRE":5.01,"FTYPE":"PARCEL","GENOWN":"PRIVATE","BUYLEASE":"N","OWNER_1":"ERICKSON TRAVIS O & CARLA R","NAME_2":"","MAILING_ADDRESS_LINE_A":"","MAILING_ADDRESS_LINE_B":"15241 E LAZY LADY LN ","MAILING_ADDRESS_CITY":"PALMER","MAILING_ADDRESS_STATE":"AK","MAILING_ADDRESS_ZIP":"99645","Buyer_Name":"","Buyer_Name_2":"","Buyer_Mailing_Address_A":"","Buyer_Mailing_Address_B":"","Buyer_Mailing_Address_City":"","Buyer_Mailing_Address_State":"","Buyer_Mailing_Address_Zip":"","MERIDIAN":"S","TWP_NUM":"18","TWP_NS":"N","RNG_NUM":"02","RNG_EW":"E","SECT_NUM":"15","GRIDNAME":"PA","GRIDNUM":"03","LANDVALUE":62400.0,"LANDASSD":62400.0,"BLDGVALUE":646100.0,"BLDGASSD":646100.0,"GENAREA":"3654","NBHD":"A1N10","TAXZONE":"0026","CITY":"","COMMCOUN":"15","FSA":"132","RSA":"019","SSA_1":"","SSA_2":"","ESN":24,"ECN":14,"ASSMBDISTRICT":"1","VOTINGPRCNT":"25-315","DFIRM":"02170C7290F","SPUD":null,"SUBDNUM":7192,"LEGAL":"SUNSHINE DAYDREAM REVISITED          LOT 3A","DOC1_DATE":"2024-08-02T00:00:00Z","DOC1_TYPE":"WARRANTY DEED (ALL TYPES)","DOC1_RCRD":"Palmer-Bk  Pg ","DOC2_DATE":"2023-05-03T00:00:00Z","DOC2_TYPE":"WARRANTY DEED (ALL TYPES)","DOC2_RCRD":"Palmer-Bk  Pg ","LANDUSE":"","RESUNIT":1.0,"MHUNIT":0.0,"DUPLEXUNIT":0.0,"MULTIUNIT":0.0,"GQUNIT":0.0,"MH_PK_UNIT":0.0,"BLDG_USE1":"1100","BLDG_USE2":"","BLDG_USE3":"","BLDG_USE4":"","BLDG_USE5":"","BLDG_USE6":"","Photo":"https://ecommerce.matsugov.us/assessment/Pages/Photos.aspx?isDLG=1&P_ID=518715","GlobalID":"{7A08DEEA-B4DF-4E68-AEBF-D2870EFB8DBD}","Shape_Length":0.011169114248130186,"Shape_Area":3.4368654211838467e-06},"geometry":{"type":"MultiPolygon","coordinates":[[[[-149.065145959999967,61.652743728000075,0.0],[-149.065145033999983,61.652157995000039,0.0],[-149.065144535999963,61.651843020000058,0.0],[-149.065142850999962,61.650779314000033,0.0],[-149.065141671999982,61.650033791000055,0.0],[-149.065431596999957,61.65003366600007,0.0],[-149.065526764999959,61.650211424000076,0.0],[-149.065315290999962,61.650704597000072,0.0],[-149.065315413999969,61.65078049300007,0.0],[-149.065316994999961,61.651757689000078,0.0],[-149.065848668999962,61.652162799000052,0.0],[-149.066063123999982,61.652326199000072,0.0],[-149.066399188999981,61.652166554000075,0.0],[-149.066815958999968,61.651968570000065,0.0],[-149.067152747999984,61.652171692000081,0.0],[-149.067232642999983,61.65221987700005,0.0],[-149.06692405299998,61.653548798000031,0.0],[-149.066901899999976,61.653644194000037,0.0],[-149.065147389999964,61.653646825000067,0.0],[-149.065147214999968,61.653536675000055,0.0],[-149.065145959999967,61.652743728000075,0.0]]]]}},
{"type":"Feature","properties":{"OBJECTID":91529,"ParcelType":2,"P_ID":77331,"ACCOUNT":"18N02E15A007","TAXID_LOKI":"118N02E15A007","ACRES":9.66738619,"TAXACRE":9.65,"ORIGACRE":9.65,"FTYPE":"PARCEL","GENOWN":"PRIVATE","BUYLEASE":"N","OWNER_1":"VINK JASON M & MARILYN R","NAME_2":"","MAILING_ADDRESS_LINE_A":"","MAILING_ADDRESS_LINE_B":"6505 N WOLVERINE RD ","MAILING_ADDRESS_CITY":"PALMER","MAILING_ADDRESS_STATE":"AK","MAILING_ADDRESS_ZIP":"99645-8736","Buyer_Name":"","Buyer_Name_2":"","Buyer_Mailing_Address_A":"","Buyer_Mailing_Address_B":"","Buyer_Mailing_Address_City":"","Buyer_Mailing_Address_State":"","Buyer_Mailing_Address_Zip":"","MERIDIAN":"S","TWP_NUM":"18","TWP_NS":"N","RNG_NUM":"02","RNG_EW":"E","SECT_NUM":"15","GRIDNAME":"PA","GRIDNUM":"03","LANDVALUE":89900.0,"LANDASSD":89900.0,"BLDGVALUE":383600.0,"BLDGASSD":383600.0,"GENAREA":"3654","NBHD":"A1N10","TAXZONE":"0026","CITY":"","COMMCOUN":"15","FSA":"132","RSA":"019","SSA_1":"","SSA_2":"","ESN":24,"ECN":14,"ASSMBDISTRICT":"1","VOTINGPRCNT":"25-315","DFIRM":"02170C7290F","SPUD":null,"SUBDNUM":0,"LEGAL":"TOWNSHIP 18N RANGE 2E              SECTION 15 LOT A7","DOC1_DATE":"2012-11-14T00:00:00Z","DOC1_TYPE":"PERSONAL REPRESENTATIVE","DOC1_RCRD":"Palmer-Bk  Pg ","DOC2_DATE":null,"DOC2_TYPE":"","DOC2_RCRD":"","LANDUSE":"","RESUNIT":1.0,"MHUNIT":0.0,"DUPLEXUNIT":0.0,"MULTIUNIT":0.0,"GQUNIT":0.0,"MH_PK_UNIT":0.0,"BLDG_USE1":"1100","BLDG_USE2":"","BLDG_USE3":"","BLDG_USE4":"","BLDG_USE5":"","BLDG_USE6":"","Photo":"https://ecommerce.matsugov.us/assessment/Pages/Photos.aspx?isDLG=1&P_ID=77331","GlobalID":"{813F22E3-C933-49CA-AA47-EFB7A013368A}","Shape_Length":0.016434581973577347,"Shape_Area":6.6256581561346107e-06},"geometry":{"type":"MultiPolygon","coordinates":[[[[-149.057836067999972,61.652739831000076,0.0],[-149.065145959999967,61.652743728000075,0.0],[-149.065147389999964,61.653646825000067,0.0],[-149.057835211999958,61.653649243000075,0.0],[-149.057836067999972,61.652739831000076,0.0]]]]}},
{"type":"Feature","properties":{"OBJECTID":91530,"ParcelType":2,"P_ID":73539,"ACCOUNT":"18N02E11A007","TAXID_LOKI":"118N02E11A007","ACRES":23.52488531,"TAXACRE":23.5,"ORIGACRE":23.5,"FTYPE":"PARCEL","GENOWN":"PRIVATE","BUYLEASE":"N","OWNER_1":"WOLVERINE FARM TR","NAME_2":"DEVILBISS M& L& R& B TRES HERR SUSAN TRE","MAILING_ADDRESS_LINE_A":"","MAILING_ADDRESS_LINE_B":"6505 N WOLVERINE RD ","MAILING_ADDRESS_CITY":"PALMER","MAILING_ADDRESS_STATE":"AK","MAILING_ADDRESS_ZIP":"99645","Buyer_Name":"","Buyer_Name_2":"","Buyer_Mailing_Address_A":"","Buyer_Mailing_Address_B":"","Buyer_Mailing_Address_City":"","Buyer_Mailing_Address_State":"","Buyer_Mailing_Address_Zip":"","MERIDIAN":"S","TWP_NUM":"18","TWP_NS":"N","RNG_NUM":"02","RNG_EW":"E","SECT_NUM":"11","GRIDNAME":"PA","GRIDNUM":"03","LANDVALUE":113500.0,"LANDASSD":12705.0,"BLDGVALUE":89300.0,"BLDGASSD":89300.0,"GENAREA":"3654","NBHD":"A1N10","TAXZONE":"0026","CITY":"","COMMCOUN":"15","FSA":"132","RSA":"019","SSA_1":"","SSA_2":"","ESN":24,"ECN":14,"ASSMBDISTRICT":"1","VOTINGPRCNT":"25-315","DFIRM":"02170C7300E","SPUD":null,"SUBDNUM":0,"LEGAL":"TOWNSHIP 18N RANGE 2E              SECTION 11 LOT A7","DOC1_DATE":"2009-09-30T00:00:00Z","DOC1_TYPE":"QUITCLAIM DEED (ALL TYPE)","DOC1_RCRD":"Palmer-Bk  Pg ","DOC2_DATE":"1985-01-10T00:00:00Z","DOC2_TYPE":"WARRANTY DEED (ALL TYPES)","DOC2_RCRD":"Palmer-Bk 398 Pg 701","LANDUSE":"","RESUNIT":1.0,"MHUNIT":0.0,"DUPLEXUNIT":0.0,"MULTIUNIT":0.0,"GQUNIT":0.0,"MH_PK_UNIT":0.0,"BLDG_USE1":"1100","BLDG_USE2":"1110","BLDG_USE3":"","BLDG_USE4":"","BLDG_USE5":"","BLDG_USE6":"","Photo":"https://ecommerce.matsugov.us/assessment/Pages/Photos.aspx?isDLG=1&P_ID=73539","GlobalID":"{E7BFD9F1-483A-44C8-A5ED-13C61E45FC7D}","Shape_Length":0.02104162905148952,"Shape_Area":1.6126983766370586e-05},"geometry":{"type":"MultiPolygon","coordinates":[[[[-149.039527455999973,61.659210112000039,0.0],[-149.044491460999978,61.65922206700003,0.0],[-149.048214911999963,61.661966247000066,0.0],[-149.041742023999973,61.661950798000078,0.0],[-149.041746253999975,61.661554186000046,0.0],[-149.04050922899998,61.661551198000041,0.0],[-149.040527233999967,61.659869014000037,0.0],[-149.039520408999977,61.659866575000081,0.0],[-149.039527455999973,61.659210112000039,0.0]]]]}},
{"type":"Feature","properties":{"OBJECTID":91531,"ParcelType":2,"P_ID":67784,"ACCOUNT":"18N02E11C002","TAXID_LOKI":"118N02E11C002","ACRES":38.37636194,"TAXACRE":40.0,"ORIGACRE":40.0,"FTYPE":"PARCEL","GENOWN":"PRIVATE","BUYLEASE":"N","OWNER_1":"DANIELOWSKI DYLAN & RAELYNN","NAME_2":"","MAILING_ADDRESS_LINE_A":"","MAILING_ADDRESS_LINE_B":"PO BOX 3974","MAILING_ADDRESS_CITY":"PALMER","MAILING_ADDRESS_STATE":"AK","MAILING_ADDRESS_ZIP":"99645","Buyer_Name":"","Buyer_Name_2":"","Buyer_Mailing_Address_A":"","Buyer_Mailing_Address_B":"","Buyer_Mailing_Address_City":"","Buyer_Mailing_Address_State":"","Buyer_Mailing_Address_Zip":"","MERIDIAN":"S","TWP_NUM":"18","TWP_NS":"N","RNG_NUM":"02","RNG_EW":"E","SECT_NUM":"11","GRIDNAME":"PA","GRIDNUM":"03","LANDVALUE":20000.0,"LANDASSD":20000.0,"BLDGVALUE":0.0,"BLDGASSD":0.0,"GENAREA":"3654","NBHD":"AG_LAND","TAXZONE":"0025","CITY":"","COMMCOUN":"15","FSA":"900","RSA":"019","SSA_1":"","SSA_2":"","ESN":24,"ECN":14,"ASSMBDISTRICT":"1","VOTINGPRCNT":"25-315","DFIRM":"02170C7300E","SPUD":null,"SUBDNUM":0,"LEGAL":"TOWNSHIP 18N RANGE 2E              SECTION 11 LOT C2","DOC1_DATE":"2021-07-01T00:00:00Z","DOC1_TYPE":"QUITCLAIM DEED (ALL TYPE)","DOC1_RCRD":"Palmer-Bk  Pg ","DOC2_DATE":"2014-08-26T00:00:00Z","DOC2_TYPE":"QUITCLAIM DEED (ALL TYPE)","DOC2_RCRD":"Palmer-Bk  Pg ","LANDUSE":"","RESUNIT":0.0,"MHUNIT":0.0,"DUPLEXUNIT":0.0,"MULTIUNIT":0.0,"GQUNIT":0.0,"MH_PK_UNIT":0.0,"BLDG_USE1":"","BLDG_USE2":"","BLDG_USE3":"","BLDG_USE4":"","BLDG_USE5":"","BLDG_USE6":"","Photo":"https://ecommerce.matsugov.us/assessment/Pages/Photos.aspx?isDLG=1&P_ID=67784","GlobalID":"{95A33620-0337-47E5-9B6B-1EDC30A5F6BB}","Shape_Length":0.021852591608587421,"Shape_Area":2.6309686745356537e-05},"geometry":{"type":"MultiPolygon","coordinates":[[[[-149.050241050999972,61.660864871000058,0.0],[-149.057562349999984,61.660868926000035,0.0],[-149.057580447999982,61.664449878000028,0.0],[-149.05021471699996,61.664449337000065,0.0],[-149.050241050999972,61.660864871000058,0.0]]]]}},
{"type":"Feature","properties":{"OBJECTID":91532,"ParcelType":2,"P_ID":37747,"ACCOUNT":"18N02E11B003","TAXID_LOKI":"118N02E11B003","ACRES":11.01182143,"TAXACRE":11.74,"ORIGACRE":11.74,"FTYPE":"PARCEL","GENOWN":"PRIVATE","BUYLEASE":"N","OWNER_1":"DANIELOWSKI DYLAN & RAELYNN","NAME_2":"","MAILING_ADDRESS_LINE_A":"","MAILING_ADDRESS_LINE_B":"PO BOX 3974","MAILING_ADDRESS_CITY":"PALMER","MAILING_ADDRESS_STATE":"AK","MAILING_ADDRESS_ZIP":"99645","Buyer_Name":"","Buyer_Name_2":"","Buyer_Mailing_Address_A":"","Buyer_Mailing_Address_B":"","Buyer_Mailing_Address_City":"","Buyer_Mailing_Address_State":"","Buyer_Mailing_Address_Zip":"","MERIDIAN":"S","TWP_NUM":"18","TWP_NS":"N","RNG_NUM":"02","RNG_EW":"E","SECT_NUM":"11","GRIDNAME":"PA","GRIDNUM":"03","LANDVALUE":18200.0,"LANDASSD":18200.0,"BLDGVALUE":0.0,"BLDGASSD":0.0,"GENAREA":"3654","NBHD":"A1N10","TAXZONE":"0025","CITY":"","COMMCOUN":"15","FSA":"900","RSA":"019","SSA_1":"","SSA_2":"","ESN":24,"ECN":14,"ASSMBDISTRICT":"1","VOTINGPRCNT":"25-315","DFIRM":"02170C7300E","SPUD":null,"SUBDNUM":0,"LEGAL":"TOWNSHIP 18N RANGE 2E              SECTION 11 LOT B3","DOC1_DATE":"2021-07-01T00:00:00Z","DOC1_TYPE":"QUITCLAIM DEED (ALL TYPE)","DOC1_RCRD":"Palmer-Bk  Pg ","DOC2_DATE":"2014-08-26T00:00:00Z","DOC2_TYPE":"QUITCLAIM DEED (ALL TYPE)","DOC2_RCRD":"Palmer-Bk  Pg ","LANDUSE":"","RESUNIT":0.0,"MHUNIT":0.0,"DUPLEXUNIT":0.0,"MULTIUNIT":0.0,"GQUNIT":0.0,"MH_PK_UNIT":0.0,"BLDG_USE1":"","BLDG_USE2":"","BLDG_USE3":"","BLDG_USE4":"","BLDG_USE5":"","BLDG_USE6":"","Photo":"https://ecommerce.matsugov.us/assessment/Pages/Photos.aspx?isDLG=1&P_ID=37747","GlobalID":"{D64F23CF-86F7-46B7-B90B-8BB0EE06B4B5}","Shape_Length":0.0170900320397342,"Shape_Area":7.5501252744004661e-06},"geometry":{"type":"MultiPolygon","coordinates":[[[[-149.05021471699996,61.664449337000065,0.0],[-149.057580447999982,61.664449878000028,0.0],[-149.054965888999959,61.665189534000035,0.0],[-149.054302020999984,61.665344880000077,0.0],[-149.050193005999972,61.666504926000073,0.0],[-149.05021471699996,61.664449337000065,0.0]]]]}},
{"type":"Feature","properties":{"OBJECTID":91533,"ParcelType":2,"P_ID":33765,"ACCOUNT":"18N02E11B002","TAXID_LOKI":"118N02E11B002","ACRES":53.08033873,"TAXACRE":49.45,"ORIGACRE":49.45,"FTYPE":"PARCEL","GENOWN":"PRIVATE","BUYLEASE":"N","OWNER_1":"DEVILBISS JOINT REV TR","NAME_2":"","MAILING_ADDRESS_LINE_A":"","MAILING_ADDRESS_LINE_B":"17855 E HARDING DR ","MAILING_ADDRESS_CITY":"PALMER","MAILING_ADDRESS_STATE":"AK","MAILING_ADDRESS_ZIP":"99645-8714","Buyer_Name":"","Buyer_Name_2":"","Buyer_Mailing_Address_A":"","Buyer_Mailing_Address_B":"","Buyer_Mailing_Address_City":"","Buyer_Mailing_Address_State":"","Buyer_Mailing_Address_Zip":"","MERIDIAN":"S","TWP_NUM":"18","TWP_NS":"N","RNG_NUM":"02","RNG_EW":"E","SECT_NUM":"11","GRIDNAME":"PA","GRIDNUM":"03","LANDVALUE":37100.0,"LANDASSD":37100.0,"BLDGVALUE":0.0,"BLDGASSD":0.0,"GENAREA":"3654","NBHD":"A1N10","TAXZONE":"0025","CITY":"","COMMCOUN":"15","FSA":"900","RSA":"019","SSA_1":"","SSA_2":"","ESN":24,"ECN":14,"ASSMBDISTRICT":"1","VOTINGPRCNT":"25-315","DFIRM":"02170C7300E","SPUD":null,"SUBDNUM":0,"LEGAL":"TOWNSHIP 18N RANGE 2E              SECTION 11 LOT B2","DOC1_DATE":"2018-03-12T00:00:00Z","DOC1_TYPE":"QUITCLAIM DEED (ALL TYPE)","DOC1_RCRD":"Palmer-Bk  Pg ","DOC2_DATE":"2017-05-17T00:00:00Z","DOC2_TYPE":"QUITCLAIM DEED (ALL TYPE)","DOC2_RCRD":"Palmer-Bk  Pg ","LANDUSE":"","RESUNIT":0.0,"MHUNIT":0.0,"DUPLEXUNIT":0.0,"MULTIUNIT":0.0,"GQUNIT":0.0,"MH_PK_UNIT":0.0,"BLDG_USE1":"","BLDG_USE2":"","BLDG_USE3":"","BLDG_USE4":"","BLDG_USE5":"","BLDG_USE6":"","Photo":"https://ecommerce.matsugov.us/assessment/Pages/Photos.aspx?isDLG=1&P_ID=33765","GlobalID":"{616304EA-3241-43C9-88FC-EA0CFAE5D596}","Shape_Length":0.035169015678861826,"Shape_Area":3.6394499555474628e-05},"geometry":{"type":"MultiPolygon","coordinates":[[[[-149.05021471699996,61.664449337000065,0.0],[-149.050193005999972,61.666504926000073,0.0],[-149.04884642899998,61.666553462000081,0.0],[-149.048162327999961,61.666704963000029,0.0],[-149.047832677999963,61.666714425000066,0.0],[-149.041228650999983,61.666903385000069,0.0],[-149.039523008999964,61.66683733900004,0.0],[-149.035131995999961,61.667395291000048,0.0],[-149.035159765999964,61.664454945000045,0.0],[-149.04684029699996,61.66445118200005,0.0],[-149.047647069999982,61.66445077000003,0.0],[-149.05021471699996,61.664449337000065,0.0]]]]}},
{"type":"Feature","properties":{"OBJECTID":91534,"ParcelType":1,"P_ID":538093,"ACCOUNT":"8016000L002B","TAXID_LOKI":"58016000L002B","ACRES":5.00189906,"TAXACRE":4.97,"ORIGACRE":5.0,"FTYPE":"PARCEL","GENOWN":"PRIVATE","BUYLEASE":"N","OWNER_1":"STRAWN KELLY J","NAME_2":"","MAILING_ADDRESS_LINE_A":"","MAILING_ADDRESS_LINE_B":"PO BOX 2703","MAILING_ADDRESS_CITY":"PALMER","MAILING_ADDRESS_STATE":"AK","MAILING_ADDRESS_ZIP":"99645","Buyer_Name":"","Buyer_Name_2":"","Buyer_Mailing_Address_A":"","Buyer_Mailing_Address_B":"","Buyer_Mailing_Address_City":"","Buyer_Mailing_Address_State":"","Buyer_Mailing_Address_Zip":"","MERIDIAN":"S","TWP_NUM":"18","TWP_NS":"N","RNG_NUM":"02","RNG_EW":"E","SECT_NUM":"15","GRIDNAME":"PA","GRIDNUM":"03","LANDVALUE":62900.0,"LANDASSD":62900.0,"BLDGVALUE":0.0,"BLDGASSD":0.0,"GENAREA":"3654","NBHD":"A1N10","TAXZONE":"0026","CITY":"","COMMCOUN":"15","FSA":"132","RSA":"019","SSA_1":"","SSA_2":"","ESN":24,"ECN":14,"ASSMBDISTRICT":"1","VOTINGPRCNT":"25-315","DFIRM":"02170C7290F","SPUD":null,"SUBDNUM":8016,"LEGAL":"PURPLE RAIN          LOT 2B","DOC1_DATE":"2025-12-11T00:00:00Z","DOC1_TYPE":"QUITCLAIM DEED (ALL TYPE)","DOC1_RCRD":"Palmer-Bk  Pg ","DOC2_DATE":null,"DOC2_TYPE":"","DOC2_RCRD":"","LANDUSE":"","RESUNIT":0.0,"MHUNIT":0.0,"DUPLEXUNIT":0.0,"MULTIUNIT":0.0,"GQUNIT":0.0,"MH_PK_UNIT":0.0,"BLDG_USE1":"","BLDG_USE2":"","BLDG_USE3":"","BLDG_USE4":"","BLDG_USE5":"","BLDG_USE6":"","Photo":"https://ecommerce.matsugov.us/assessment/Pages/Photos.aspx?isDLG=1&P_ID=538093","GlobalID":"{3B70618C-C720-43DD-BBCF-D9B8D99661F6}","Shape_Length":0.012561836704236683,"Shape_Area":3.4280980167772817e-06},"geometry":{"type":"MultiPolygon","coordinates":[[[[-149.06560960799996,61.650033589000031,0.0],[-149.065787617999973,61.65003351200005,0.0],[-149.06629368199998,61.650978708000082,0.0],[-149.067425506999967,61.650821521000069,0.0],[-149.070037833999976,61.653639411000029,0.0],[-149.068553431999959,61.653641685000082,0.0],[-149.068032919999979,61.652360882000039,0.0],[-149.06621734099997,61.651168683000037,0.0],[-149.06560960799996,61.650033589000031,0.0]]]]}},
{"type":"Feature","properties":{"OBJECTID":91548,"ParcelType":2,"P_ID":18529,"ACCOUNT":"18N02E10D002","TAXID_LOKI":"118N02E10D002","ACRES":18.68401429,"TAXACRE":22.0,"ORIGACRE":22.0,"FTYPE":"PARCEL","GENOWN":"PRIVATE","BUYLEASE":"N","OWNER_1":"DANIELOWSKI DYLAN & RAELYNN","NAME_2":"","MAILING_ADDRESS_LINE_A":"","MAILING_ADDRESS_LINE_B":"PO BOX 3974","MAILING_ADDRESS_CITY":"PALMER","MAILING_ADDRESS_STATE":"AK","MAILING_ADDRESS_ZIP":"99645","Buyer_Name":"","Buyer_Name_2":"","Buyer_Mailing_Address_A":"","Buyer_Mailing_Address_B":"","Buyer_Mailing_Address_City":"","Buyer_Mailing_Address_State":"","Buyer_Mailing_Address_Zip":"","MERIDIAN":"S","TWP_NUM":"18","TWP_NS":"N","RNG_NUM":"02","RNG_EW":"E","SECT_NUM":"10","GRIDNAME":"PA","GRIDNUM":"03","LANDVALUE":49300.0,"LANDASSD":49300.0,"BLDGVALUE":0.0,"BLDGASSD":0.0,"GENAREA":"3654","NBHD":"A1N10","TAXZONE":"0025","CITY":"","COMMCOUN":"15","FSA":"900","RSA":"019","SSA_1":"","SSA_2":"","ESN":24,"ECN":14,"ASSMBDISTRICT":"1","VOTINGPRCNT":"25-315","DFIRM":"02170C7290F","SPUD":null,"SUBDNUM":0,"LEGAL":"TOWNSHIP 18N RANGE 2E              SECTION 10 LOT D2","DOC1_DATE":"2021-07-01T00:00:00Z","DOC1_TYPE":"QUITCLAIM DEED (ALL TYPE)","DOC1_RCRD":"Palmer-Bk  Pg ","DOC2_DATE":"2014-08-26T00:00:00Z","DOC2_TYPE":"QUITCLAIM DEED (ALL TYPE)","DOC2_RCRD":"Palmer-Bk  Pg ","LANDUSE":"","RESUNIT":0.0,"MHUNIT":0.0,"DUPLEXUNIT":0.0,"MULTIUNIT":0.0,"GQUNIT":0.0,"MH_PK_UNIT":0.0,"BLDG_USE1":"","BLDG_USE2":"","BLDG_USE3":"","BLDG_USE4":"","BLDG_USE5":"","BLDG_USE6":"","Photo":"https://ecommerce.matsugov.us/assessment/Pages/Photos.aspx?isDLG=1&P_ID=18529","GlobalID":"{F83A8999-752B-47B0-A1B0-0CAA3507C024}","Shape_Length":0.017820927723643066,"Shape_Area":1.2809052352995583e-05},"geometry":{"type":"MultiPolygon","coordinates":[[[[-149.057562349999984,61.660868926000035,0.0],[-149.064225851999964,61.660857081000074,0.0],[-149.063038369999958,61.661756979000074,0.0],[-149.059629959999967,61.663444766000055,0.0],[-149.057601847999962,61.664443823000056,0.0],[-149.057580447999982,61.664449878000028,0.0],[-149.057562349999984,61.660868926000035,0.0]]]]}},
{"type":"Feature","properties":{"OBJECTID":92593,"ParcelType":1,"P_ID":512331,"ACCOUNT":"7001000L002","TAXID_LOKI":"57001000L002","ACRES":2.58153894,"TAXACRE":2.58,"ORIGACRE":2.58,"FTYPE":"PARCEL","GENOWN":"PRIVATE","BUYLEASE":"N","OWNER_1":"MORRELL STEVEN M & ERIN M","NAME_2":"","MAILING_ADDRESS_LINE_A":"","MAILING_ADDRESS_LINE_B":"8811  PLUNGE CREEK CIR ","MAILING_ADDRESS_CITY":"EAGLE RIVER","MAILING_ADDRESS_STATE":"AK","MAILING_ADDRESS_ZIP":"99577","Buyer_Name":"","Buyer_Name_2":"","Buyer_Mailing_Address_A":"","Buyer_Mailing_Address_B":"","Buyer_Mailing_Address_City":"","Buyer_Mailing_Address_State":"","Buyer_Mailing_Address_Zip":"","MERIDIAN":"S","TWP_NUM":"18","TWP_NS":"N","RNG_NUM":"02","RNG_EW":"E","SECT_NUM":"14","GRIDNAME":"PA","GRIDNUM":"03","LANDVALUE":34700.0,"LANDASSD":0.0,"BLDGVALUE":311100.0,"BLDGASSD":60541.0,"GENAREA":"3654","NBHD":"A1N10","TAXZONE":"0026","CITY":"","COMMCOUN":"15","FSA":"132","RSA":"019","SSA_1":"","SSA_2":"","ESN":24,"ECN":14,"ASSMBDISTRICT":"1","VOTINGPRCNT":"25-315","DFIRM":"02170C7300E","SPUD":null,"SUBDNUM":7001,"LEGAL":"KACKMAN HTS ADD NO 1             LOT 2","DOC1_DATE":"2017-04-10T00:00:00Z","DOC1_TYPE":"WARRANTY DEED (ALL TYPES)","DOC1_RCRD":"Palmer-Bk  Pg ","DOC2_DATE":"2010-11-02T00:00:00Z","DOC2_TYPE":"WARRANTY DEED (ALL TYPES)","DOC2_RCRD":"Palmer-Bk  Pg ","LANDUSE":"","RESUNIT":1.0,"MHUNIT":0.0,"DUPLEXUNIT":0.0,"MULTIUNIT":0.0,"GQUNIT":0.0,"MH_PK_UNIT":0.0,"BLDG_USE1":"1100","BLDG_USE2":"","BLDG_USE3":"","BLDG_USE4":"","BLDG_USE5":"","BLDG_USE6":"","Photo":"https://ecommerce.matsugov.us/assessment/Pages/Photos.aspx?isDLG=1&P_ID=512331","GlobalID":"{80319467-F180-4EE4-809B-A76A134FA710}","Shape_Length":0.0077798393966689444,"Shape_Area":1.7692713368574808e-06},"geometry":{"type":"MultiPolygon","coordinates":[[[[-149.057358577999963,61.652813537000043,0.0],[-149.057358102999956,61.653310925000028,0.0],[-149.053984594999974,61.653310487000056,0.0],[-149.05398471099997,61.652786144000061,0.0],[-149.05730013699997,61.652786191000075,0.0],[-149.057310140999959,61.652786655000057,0.0],[-149.057319835999976,61.652787917000069,0.0],[-149.057328942999959,61.652789941000037,0.0],[-149.057337195999963,61.652792669000064,0.0],[-149.057344359999973,61.652796022000075,0.0],[-149.057350228999979,61.652799902000083,0.0],[-149.057354630999981,61.652804199000059,0.0],[-149.057357440999965,61.652808788000073,0.0],[-149.057358577999963,61.652813537000043,0.0]]]]}},
{"type":"Feature","properties":{"OBJECTID":92594,"ParcelType":1,"P_ID":512330,"ACCOUNT":"7001000L001","TAXID_LOKI":"57001000L001","ACRES":2.90335152,"TAXACRE":2.77,"ORIGACRE":2.9,"FTYPE":"PARCEL","GENOWN":"PRIVATE","BUYLEASE":"N","OWNER_1":"TCIMPIDIS CHRISTOPHER & CHERYL","NAME_2":"","MAILING_ADDRESS_LINE_A":"","MAILING_ADDRESS_LINE_B":"6235 N WOLVERINE RD ","MAILING_ADDRESS_CITY":"PALMER","MAILING_ADDRESS_STATE":"AK","MAILING_ADDRESS_ZIP":"99645","Buyer_Name":"","Buyer_Name_2":"","Buyer_Mailing_Address_A":"","Buyer_Mailing_Address_B":"","Buyer_Mailing_Address_City":"","Buyer_Mailing_Address_State":"","Buyer_Mailing_Address_Zip":"","MERIDIAN":"S","TWP_NUM":"18","TWP_NS":"N","RNG_NUM":"02","RNG_EW":"E","SECT_NUM":"14","GRIDNAME":"PA","GRIDNUM":"03","LANDVALUE":37300.0,"LANDASSD":37300.0,"BLDGVALUE":0.0,"BLDGASSD":0.0,"GENAREA":"3654","NBHD":"A1N10","TAXZONE":"0026","CITY":"","COMMCOUN":"15","FSA":"132","RSA":"019","SSA_1":"","SSA_2":"","ESN":24,"ECN":14,"ASSMBDISTRICT":"1","VOTINGPRCNT":"25-315","DFIRM":"02170C7300E","SPUD":null,"SUBDNUM":7001,"LEGAL":"KACKMAN HTS ADD NO 1             LOT 1","DOC1_DATE":"2022-01-24T00:00:00Z","DOC1_TYPE":"WARRANTY DEED (ALL TYPES)","DOC1_RCRD":"Palmer-Bk  Pg ","DOC2_DATE":"2020-08-03T00:00:00Z","DOC2_TYPE":"WARRANTY DEED (ALL TYPES)","DOC2_RCRD":"Palmer-Bk  Pg ","LANDUSE":"","RESUNIT":0.0,"MHUNIT":0.0,"DUPLEXUNIT":0.0,"MULTIUNIT":0.0,"GQUNIT":0.0,"MH_PK_UNIT":0.0,"BLDG_USE1":"","BLDG_USE2":"","BLDG_USE3":"","BLDG_USE4":"","BLDG_USE5":"","BLDG_USE6":"","Photo":"https://ecommerce.matsugov.us/assessment/Pages/Photos.aspx?isDLG=1&P_ID=512330","GlobalID":"{C0E89C84-7603-4935-94DB-8D0853A09F4E}","Shape_Length":0.012998596066953598,"Shape_Area":1.9898975891900888e-06},"geometry":{"type":"MultiPolygon","coordinates":[[[[-149.051998543999957,61.652649318000044,0.0],[-149.057358733999962,61.652649433000079,0.0],[-149.057358577999963,61.652813537000043,0.0],[-149.057357440999965,61.652808788000073,0.0],[-149.057354630999981,61.652804199000059,0.0],[-149.057350228999979,61.652799902000083,0.0],[-149.057344359999973,61.652796022000075,0.0],[-149.057337195999963,61.652792669000064,0.0],[-149.057328942999959,61.652789941000037,0.0],[-149.057319835999976,61.652787917000069,0.0],[-149.057310140999959,61.652786655000057,0.0],[-149.05730013699997,61.652786191000075,0.0],[-149.05398471099997,61.652786144000061,0.0],[-149.053984594999974,61.653310487000056,0.0],[-149.051347120999964,61.653310089000058,0.0],[-149.051998543999957,61.652649318000044,0.0]]]]}},
{"type":"Feature","properties":{"OBJECTID":92688,"ParcelType":2,"P_ID":41881,"ACCOUNT":"18N02E15A006","TAXID_LOKI":"118N02E15A006","ACRES":26.92543808,"TAXACRE":29.66,"ORIGACRE":29.66,"FTYPE":"PARCEL","GENOWN":"PRIVATE","BUYLEASE":"N","OWNER_1":"ERICKSON TRAVIS","NAME_2":"","MAILING_ADDRESS_LINE_A":"","MAILING_ADDRESS_LINE_B":"15241 E LAZY LADY LN ","MAILING_ADDRESS_CITY":"PALMER","MAILING_ADDRESS_STATE":"AK","MAILING_ADDRESS_ZIP":"99645","Buyer_Name":"","Buyer_Name_2":"","Buyer_Mailing_Address_A":"","Buyer_Mailing_Address_B":"","Buyer_Mailing_Address_City":"","Buyer_Mailing_Address_State":"","Buyer_Mailing_Address_Zip":"","MERIDIAN":"S","TWP_NUM":"18","TWP_NS":"N","RNG_NUM":"02","RNG_EW":"E","SECT_NUM":"15","GRIDNAME":"PA","GRIDNUM":"03","LANDVALUE":78800.0,"LANDASSD":78800.0,"BLDGVALUE":0.0,"BLDGASSD":0.0,"GENAREA":"3654","NBHD":"A1N10","TAXZONE":"0025","CITY":"","COMMCOUN":"15","FSA":"","RSA":"019","SSA_1":"","SSA_2":"","ESN":23,"ECN":14,"ASSMBDISTRICT":"1","VOTINGPRCNT":"25-315","DFIRM":"02170C7290F","SPUD":null,"SUBDNUM":0,"LEGAL":"TOWNSHIP 18N RANGE 2E              SECTION 15 LOT A6","DOC1_DATE":"2022-03-18T00:00:00Z","DOC1_TYPE":"WARRANTY DEED (ALL TYPES)","DOC1_RCRD":"Palmer-Bk  Pg ","DOC2_DATE":"2004-03-08T00:00:00Z","DOC2_TYPE":"QUITCLAIM DEED (ALL TYPE)","DOC2_RCRD":"Palmer-Bk  Pg 0","LANDUSE":"","RESUNIT":0.0,"MHUNIT":0.0,"DUPLEXUNIT":0.0,"MULTIUNIT":0.0,"GQUNIT":0.0,"MH_PK_UNIT":0.0,"BLDG_USE1":"","BLDG_USE2":"","BLDG_USE3":"","BLDG_USE4":"","BLDG_USE5":"","BLDG_USE6":"","Photo":"https://ecommerce.matsugov.us/assessment/Pages/Photos.aspx?isDLG=1&P_ID=41881","GlobalID":"{371E3469-2749-4B53-959E-7FD089000C9E}","Shape_Length":0.019669124022961251,"Shape_Area":1.8454546761885967e-05},"geometry":{"type":"MultiPolygon","coordinates":[[[[-149.070037833999976,61.653639411000029,0.0],[-149.072556868999982,61.653645365000045,0.0],[-149.068262117999978,61.657049267000048,0.0],[-149.068261997999969,61.657049389000065,0.0],[-149.068135172999973,61.657238668000048,0.0],[-149.068073096999967,61.657238851000045,0.0],[-149.068039776999967,61.657238950000078,0.0],[-149.065184582999962,61.657247348000055,0.0],[-149.065184371999976,61.657247348000055,0.0],[-149.065147389999964,61.653646825000067,0.0],[-149.066901899999976,61.653644194000037,0.0],[-149.068553431999959,61.653641685000082,0.0],[-149.070037833999976,61.653639411000029,0.0]]]]}},
{"type":"Feature","properties":{"OBJECTID":92689,"ParcelType":2,"P_ID":5892,"ACCOUNT":"18N02E14B003","TAXID_LOKI":"118N02E14B003","ACRES":59.85270678,"TAXACRE":54.48,"ORIGACRE":54.48,"FTYPE":"PARCEL","GENOWN":"PRIVATE","BUYLEASE":"N","OWNER_1":"R D FARM LIVING TR","NAME_2":"","MAILING_ADDRESS_LINE_A":"","MAILING_ADDRESS_LINE_B":"6505 N WOLVERINE RD","MAILING_ADDRESS_CITY":"PALMER","MAILING_ADDRESS_STATE":"AK","MAILING_ADDRESS_ZIP":"99645","Buyer_Name":"","Buyer_Name_2":"","Buyer_Mailing_Address_A":"","Buyer_Mailing_Address_B":"","Buyer_Mailing_Address_City":"","Buyer_Mailing_Address_State":"","Buyer_Mailing_Address_Zip":"","MERIDIAN":"S","TWP_NUM":"18","TWP_NS":"N","RNG_NUM":"02","RNG_EW":"E","SECT_NUM":"14","GRIDNAME":"PA","GRIDNUM":"03","LANDVALUE":191700.0,"LANDASSD":191700.0,"BLDGVALUE":168500.0,"BLDGASSD":168500.0,"GENAREA":"3654","NBHD":"A1N10","TAXZONE":"0026","CITY":"","COMMCOUN":"15","FSA":"132","RSA":"019","SSA_1":"","SSA_2":"","ESN":24,"ECN":14,"ASSMBDISTRICT":"1","VOTINGPRCNT":"25-315","DFIRM":"02170C7300E","SPUD":null,"SUBDNUM":0,"LEGAL":"TOWNSHIP 18N RANGE 2E              SECTION 14 LOT B3","DOC1_DATE":"2006-02-14T00:00:00Z","DOC1_TYPE":"QUITCLAIM DEED (ALL TYPE)","DOC1_RCRD":"Palmer-Bk  Pg 0","DOC2_DATE":"2005-11-17T00:00:00Z","DOC2_TYPE":"QUITCLAIM DEED (ALL TYPE)","DOC2_RCRD":"Palmer-Bk  Pg 0","LANDUSE":"","RESUNIT":1.0,"MHUNIT":0.0,"DUPLEXUNIT":0.0,"MULTIUNIT":0.0,"GQUNIT":0.0,"MH_PK_UNIT":0.0,"BLDG_USE1":"1100","BLDG_USE2":"8100","BLDG_USE3":"","BLDG_USE4":"","BLDG_USE5":"","BLDG_USE6":"","Photo":"https://ecommerce.matsugov.us/assessment/Pages/Photos.aspx?isDLG=1&P_ID=5892","GlobalID":"{BFDAFF75-56F1-4D85-888F-2A4885C9163D}","Shape_Length":0.029953060050360112,"Shape_Area":4.1023699419356934e-05},"geometry":{"type":"MultiPolygon","coordinates":[[[[-149.049954645999975,61.653646945000048,0.0],[-149.057547601999971,61.653649330000064,0.0],[-149.057544158999974,61.657269527000039,0.0],[-149.050263202999957,61.657252625000069,0.0],[-149.050262511999961,61.657252623000034,0.0],[-149.046189699999957,61.657243,0.0],[-149.046180453999966,61.657242978000056,0.0],[-149.046176031999977,61.653645426000082,0.0],[-149.047879019999982,61.653646124000034,0.0],[-149.049954645999975,61.653646945000048,0.0]]]]}},
{"type":"Feature","properties":{"OBJECTID":92690,"ParcelType":2,"P_ID":35612,"ACCOUNT":"18N02E14A002","TAXID_LOKI":"118N02E14A002","ACRES":18.9397185,"TAXACRE":18.38,"ORIGACRE":18.38,"FTYPE":"PARCEL","GENOWN":"PRIVATE","BUYLEASE":"N","OWNER_1":"ROWLAND NANCY A","NAME_2":"ROWLAND KEITH & LAURIE","MAILING_ADDRESS_LINE_A":"","MAILING_ADDRESS_LINE_B":"PO BOX MXY","MAILING_ADDRESS_CITY":"GLENNALLEN","MAILING_ADDRESS_STATE":"AK","MAILING_ADDRESS_ZIP":"99588","Buyer_Name":"","Buyer_Name_2":"","Buyer_Mailing_Address_A":"","Buyer_Mailing_Address_B":"","Buyer_Mailing_Address_City":"","Buyer_Mailing_Address_State":"","Buyer_Mailing_Address_Zip":"","MERIDIAN":"S","TWP_NUM":"18","TWP_NS":"N","RNG_NUM":"02","RNG_EW":"E","SECT_NUM":"14","GRIDNAME":"PA","GRIDNUM":"03","LANDVALUE":41200.0,"LANDASSD":41200.0,"BLDGVALUE":0.0,"BLDGASSD":0.0,"GENAREA":"3654","NBHD":"A1N10","TAXZONE":"0026","CITY":"","COMMCOUN":"15","FSA":"132","RSA":"019","SSA_1":"","SSA_2":"","ESN":24,"ECN":14,"ASSMBDISTRICT":"1","VOTINGPRCNT":"25-315","DFIRM":"02170C7300E","SPUD":null,"SUBDNUM":0,"LEGAL":"TOWNSHIP 18N RANGE 2E              SECTION 14 LOT A2","DOC1_DATE":"2019-05-14T00:00:00Z","DOC1_TYPE":"WARRANTY DEED (ALL TYPES)","DOC1_RCRD":"Palmer-Bk  Pg ","DOC2_DATE":"2018-06-06T00:00:00Z","DOC2_TYPE":"WARRANTY DEED (ALL TYPES)","DOC2_RCRD":"Palmer-Bk  Pg ","LANDUSE":"","RESUNIT":0.0,"MHUNIT":0.0,"DUPLEXUNIT":0.0,"MULTIUNIT":0.0,"GQUNIT":0.0,"MH_PK_UNIT":0.0,"BLDG_USE1":"","BLDG_USE2":"","BLDG_USE3":"","BLDG_USE4":"","BLDG_USE5":"","BLDG_USE6":"","Photo":"https://ecommerce.matsugov.us/assessment/Pages/Photos.aspx?isDLG=1&P_ID=35612","GlobalID":"{778E134A-B77F-4D60-91E6-63861B1800E4}","Shape_Length":0.02048747223334587,"Shape_Area":1.2981614631791604e-05},"geometry":{"type":"MultiPolygon","coordinates":[[[[-149.027191113999976,61.657196507000037,0.0],[-149.027189603999972,61.655403187000047,0.0],[-149.027189599999957,61.655399292000027,0.0],[-149.032092966999983,61.655398109000032,0.0],[-149.032093787999969,61.655593171000078,0.0],[-149.032722011999965,61.655592780000063,0.0],[-149.032822684999957,61.655662254000049,0.0],[-149.032805388999975,61.655750562000037,0.0],[-149.032801413999977,61.655839231000073,0.0],[-149.032810782999974,61.655927808000058,0.0],[-149.032833447999963,61.656015841000055,0.0],[-149.032869288999962,61.65610287800007,0.0],[-149.032918127999977,61.656188474000032,0.0],[-149.032979710999967,61.656272190000038,0.0],[-149.033053724999974,61.656353599000056,0.0],[-149.033199116999981,61.656320275000041,0.0],[-149.033510225999976,61.656248966000078,0.0],[-149.033571859999967,61.656234837000056,0.0],[-149.033504384999958,61.656159052000078,0.0],[-149.033450710999972,61.656080813000074,0.0],[-149.033411227999977,61.656000687000073,0.0],[-149.033386220999972,61.655919254000082,0.0],[-149.033375870999976,61.655837105000046,0.0],[-149.033380254999969,61.655754835000039,0.0],[-149.033399337999981,61.655673040000067,0.0],[-149.033432984999962,61.655592313000056,0.0],[-149.033692090999978,61.655592138000031,0.0],[-149.033955310999971,61.655397945000061,0.0],[-149.034147678999972,61.655397882000045,0.0],[-149.034781605999967,61.655397673000039,0.0],[-149.034788572999958,61.65539767000007,0.0],[-149.034790734999973,61.657215421000046,0.0],[-149.03479053999996,61.657215420000057,0.0],[-149.034790158999982,61.657215419000067,0.0],[-149.034729017999979,61.657215268000073,0.0],[-149.027191113999976,61.657196507000037,0.0]]]]}},
{"type":"Feature","properties":{"OBJECTID":92691,"ParcelType":2,"P_ID":56553,"ACCOUNT":"18N02E14B001","TAXID_LOKI":"118N02E14B001","ACRES":19.92573022,"TAXACRE":19.97,"ORIGACRE":19.97,"FTYPE":"PARCEL","GENOWN":"PRIVATE","BUYLEASE":"N","OWNER_1":"ROWLAND NANCY A REV TR","NAME_2":"","MAILING_ADDRESS_LINE_A":"","MAILING_ADDRESS_LINE_B":"PO BOX 393","MAILING_ADDRESS_CITY":"UNALASKA","MAILING_ADDRESS_STATE":"AK","MAILING_ADDRESS_ZIP":"99685","Buyer_Name":"","Buyer_Name_2":"","Buyer_Mailing_Address_A":"","Buyer_Mailing_Address_B":"","Buyer_Mailing_Address_City":"","Buyer_Mailing_Address_State":"","Buyer_Mailing_Address_Zip":"","MERIDIAN":"S","TWP_NUM":"18","TWP_NS":"N","RNG_NUM":"02","RNG_EW":"E","SECT_NUM":"14","GRIDNAME":"PA","GRIDNUM":"03","LANDVALUE":119400.0,"LANDASSD":119400.0,"BLDGVALUE":110900.0,"BLDGASSD":110900.0,"GENAREA":"3654","NBHD":"A1N10","TAXZONE":"0026","CITY":"","COMMCOUN":"15","FSA":"132","RSA":"019","SSA_1":"","SSA_2":"","ESN":24,"ECN":14,"ASSMBDISTRICT":"1","VOTINGPRCNT":"25-315","DFIRM":"02170C7300E","SPUD":null,"SUBDNUM":0,"LEGAL":"TOWNSHIP 18N RANGE 2E              SECTION 14 LOT B1","DOC1_DATE":"2018-04-12T00:00:00Z","DOC1_TYPE":"","DOC1_RCRD":"Palmer-Bk  Pg ","DOC2_DATE":"2018-04-12T00:00:00Z","DOC2_TYPE":"QUITCLAIM DEED (ALL TYPE)","DOC2_RCRD":"Palmer-Bk  Pg ","LANDUSE":"","RESUNIT":1.0,"MHUNIT":0.0,"DUPLEXUNIT":0.0,"MULTIUNIT":0.0,"GQUNIT":0.0,"MH_PK_UNIT":0.0,"BLDG_USE1":"1100","BLDG_USE2":"1110","BLDG_USE3":"","BLDG_USE4":"","BLDG_USE5":"","BLDG_USE6":"","Photo":"https://ecommerce.matsugov.us/assessment/Pages/Photos.aspx?isDLG=1&P_ID=56553","GlobalID":"{090AAF94-AE11-42B3-A9D7-3C1E57FC779E}","Shape_Length":0.014799838181613366,"Shape_Area":1.3657278953209019e-05},"geometry":{"type":"MultiPolygon","coordinates":[[[[-149.045332749999972,61.653645074000053,0.0],[-149.046176031999977,61.653645426000082,0.0],[-149.046180453999966,61.657242978000056,0.0],[-149.04238997799996,61.657233912000038,0.0],[-149.04238370799996,61.657233897000083,0.0],[-149.042386739999984,61.656503355000041,0.0],[-149.042383964999971,61.655662432000042,0.0],[-149.042360758999962,61.653643788000068,0.0],[-149.045332749999972,61.653645074000053,0.0]]]]}},
{"type":"Feature","properties":{"OBJECTID":92692,"ParcelType":2,"P_ID":12060,"ACCOUNT":"18N02E15A002","TAXID_LOKI":"118N02E15A002","ACRES":40.13813126,"TAXACRE":39.0,"ORIGACRE":39.0,"FTYPE":"PARCEL","GENOWN":"PRIVATE","BUYLEASE":"N","OWNER_1":"R D FARM LIVING TR","NAME_2":"","MAILING_ADDRESS_LINE_A":"","MAILING_ADDRESS_LINE_B":"6505 N WOLVERINE RD","MAILING_ADDRESS_CITY":"PALMER","MAILING_ADDRESS_STATE":"AK","MAILING_ADDRESS_ZIP":"99645","Buyer_Name":"","Buyer_Name_2":"","Buyer_Mailing_Address_A":"","Buyer_Mailing_Address_B":"","Buyer_Mailing_Address_City":"","Buyer_Mailing_Address_State":"","Buyer_Mailing_Address_Zip":"","MERIDIAN":"S","TWP_NUM":"18","TWP_NS":"N","RNG_NUM":"02","RNG_EW":"E","SECT_NUM":"15","GRIDNAME":"PA","GRIDNUM":"03","LANDVALUE":86400.0,"LANDASSD":86400.0,"BLDGVALUE":0.0,"BLDGASSD":0.0,"GENAREA":"3654","NBHD":"A1N10","TAXZONE":"0025","CITY":"","COMMCOUN":"15","FSA":"900","RSA":"019","SSA_1":"","SSA_2":"","ESN":24,"ECN":14,"ASSMBDISTRICT":"1","VOTINGPRCNT":"25-315","DFIRM":"02170C7290F","SPUD":null,"SUBDNUM":0,"LEGAL":"TOWNSHIP 18N RANGE 2E              SECTION 15 LOT A2","DOC1_DATE":"2006-02-14T00:00:00Z","DOC1_TYPE":"QUITCLAIM DEED (ALL TYPE)","DOC1_RCRD":"Palmer-Bk  Pg 0","DOC2_DATE":"2005-11-17T00:00:00Z","DOC2_TYPE":"QUITCLAIM DEED (ALL TYPE)","DOC2_RCRD":"Palmer-Bk  Pg 0","LANDUSE":"","RESUNIT":0.0,"MHUNIT":0.0,"DUPLEXUNIT":0.0,"MULTIUNIT":0.0,"GQUNIT":0.0,"MH_PK_UNIT":0.0,"BLDG_USE1":"","BLDG_USE2":"","BLDG_USE3":"","BLDG_USE4":"","BLDG_USE5":"","BLDG_USE6":"","Photo":"https://ecommerce.matsugov.us/assessment/Pages/Photos.aspx?isDLG=1&P_ID=12060","GlobalID":"{E1AF1072-03F0-49DE-8F6D-8DCF33844A4C}","Shape_Length":0.022460945163450943,"Shape_Area":2.75111223334157e-05},"geometry":{"type":"MultiPolygon","coordinates":[[[[-149.057835211999958,61.653649243000075,0.0],[-149.065147389999964,61.653646825000067,0.0],[-149.065184371999976,61.657247348000055,0.0],[-149.057544158999974,61.657269527000039,0.0],[-149.057547601999971,61.653649330000064,0.0],[-149.057835211999958,61.653649243000075,0.0]]]]}},
{"type":"Feature","properties":{"OBJECTID":92693,"ParcelType":2,"P_ID":81818,"ACCOUNT":"18N02E14A003","TAXID_LOKI":"118N02E14A003","ACRES":12.61272843,"TAXACRE":9.25,"ORIGACRE":12.5,"FTYPE":"PARCEL","GENOWN":"PRIVATE","BUYLEASE":"N","OWNER_1":"SEEMANN EST PRESERVTN TR","NAME_2":"","MAILING_ADDRESS_LINE_A":"% COLLEEN JOHANSEN","MAILING_ADDRESS_LINE_B":"2021 E 66TH AVE","MAILING_ADDRESS_CITY":"ANCHORAGE","MAILING_ADDRESS_STATE":"AK","MAILING_ADDRESS_ZIP":"99507-2103","Buyer_Name":"","Buyer_Name_2":"","Buyer_Mailing_Address_A":"","Buyer_Mailing_Address_B":"","Buyer_Mailing_Address_City":"","Buyer_Mailing_Address_State":"","Buyer_Mailing_Address_Zip":"","MERIDIAN":"S","TWP_NUM":"18","TWP_NS":"N","RNG_NUM":"02","RNG_EW":"E","SECT_NUM":"14","GRIDNAME":"PA","GRIDNUM":"03","LANDVALUE":16800.0,"LANDASSD":3237.0,"BLDGVALUE":0.0,"BLDGASSD":0.0,"GENAREA":"3654","NBHD":"A1N10","TAXZONE":"0026","CITY":"","COMMCOUN":"15","FSA":"132","RSA":"019","SSA_1":"","SSA_2":"","ESN":24,"ECN":14,"ASSMBDISTRICT":"1","VOTINGPRCNT":"25-315","DFIRM":"02170C7300E","SPUD":null,"SUBDNUM":0,"LEGAL":"TOWNSHIP 18N RANGE 2E              SECTION 14 LOT A3","DOC1_DATE":"1954-06-16T00:00:00Z","DOC1_TYPE":"Patent","DOC1_RCRD":"Palmer-Bk 46 Pg 19","DOC2_DATE":"1998-03-10T00:00:00Z","DOC2_TYPE":"WARRANTY DEED (ALL TYPES)","DOC2_RCRD":"Palmer-Bk 937 Pg 587","LANDUSE":"","RESUNIT":0.0,"MHUNIT":0.0,"DUPLEXUNIT":0.0,"MULTIUNIT":0.0,"GQUNIT":0.0,"MH_PK_UNIT":0.0,"BLDG_USE1":"","BLDG_USE2":"","BLDG_USE3":"","BLDG_USE4":"","BLDG_USE5":"","BLDG_USE6":"","Photo":"https://ecommerce.matsugov.us/assessment/Pages/Photos.aspx?isDLG=1&P_ID=81818","GlobalID":"{5B49B527-B069-417B-BB08-2F17675EBF5C}","Shape_Length":0.015040973896905879,"Shape_Area":8.6451493027732419e-06},"geometry":{"type":"MultiPolygon","coordinates":[[[[-149.034790734999973,61.657215421000046,0.0],[-149.034788572999958,61.65539767000007,0.0],[-149.038585239999975,61.655395308000038,0.0],[-149.038586357999975,61.656319789000065,0.0],[-149.04048475099998,61.656320256000072,0.0],[-149.040485335999961,61.657229317000031,0.0],[-149.036680689999969,61.657220059000053,0.0],[-149.03661441099996,61.657219897000061,0.0],[-149.034790734999973,61.657215421000046,0.0]]]]}},
{"type":"Feature","properties":{"OBJECTID":92694,"ParcelType":2,"P_ID":21605,"ACCOUNT":"18N02E13B007","TAXID_LOKI":"118N02E13B007","ACRES":4.76624121,"TAXACRE":4.81,"ORIGACRE":5.0,"FTYPE":"PARCEL","GENOWN":"PRIVATE","BUYLEASE":"N","OWNER_1":"LINDSAY DOUGLAS M","NAME_2":"LINDSAY-HUDGINS DEBRA","MAILING_ADDRESS_LINE_A":"","MAILING_ADDRESS_LINE_B":"PO BOX 3370","MAILING_ADDRESS_CITY":"PALMER","MAILING_ADDRESS_STATE":"AK","MAILING_ADDRESS_ZIP":"99645-3370","Buyer_Name":"","Buyer_Name_2":"","Buyer_Mailing_Address_A":"","Buyer_Mailing_Address_B":"","Buyer_Mailing_Address_City":"","Buyer_Mailing_Address_State":"","Buyer_Mailing_Address_Zip":"","MERIDIAN":"S","TWP_NUM":"18","TWP_NS":"N","RNG_NUM":"02","RNG_EW":"E","SECT_NUM":"14","GRIDNAME":"PA","GRIDNUM":"03","LANDVALUE":56900.0,"LANDASSD":56900.0,"BLDGVALUE":491500.0,"BLDGASSD":491500.0,"GENAREA":"3654","NBHD":"A1N10","TAXZONE":"0026","CITY":"","COMMCOUN":"15","FSA":"132","RSA":"019","SSA_1":"","SSA_2":"","ESN":24,"ECN":14,"ASSMBDISTRICT":"1","VOTINGPRCNT":"25-315","DFIRM":"02170C7300E","SPUD":null,"SUBDNUM":0,"LEGAL":"TOWNSHIP 18N RANGE 2E              SECTION 13 LOT B7","DOC1_DATE":"2013-10-09T00:00:00Z","DOC1_TYPE":"WARRANTY DEED (ALL TYPES)","DOC1_RCRD":"Palmer-Bk  Pg ","DOC2_DATE":"2009-05-28T00:00:00Z","DOC2_TYPE":"WARRANTY DEED (ALL TYPES)","DOC2_RCRD":"Palmer-Bk  Pg ","LANDUSE":"","RESUNIT":1.0,"MHUNIT":0.0,"DUPLEXUNIT":0.0,"MULTIUNIT":0.0,"GQUNIT":0.0,"MH_PK_UNIT":0.0,"BLDG_USE1":"1100","BLDG_USE2":"1110","BLDG_USE3":"","BLDG_USE4":"","BLDG_USE5":"","BLDG_USE6":"","Photo":"https://ecommerce.matsugov.us/assessment/Pages/Photos.aspx?isDLG=1&P_ID=21605","GlobalID":"{450AD5DD-C5C4-4D53-A032-729B26AECB40}","Shape_Length":0.0072300296936427359,"Shape_Area":3.2669116489221939e-06},"geometry":{"type":"MultiPolygon","coordinates":[[[[-149.025375766999957,61.655403183000033,0.0],[-149.027189599999957,61.655399292000027,0.0],[-149.027189603999972,61.655403187000047,0.0],[-149.027191113999976,61.657196507000037,0.0],[-149.025366571999967,61.657197594000081,0.0],[-149.025375766999957,61.655403183000033,0.0]]]]}},
{"type":"Feature","properties":{"OBJECTID":92695,"ParcelType":2,"P_ID":83695,"ACCOUNT":"18N02E10D001","TAXID_LOKI":"118N02E10D001","ACRES":45.45381802,"TAXACRE":53.0,"ORIGACRE":53.0,"FTYPE":"PARCEL","GENOWN":"PRIVATE","BUYLEASE":"N","OWNER_1":"DANIELOWSKI DYLAN & RAELYNN","NAME_2":"","MAILING_ADDRESS_LINE_A":"","MAILING_ADDRESS_LINE_B":"PO BOX 3974","MAILING_ADDRESS_CITY":"PALMER","MAILING_ADDRESS_STATE":"AK","MAILING_ADDRESS_ZIP":"99645","Buyer_Name":"","Buyer_Name_2":"","Buyer_Mailing_Address_A":"","Buyer_Mailing_Address_B":"","Buyer_Mailing_Address_City":"","Buyer_Mailing_Address_State":"","Buyer_Mailing_Address_Zip":"","MERIDIAN":"S","TWP_NUM":"18","TWP_NS":"N","RNG_NUM":"02","RNG_EW":"E","SECT_NUM":"10","GRIDNAME":"PA","GRIDNUM":"03","LANDVALUE":88700.0,"LANDASSD":88700.0,"BLDGVALUE":0.0,"BLDGASSD":0.0,"GENAREA":"3654","NBHD":"A1N10","TAXZONE":"0025","CITY":"","COMMCOUN":"15","FSA":"900","RSA":"019","SSA_1":"","SSA_2":"","ESN":24,"ECN":14,"ASSMBDISTRICT":"1","VOTINGPRCNT":"25-315","DFIRM":"02170C7290F","SPUD":null,"SUBDNUM":0,"LEGAL":"TOWNSHIP 18N RANGE 2E              SECTION 10 LOT D1","DOC1_DATE":"2021-07-01T00:00:00Z","DOC1_TYPE":"QUITCLAIM DEED (ALL TYPE)","DOC1_RCRD":"Palmer-Bk  Pg ","DOC2_DATE":"2014-08-26T00:00:00Z","DOC2_TYPE":"QUITCLAIM DEED (ALL TYPE)","DOC2_RCRD":"Palmer-Bk  Pg ","LANDUSE":"","RESUNIT":0.0,"MHUNIT":0.0,"DUPLEXUNIT":0.0,"MULTIUNIT":0.0,"GQUNIT":0.0,"MH_PK_UNIT":0.0,"BLDG_USE1":"","BLDG_USE2":"","BLDG_USE3":"","BLDG_USE4":"","BLDG_USE5":"","BLDG_USE6":"","Photo":"https://ecommerce.matsugov.us/assessment/Pages/Photos.aspx?isDLG=1&P_ID=83695","GlobalID":"{1278FD37-9CB0-4A34-B14B-30A119ADD48A}","Shape_Length":0.026021519545102217,"Shape_Area":3.1157988954021736e-05},"geometry":{"type":"MultiPolygon","coordinates":[[[[-149.065184582999962,61.657247348000055,0.0],[-149.068039776999967,61.657238950000078,0.0],[-149.064888059999959,61.660353174000079,0.0],[-149.064225851999964,61.660857081000074,0.0],[-149.057562349999984,61.660868926000035,0.0],[-149.057544158999974,61.657269527000039,0.0],[-149.065184371999976,61.657247348000055,0.0],[-149.065184582999962,61.657247348000055,0.0]]]]}},
{"type":"Feature","properties":{"OBJECTID":92696,"ParcelType":2,"P_ID":18940,"ACCOUNT":"18N02E11C003","TAXID_LOKI":"118N02E11C003","ACRES":38.40728107,"TAXACRE":38.82,"ORIGACRE":38.82,"FTYPE":"PARCEL","GENOWN":"PRIVATE","BUYLEASE":"N","OWNER_1":"DANIELOWSKI DYLAN & RAELYNN","NAME_2":"","MAILING_ADDRESS_LINE_A":"","MAILING_ADDRESS_LINE_B":"PO BOX 3974","MAILING_ADDRESS_CITY":"PALMER","MAILING_ADDRESS_STATE":"AK","MAILING_ADDRESS_ZIP":"99645","Buyer_Name":"","Buyer_Name_2":"","Buyer_Mailing_Address_A":"","Buyer_Mailing_Address_B":"","Buyer_Mailing_Address_City":"","Buyer_Mailing_Address_State":"","Buyer_Mailing_Address_Zip":"","MERIDIAN":"S","TWP_NUM":"18","TWP_NS":"N","RNG_NUM":"02","RNG_EW":"E","SECT_NUM":"11","GRIDNAME":"PA","GRIDNUM":"03","LANDVALUE":19400.0,"LANDASSD":19400.0,"BLDGVALUE":423800.0,"BLDGASSD":423800.0,"GENAREA":"3654","NBHD":"AG_LAND","TAXZONE":"0026","CITY":"","COMMCOUN":"15","FSA":"132","RSA":"019","SSA_1":"","SSA_2":"","ESN":24,"ECN":14,"ASSMBDISTRICT":"1","VOTINGPRCNT":"25-315","DFIRM":"02170C7300E","SPUD":null,"SUBDNUM":0,"LEGAL":"TOWNSHIP 18N RANGE 2E              SECTION 11 LOT C3","DOC1_DATE":"2021-07-01T00:00:00Z","DOC1_TYPE":"QUITCLAIM DEED (ALL TYPE)","DOC1_RCRD":"Palmer-Bk  Pg ","DOC2_DATE":"2014-08-26T00:00:00Z","DOC2_TYPE":"QUITCLAIM DEED (ALL TYPE)","DOC2_RCRD":"Palmer-Bk  Pg ","LANDUSE":"","RESUNIT":1.0,"MHUNIT":0.0,"DUPLEXUNIT":0.0,"MULTIUNIT":0.0,"GQUNIT":0.0,"MH_PK_UNIT":0.0,"BLDG_USE1":"1100","BLDG_USE2":"","BLDG_USE3":"","BLDG_USE4":"","BLDG_USE5":"","BLDG_USE6":"","Photo":"https://ecommerce.matsugov.us/assessment/Pages/Photos.aspx?isDLG=1&P_ID=18940","GlobalID":"{DBAB2650-8136-4050-86C8-BCC4D4C72D96}","Shape_Length":0.021814723462679469,"Shape_Area":2.6327838620669643e-05},"geometry":{"type":"MultiPolygon","coordinates":[[[[-149.050263202999957,61.657252625000069,0.0],[-149.057544158999974,61.657269527000039,0.0],[-149.057562349999984,61.660868926000035,0.0],[-149.050241050999972,61.660864871000058,0.0],[-149.050262511999961,61.657252623000034,0.0],[-149.050263202999957,61.657252625000069,0.0]]]]}},
{"type":"Feature","properties":{"OBJECTID":92697,"ParcelType":2,"P_ID":40757,"ACCOUNT":"18N02E11A008","TAXID_LOKI":"118N02E11A008","ACRES":243.93149875,"TAXACRE":241.32,"ORIGACRE":241.32,"FTYPE":"PARCEL","GENOWN":"PRIVATE","BUYLEASE":"N","OWNER_1":"WOLVERINE FARM TR","NAME_2":"","MAILING_ADDRESS_LINE_A":"","MAILING_ADDRESS_LINE_B":"6505 N WOLVERINE RD ","MAILING_ADDRESS_CITY":"PALMER","MAILING_ADDRESS_STATE":"AK","MAILING_ADDRESS_ZIP":"99645","Buyer_Name":"","Buyer_Name_2":"","Buyer_Mailing_Address_A":"","Buyer_Mailing_Address_B":"","Buyer_Mailing_Address_City":"","Buyer_Mailing_Address_State":"","Buyer_Mailing_Address_Zip":"","MERIDIAN":"S","TWP_NUM":"18","TWP_NS":"N","RNG_NUM":"02","RNG_EW":"E","SECT_NUM":"14","GRIDNAME":"PA","GRIDNUM":"03","LANDVALUE":359700.0,"LANDASSD":84462.0,"BLDGVALUE":32100.0,"BLDGASSD":32100.0,"GENAREA":"3654","NBHD":"A1N10","TAXZONE":"0026","CITY":"","COMMCOUN":"15","FSA":"132","RSA":"019","SSA_1":"","SSA_2":"","ESN":24,"ECN":14,"ASSMBDISTRICT":"1","VOTINGPRCNT":"25-315","DFIRM":"02170C7300E","SPUD":null,"SUBDNUM":0,"LEGAL":"TOWNSHIP 18N RANGE 2E              SECTION 11 LOT A8","DOC1_DATE":"2009-09-30T00:00:00Z","DOC1_TYPE":"QUITCLAIM DEED (ALL TYPE)","DOC1_RCRD":"Palmer-Bk  Pg ","DOC2_DATE":"1993-07-06T00:00:00Z","DOC2_TYPE":"QUITCLAIM DEED (ALL TYPE)","DOC2_RCRD":"Palmer-Bk 722 Pg 629","LANDUSE":"","RESUNIT":2.0,"MHUNIT":0.0,"DUPLEXUNIT":0.0,"MULTIUNIT":0.0,"GQUNIT":0.0,"MH_PK_UNIT":0.0,"BLDG_USE1":"1100","BLDG_USE2":"8100","BLDG_USE3":"","BLDG_USE4":"","BLDG_USE5":"","BLDG_USE6":"","Photo":"https://ecommerce.matsugov.us/assessment/Pages/Photos.aspx?isDLG=1&P_ID=40757","GlobalID":"{63BC51EE-0FD9-4602-BFB8-A6FB81764D2C}","Shape_Length":0.086636459810492117,"Shape_Area":0.00016722678110711833},"geometry":{"type":"MultiPolygon","coordinates":[[[[-149.027197212999965,61.664445966000073,0.0],[-149.027191236999982,61.657340864000048,0.0],[-149.027191113999976,61.657196507000037,0.0],[-149.034729017999979,61.657215268000073,0.0],[-149.034790158999982,61.657215419000067,0.0],[-149.03479053999996,61.657215420000057,0.0],[-149.034790734999973,61.657215421000046,0.0],[-149.03661441099996,61.657219897000061,0.0],[-149.036605487999964,61.658081505000041,0.0],[-149.038043724999966,61.658085017000076,0.0],[-149.038037090999978,61.658700451000072,0.0],[-149.039532886999979,61.658704088000036,0.0],[-149.039527455999973,61.659210112000039,0.0],[-149.039520408999977,61.659866575000081,0.0],[-149.040527233999967,61.659869014000037,0.0],[-149.04050922899998,61.661551198000041,0.0],[-149.041746253999975,61.661554186000046,0.0],[-149.041742023999973,61.661950798000078,0.0],[-149.048214911999963,61.661966247000066,0.0],[-149.044491460999978,61.65922206700003,0.0],[-149.041791703999962,61.657232471000043,0.0],[-149.04238370799996,61.657233897000083,0.0],[-149.04238997799996,61.657233912000038,0.0],[-149.046180453999966,61.657242978000056,0.0],[-149.046189699999957,61.657243,0.0],[-149.050262511999961,61.657252623000034,0.0],[-149.050241050999972,61.660864871000058,0.0],[-149.05021471699996,61.664449337000065,0.0],[-149.047647069999982,61.66445077000003,0.0],[-149.04684029699996,61.66445118200005,0.0],[-149.035159765999964,61.664454945000045,0.0],[-149.035131995999961,61.667395291000048,0.0],[-149.02890351299996,61.668184325000027,0.0],[-149.027256168999969,61.668405329000052,0.0],[-149.027200535999981,61.668401887000073,0.0],[-149.027197212999965,61.664445966000073,0.0]]]]}},
{"type":"Feature","properties":{"OBJECTID":92698,"ParcelType":2,"P_ID":48417,"ACCOUNT":"18N02E11A006","TAXID_LOKI":"118N02E11A006","ACRES":15.45626895,"TAXACRE":15.5,"ORIGACRE":15.5,"FTYPE":"PARCEL","GENOWN":"PRIVATE","BUYLEASE":"N","OWNER_1":"WOLVERINE FARM TR","NAME_2":"","MAILING_ADDRESS_LINE_A":"","MAILING_ADDRESS_LINE_B":"6505 N WOLVERINE RD ","MAILING_ADDRESS_CITY":"PALMER","MAILING_ADDRESS_STATE":"AK","MAILING_ADDRESS_ZIP":"99645","Buyer_Name":"","Buyer_Name_2":"","Buyer_Mailing_Address_A":"","Buyer_Mailing_Address_B":"","Buyer_Mailing_Address_City":"","Buyer_Mailing_Address_State":"","Buyer_Mailing_Address_Zip":"","MERIDIAN":"S","TWP_NUM":"18","TWP_NS":"N","RNG_NUM":"02","RNG_EW":"E","SECT_NUM":"11","GRIDNAME":"PA","GRIDNUM":"03","LANDVALUE":31200.0,"LANDASSD":5425.0,"BLDGVALUE":0.0,"BLDGASSD":0.0,"GENAREA":"3654","NBHD":"A1N10","TAXZONE":"0026","CITY":"","COMMCOUN":"15","FSA":"132","RSA":"019","SSA_1":"","SSA_2":"","ESN":24,"ECN":14,"ASSMBDISTRICT":"1","VOTINGPRCNT":"25-315","DFIRM":"02170C7300E","SPUD":null,"SUBDNUM":0,"LEGAL":"TOWNSHIP 18N RANGE 2E              SECTION 11 LOT A6","DOC1_DATE":"2009-09-30T00:00:00Z","DOC1_TYPE":"QUITCLAIM DEED (ALL TYPE)","DOC1_RCRD":"Palmer-Bk  Pg ","DOC2_DATE":"1986-12-31T00:00:00Z","DOC2_TYPE":"WARRANTY DEED (ALL TYPES)","DOC2_RCRD":"Palmer-Bk 498 Pg 368","LANDUSE":"","RESUNIT":0.0,"MHUNIT":0.0,"DUPLEXUNIT":0.0,"MULTIUNIT":0.0,"GQUNIT":0.0,"MH_PK_UNIT":0.0,"BLDG_USE1":"","BLDG_USE2":"","BLDG_USE3":"","BLDG_USE4":"","BLDG_USE5":"","BLDG_USE6":"","Photo":"https://ecommerce.matsugov.us/assessment/Pages/Photos.aspx?isDLG=1&P_ID=48417","GlobalID":"{5CF02883-397D-47F7-B4D0-1E15695742FF}","Shape_Length":0.018412228050054952,"Shape_Area":1.0594840234195682e-05},"geometry":{"type":"MultiPolygon","coordinates":[[[[-149.039527455999973,61.659210112000039,0.0],[-149.039532886999979,61.658704088000036,0.0],[-149.038037090999978,61.658700451000072,0.0],[-149.038043724999966,61.658085017000076,0.0],[-149.036605487999964,61.658081505000041,0.0],[-149.03661441099996,61.657219897000061,0.0],[-149.036680689999969,61.657220059000053,0.0],[-149.040485335999961,61.657229317000031,0.0],[-149.040502620999973,61.657229358000052,0.0],[-149.041768022999975,61.657232414000077,0.0],[-149.041791703999962,61.657232471000043,0.0],[-149.044491460999978,61.65922206700003,0.0],[-149.039527455999973,61.659210112000039,0.0]]]]}},
{"type":"Feature","properties":{"OBJECTID":96573,"ParcelType":2,"P_ID":58758,"ACCOUNT":"18N02E14A004","TAXID_LOKI":"118N02E14A004","ACRES":125.35768253000001,"TAXACRE":114.55,"ORIGACRE":125.84,"FTYPE":"PARCEL","GENOWN":"PRIVATE","BUYLEASE":"N","OWNER_1":"SEEMANN EST PRESERVTN TR","NAME_2":"","MAILING_ADDRESS_LINE_A":"% COLLEEN JOHANSEN","MAILING_ADDRESS_LINE_B":"2021 E 66TH AVE","MAILING_ADDRESS_CITY":"ANCHORAGE","MAILING_ADDRESS_STATE":"AK","MAILING_ADDRESS_ZIP":"99507-2103","Buyer_Name":"","Buyer_Name_2":"","Buyer_Mailing_Address_A":"","Buyer_Mailing_Address_B":"","Buyer_Mailing_Address_City":"","Buyer_Mailing_Address_State":"","Buyer_Mailing_Address_Zip":"","MERIDIAN":"S","TWP_NUM":"18","TWP_NS":"N","RNG_NUM":"02","RNG_EW":"E","SECT_NUM":"13","GRIDNAME":"PA","GRIDNUM":"03","LANDVALUE":65900.0,"LANDASSD":40318.0,"BLDGVALUE":593300.0,"BLDGASSD":553307.0,"GENAREA":"3654","NBHD":"B_EXCEPT_A1","TAXZONE":"0026","CITY":"","COMMCOUN":"15","FSA":"132","RSA":"019","SSA_1":"","SSA_2":"","ESN":24,"ECN":14,"ASSMBDISTRICT":"1","VOTINGPRCNT":"25-315","DFIRM":"02170C7300E","SPUD":null,"SUBDNUM":0,"LEGAL":"TOWNSHIP 18N RANGE 2E              SECTION 14 LOT A4","DOC1_DATE":"1954-06-16T00:00:00Z","DOC1_TYPE":"Patent","DOC1_RCRD":"Palmer-Bk 46 Pg 19","DOC2_DATE":"1998-03-10T00:00:00Z","DOC2_TYPE":"WARRANTY DEED (ALL TYPES)","DOC2_RCRD":"Palmer-Bk 937 Pg 587","LANDUSE":"","RESUNIT":4.0,"MHUNIT":0.0,"DUPLEXUNIT":0.0,"MULTIUNIT":0.0,"GQUNIT":0.0,"MH_PK_UNIT":0.0,"BLDG_USE1":"1100","BLDG_USE2":"8200","BLDG_USE3":"8210","BLDG_USE4":"","BLDG_USE5":"","BLDG_USE6":"","Photo":"https://ecommerce.matsugov.us/assessment/Pages/Photos.aspx?isDLG=1&P_ID=58758","GlobalID":"{9F9B8803-FC33-4D92-89ED-DEF1C9FFABC5}","Shape_Length":0.0484929566073318,"Shape_Area":8.5914667284528906e-05},"geometry":{"type":"MultiPolygon","coordinates":[[[[-149.040485335999961,61.657229317000031,0.0],[-149.04048475099998,61.656320256000072,0.0],[-149.038586357999975,61.656319789000065,0.0],[-149.038585239999975,61.655395308000038,0.0],[-149.034788572999958,61.65539767000007,0.0],[-149.034781605999967,61.655397673000039,0.0],[-149.034147678999972,61.655397882000045,0.0],[-149.033964493999974,61.655135051000059,0.0],[-149.034083679999981,61.655082009000068,0.0],[-149.034211411999962,61.655033673000048,0.0],[-149.034346873999965,61.654990355000052,0.0],[-149.034489191999967,61.65495233200005,0.0],[-149.034637452999959,61.654919846000041,0.0],[-149.034790706999956,61.654893109000056,0.0],[-149.03494797099998,61.654872291000061,0.0],[-149.035108234999967,61.654857526000058,0.0],[-149.035270467999965,61.65484890700003,0.0],[-149.035433632999968,61.654846492000047,0.0],[-149.035375919999979,61.654471689000047,0.0],[-149.035256630999982,61.654478778000055,0.0],[-149.035139534999956,61.654491719000077,0.0],[-149.035025898999976,61.654510373000051,0.0],[-149.034916949999968,61.654534538000064,0.0],[-149.034188600999983,61.654718495000054,0.0],[-149.034165551999962,61.654724316000056,0.0],[-149.034011830999958,61.65476695600006,0.0],[-149.033864711999968,61.654814571000031,0.0],[-149.033724907999982,61.65486693400004,0.0],[-149.033593094999958,61.654923789000065,0.0],[-149.033469908999962,61.654984862000049,0.0],[-149.033355945999972,61.65504985900003,0.0],[-149.033251758999967,61.655118465000044,0.0],[-149.032560535999977,61.655052408000074,0.0],[-149.032092966999983,61.655398109000032,0.0],[-149.027189599999957,61.655399292000027,0.0],[-149.027186544999978,61.651773983000055,0.0],[-149.027185045999971,61.649997901000063,0.0],[-149.034769950999959,61.650007027000072,0.0],[-149.042362987999979,61.650015742000051,0.0],[-149.042362809999958,61.650305196000033,0.0],[-149.042362375999971,61.651012184000081,0.0],[-149.042360758999962,61.653643788000068,0.0],[-149.042383964999971,61.655662432000042,0.0],[-149.042386739999984,61.656503355000041,0.0],[-149.04238370799996,61.657233897000083,0.0],[-149.041791703999962,61.657232471000043,0.0],[-149.041768022999975,61.657232414000077,0.0],[-149.040502620999973,61.657229358000052,0.0],[-149.040485335999961,61.657229317000031,0.0]]]]}},
{"type":"Feature","properties":{"OBJECTID":96582,"ParcelType":1,"P_ID":35102,"ACCOUNT":"5473000L002","TAXID_LOKI":"55473000L002","ACRES":2.57341032,"TAXACRE":2.57,"ORIGACRE":2.57,"FTYPE":"PARCEL","GENOWN":"PRIVATE","BUYLEASE":"N","OWNER_1":"HAMMOND VICTOR E& COLLEEN","NAME_2":"","MAILING_ADDRESS_LINE_A":"","MAILING_ADDRESS_LINE_B":"PO BOX 285","MAILING_ADDRESS_CITY":"PALMER","MAILING_ADDRESS_STATE":"AK","MAILING_ADDRESS_ZIP":"99645-0285","Buyer_Name":"","Buyer_Name_2":"","Buyer_Mailing_Address_A":"","Buyer_Mailing_Address_B":"","Buyer_Mailing_Address_City":"","Buyer_Mailing_Address_State":"","Buyer_Mailing_Address_Zip":"","MERIDIAN":"S","TWP_NUM":"18","TWP_NS":"N","RNG_NUM":"02","RNG_EW":"E","SECT_NUM":"14","GRIDNAME":"PA","GRIDNUM":"03","LANDVALUE":34600.0,"LANDASSD":0.0,"BLDGVALUE":32600.0,"BLDGASSD":0.0,"GENAREA":"3654","NBHD":"A1N10","TAXZONE":"0026","CITY":"","COMMCOUN":"15","FSA":"132","RSA":"019","SSA_1":"","SSA_2":"","ESN":24,"ECN":14,"ASSMBDISTRICT":"1","VOTINGPRCNT":"25-315","DFIRM":"02170C7300E","SPUD":null,"SUBDNUM":5473,"LEGAL":"KACKMAN HTS                       LOT 2","DOC1_DATE":"2004-01-13T00:00:00Z","DOC1_TYPE":"QUITCLAIM DEED (ALL TYPE)","DOC1_RCRD":"Palmer-Bk  Pg 0","DOC2_DATE":null,"DOC2_TYPE":"","DOC2_RCRD":"","LANDUSE":"","RESUNIT":0.0,"MHUNIT":1.0,"DUPLEXUNIT":0.0,"MULTIUNIT":0.0,"GQUNIT":0.0,"MH_PK_UNIT":0.0,"BLDG_USE1":"1120","BLDG_USE2":"","BLDG_USE3":"","BLDG_USE4":"","BLDG_USE5":"","BLDG_USE6":"","Photo":"https://ecommerce.matsugov.us/assessment/Pages/Photos.aspx?isDLG=1&P_ID=35102","GlobalID":"{2E5E22B8-7780-4030-A0DB-A54F7AE69FE8}","Shape_Length":0.0068973614827688347,"Shape_Area":1.7635117121908798e-06},"geometry":{"type":"MultiPolygon","coordinates":[[[[-149.054774942999984,61.651987417000043,0.0],[-149.057359367999965,61.651987445000032,0.0],[-149.057358891999968,61.652485298000045,0.0],[-149.057354140999962,61.652509055000053,0.0],[-149.057340848999957,61.652532066000049,0.0],[-149.057319416999974,61.652553644000079,0.0],[-149.057290483999964,61.652573141000062,0.0],[-149.057254915999977,61.652589976000058,0.0],[-149.057213780999973,61.652603644000067,0.0],[-149.057168305999966,61.652613735000045,0.0],[-149.057119852999961,61.652619948000051,0.0],[-149.057069874999968,61.652622097000062,0.0],[-149.054358256999961,61.652622060000056,0.0],[-149.054774942999984,61.651987417000043,0.0]]]]}},
{"type":"Feature","properties":{"OBJECTID":96583,"ParcelType":1,"P_ID":83648,"ACCOUNT":"5473000L001","TAXID_LOKI":"55473000L001","ACRES":2.28925506,"TAXACRE":2.29,"ORIGACRE":2.29,"FTYPE":"PARCEL","GENOWN":"PRIVATE","BUYLEASE":"N","OWNER_1":"TCIMPIDIS CHRISTOPHER & CHERYL","NAME_2":"","MAILING_ADDRESS_LINE_A":"","MAILING_ADDRESS_LINE_B":"6235 N WOLVERINE RD ","MAILING_ADDRESS_CITY":"PALMER","MAILING_ADDRESS_STATE":"AK","MAILING_ADDRESS_ZIP":"99645","Buyer_Name":"","Buyer_Name_2":"","Buyer_Mailing_Address_A":"","Buyer_Mailing_Address_B":"","Buyer_Mailing_Address_City":"","Buyer_Mailing_Address_State":"","Buyer_Mailing_Address_Zip":"","MERIDIAN":"S","TWP_NUM":"18","TWP_NS":"N","RNG_NUM":"02","RNG_EW":"E","SECT_NUM":"14","GRIDNAME":"PA","GRIDNUM":"03","LANDVALUE":33100.0,"LANDASSD":33100.0,"BLDGVALUE":466500.0,"BLDGASSD":466500.0,"GENAREA":"3654","NBHD":"A1N10","TAXZONE":"0026","CITY":"","COMMCOUN":"15","FSA":"132","RSA":"019","SSA_1":"","SSA_2":"","ESN":24,"ECN":14,"ASSMBDISTRICT":"1","VOTINGPRCNT":"25-315","DFIRM":"02170C7300E","SPUD":null,"SUBDNUM":5473,"LEGAL":"KACKMAN HTS                       LOT 1","DOC1_DATE":"1900-01-01T00:00:00Z","DOC1_TYPE":"LISTING INFORMATION ONLY","DOC1_RCRD":"Palmer-Bk  Pg ","DOC2_DATE":"1900-01-01T00:00:00Z","DOC2_TYPE":"LISTING INFORMATION EXP","DOC2_RCRD":"Palmer-Bk  Pg ","LANDUSE":"","RESUNIT":2.0,"MHUNIT":0.0,"DUPLEXUNIT":0.0,"MULTIUNIT":0.0,"GQUNIT":0.0,"MH_PK_UNIT":0.0,"BLDG_USE1":"1100","BLDG_USE2":"","BLDG_USE3":"","BLDG_USE4":"","BLDG_USE5":"","BLDG_USE6":"","Photo":"https://ecommerce.matsugov.us/assessment/Pages/Photos.aspx?isDLG=1&P_ID=83648","GlobalID":"{16A349F0-443B-487C-A51D-798CDC6AB000}","Shape_Length":0.012392776442815081,"Shape_Area":1.5690028775041431e-06},"geometry":{"type":"MultiPolygon","coordinates":[[[[-149.051998543999957,61.652649318000044,0.0],[-149.05265111099996,61.651987356000063,0.0],[-149.054774942999984,61.651987417000043,0.0],[-149.054358256999961,61.652622060000056,0.0],[-149.057069874999968,61.652622097000062,0.0],[-149.057119852999961,61.652619948000051,0.0],[-149.057168305999966,61.652613735000045,0.0],[-149.057213780999973,61.652603644000067,0.0],[-149.057254915999977,61.652589976000058,0.0],[-149.057290483999964,61.652573141000062,0.0],[-149.057319416999974,61.652553644000079,0.0],[-149.057340848999957,61.652532066000049,0.0],[-149.057354140999962,61.652509055000053,0.0],[-149.057358891999968,61.652485298000045,0.0],[-149.057358733999962,61.652649433000079,0.0],[-149.051998543999957,61.652649318000044,0.0]]]]}},
{"type":"Feature","properties":{"OBJECTID":96584,"ParcelType":2,"P_ID":68288,"ACCOUNT":"18N02E14B014","TAXID_LOKI":"118N02E14B014","ACRES":21.00341566,"TAXACRE":20.93,"ORIGACRE":21.0,"FTYPE":"PARCEL","GENOWN":"PRIVATE","BUYLEASE":"N","OWNER_1":"STRAWN REVOCABLE TRUST","NAME_2":"STRAWN ALFRED L&GRETCHEN E TRES","MAILING_ADDRESS_LINE_A":"","MAILING_ADDRESS_LINE_B":"PO BOX 2236","MAILING_ADDRESS_CITY":"PALMER","MAILING_ADDRESS_STATE":"AK","MAILING_ADDRESS_ZIP":"99645","Buyer_Name":"","Buyer_Name_2":"","Buyer_Mailing_Address_A":"","Buyer_Mailing_Address_B":"","Buyer_Mailing_Address_City":"","Buyer_Mailing_Address_State":"","Buyer_Mailing_Address_Zip":"","MERIDIAN":"S","TWP_NUM":"18","TWP_NS":"N","RNG_NUM":"02","RNG_EW":"E","SECT_NUM":"15","GRIDNAME":"PA","GRIDNUM":"03","LANDVALUE":140800.0,"LANDASSD":0.0,"BLDGVALUE":674900.0,"BLDGASSD":530441.0,"GENAREA":"3654","NBHD":"A1N10","TAXZONE":"0026","CITY":"","COMMCOUN":"15","FSA":"132","RSA":"019","SSA_1":"","SSA_2":"","ESN":24,"ECN":14,"ASSMBDISTRICT":"1","VOTINGPRCNT":"25-315","DFIRM":"02170C7300E","SPUD":null,"SUBDNUM":0,"LEGAL":"TOWNSHIP 18N RANGE 2E              SECTION 14 LOT B14","DOC1_DATE":"2012-07-17T00:00:00Z","DOC1_TYPE":"WARRANTY DEED (ALL TYPES)","DOC1_RCRD":"Palmer-Bk  Pg ","DOC2_DATE":"2005-06-24T00:00:00Z","DOC2_TYPE":"WARRANTY DEED (ALL TYPES)","DOC2_RCRD":"Palmer-Bk  Pg 0","LANDUSE":"","RESUNIT":1.0,"MHUNIT":0.0,"DUPLEXUNIT":0.0,"MULTIUNIT":0.0,"GQUNIT":0.0,"MH_PK_UNIT":0.0,"BLDG_USE1":"1100","BLDG_USE2":"1110","BLDG_USE3":"","BLDG_USE4":"","BLDG_USE5":"","BLDG_USE6":"","Photo":"https://ecommerce.matsugov.us/assessment/Pages/Photos.aspx?isDLG=1&P_ID=68288","GlobalID":"{9F7BC253-2A94-4AA6-A48C-77A240DF6DC2}","Shape_Length":0.047270006046266286,"Shape_Area":1.4393693346654827e-05},"geometry":{"type":"MultiPolygon","coordinates":[[[[-149.050958092999963,61.653317933000039,0.0],[-149.05103138299998,61.653243640000028,0.0],[-149.052540608999976,61.651713693000033,0.0],[-149.053461216999978,61.651022462000071,0.0],[-149.05339478099998,61.65102240300007,0.0],[-149.045959550999982,61.651015614000073,0.0],[-149.045782109999976,61.651015447000077,0.0],[-149.045091105999973,61.651014795000037,0.0],[-149.042380900999973,61.65101220300005,0.0],[-149.042362375999971,61.651012184000081,0.0],[-149.042362809999958,61.650305196000033,0.0],[-149.042362987999979,61.650015742000051,0.0],[-149.04512184799998,61.650018112000055,0.0],[-149.049974891999966,61.650022145000037,0.0],[-149.051804526999973,61.650023621000059,0.0],[-149.055458587999965,61.650026495000077,0.0],[-149.055290425999971,61.650335365000046,0.0],[-149.055164725999958,61.650394160000076,0.0],[-149.053943750999963,61.650965236000047,0.0],[-149.052842774999959,61.651791355000057,0.0],[-149.05265111099996,61.651987356000063,0.0],[-149.051998543999957,61.652649318000044,0.0],[-149.051347120999964,61.653310089000058,0.0],[-149.053984594999974,61.653310487000056,0.0],[-149.057358102999956,61.653310925000028,0.0],[-149.057547922999959,61.653310946000033,0.0],[-149.057547890999956,61.653344919000062,0.0],[-149.057547832999973,61.653406295000082,0.0],[-149.057547812999957,61.653426978000027,0.0],[-149.057547767999978,61.653475065000066,0.0],[-149.054280605999963,61.653474648000042,0.0],[-149.051793831999959,61.653474278000033,0.0],[-149.050804013999965,61.653474118000076,0.0],[-149.050857750999967,61.653419646000032,0.0],[-149.050958092999963,61.653317933000039,0.0]]]]}},
{"type":"Feature","properties":{"OBJECTID":96585,"ParcelType":2,"P_ID":29094,"ACCOUNT":"18N02E13B004","TAXID_LOKI":"118N02E13B004","ACRES":153.4842329,"TAXACRE":152.5,"ORIGACRE":152.5,"FTYPE":"PARCEL","GENOWN":"PRIVATE","BUYLEASE":"N","OWNER_1":"PITCHFORK LAND TRUST","NAME_2":"","MAILING_ADDRESS_LINE_A":"","MAILING_ADDRESS_LINE_B":"2021 E 66TH AVE ","MAILING_ADDRESS_CITY":"ANCHORAGE","MAILING_ADDRESS_STATE":"AK","MAILING_ADDRESS_ZIP":"99507","Buyer_Name":"","Buyer_Name_2":"","Buyer_Mailing_Address_A":"","Buyer_Mailing_Address_B":"","Buyer_Mailing_Address_City":"","Buyer_Mailing_Address_State":"","Buyer_Mailing_Address_Zip":"","MERIDIAN":"S","TWP_NUM":"18","TWP_NS":"N","RNG_NUM":"02","RNG_EW":"E","SECT_NUM":"13","GRIDNAME":"PA","GRIDNUM":"03","LANDVALUE":35500.0,"LANDASSD":35500.0,"BLDGVALUE":0.0,"BLDGASSD":0.0,"GENAREA":"3654","NBHD":"B_EXCEPT_A1","TAXZONE":"0025","CITY":"","COMMCOUN":"15","FSA":"","RSA":"019","SSA_1":"","SSA_2":"","ESN":24,"ECN":14,"ASSMBDISTRICT":"1","VOTINGPRCNT":"25-315","DFIRM":"02170C7300E","SPUD":null,"SUBDNUM":0,"LEGAL":"TOWNSHIP 18N RANGE 2E              SECTION 13 LOT B4","DOC1_DATE":"2024-10-29T00:00:00Z","DOC1_TYPE":"PERSONAL REPRESENTATIVE","DOC1_RCRD":"Palmer-Bk  Pg ","DOC2_DATE":"2001-03-15T00:00:00Z","DOC2_TYPE":"QUITCLAIM DEED (ALL TYPE)","DOC2_RCRD":"Palmer-Bk 1120 Pg 798","LANDUSE":"","RESUNIT":0.0,"MHUNIT":0.0,"DUPLEXUNIT":0.0,"MULTIUNIT":0.0,"GQUNIT":0.0,"MH_PK_UNIT":0.0,"BLDG_USE1":"","BLDG_USE2":"","BLDG_USE3":"","BLDG_USE4":"","BLDG_USE5":"","BLDG_USE6":"","Photo":"https://ecommerce.matsugov.us/assessment/Pages/Photos.aspx?isDLG=1&P_ID=29094","GlobalID":"{188145B9-095B-4A8C-8C41-02E38985496B}","Shape_Length":0.073430882944936979,"Shape_Area":0.00010519099209159129},"geometry":{"type":"MultiPolygon","coordinates":[[[[-149.019569665999967,61.655404022000027,0.0],[-149.019570167999973,61.654503636000072,0.0],[-149.011977067999965,61.65449383400005,0.0],[-149.011977784999971,61.653599235000058,0.0],[-149.011978528999975,61.652669709000065,0.0],[-149.004385871999972,61.65267151300003,0.0],[-149.00438490199997,61.65359962000008,0.0],[-148.996792021999966,61.653598910000028,0.0],[-148.996796687999961,61.64998515800005,0.0],[-149.010281353999972,61.649985714000081,0.0],[-149.01028172499997,61.650851264000039,0.0],[-149.023397018999958,61.650859542000035,0.0],[-149.02341881199996,61.651766644000077,0.0],[-149.027186544999978,61.651773983000055,0.0],[-149.027189599999957,61.655399292000027,0.0],[-149.025375766999957,61.655403183000033,0.0],[-149.023444946999973,61.655403576000083,0.0],[-149.019569665999967,61.655404022000027,0.0]]]]}},
{"type":"Feature","properties":{"OBJECTID":103859,"ParcelType":1,"P_ID":9922,"ACCOUNT":"4414000L004","TAXID_LOKI":"54414000L004","ACRES":2.00111319,"TAXACRE":2.0,"ORIGACRE":2.0,"FTYPE":"PARCEL","GENOWN":"PRIVATE","BUYLEASE":"N","OWNER_1":"LADD JASON B & KARALYN","NAME_2":"","MAILING_ADDRESS_LINE_A":"","MAILING_ADDRESS_LINE_B":"10273 N WOLVERINE RD ","MAILING_ADDRESS_CITY":"PALMER","MAILING_ADDRESS_STATE":"AK","MAILING_ADDRESS_ZIP":"99645-8733","Buyer_Name":"","Buyer_Name_2":"","Buyer_Mailing_Address_A":"","Buyer_Mailing_Address_B":"","Buyer_Mailing_Address_City":"","Buyer_Mailing_Address_State":"","Buyer_Mailing_Address_Zip":"","MERIDIAN":"S","TWP_NUM":"18","TWP_NS":"N","RNG_NUM":"03","RNG_EW":"E","SECT_NUM":"07","GRIDNAME":"PA","GRIDNUM":"02","LANDVALUE":15500.0,"LANDASSD":15500.0,"BLDGVALUE":399100.0,"BLDGASSD":399100.0,"GENAREA":"3654","NBHD":"A1N10","TAXZONE":"0026","CITY":"","COMMCOUN":"15","FSA":"132","RSA":"019","SSA_1":"","SSA_2":"","ESN":24,"ECN":14,"ASSMBDISTRICT":"1","VOTINGPRCNT":"25-315","DFIRM":null,"SPUD":null,"SUBDNUM":4414,"LEGAL":"OGAN                               LOT 4","DOC1_DATE":"2016-03-23T00:00:00Z","DOC1_TYPE":"WARRANTY DEED (ALL TYPES)","DOC1_RCRD":"Palmer-Bk  Pg ","DOC2_DATE":"2005-12-06T00:00:00Z","DOC2_TYPE":"WARRANTY DEED (ALL TYPES)","DOC2_RCRD":"Palmer-Bk  Pg 0","LANDUSE":"","RESUNIT":3.0,"MHUNIT":0.0,"DUPLEXUNIT":0.0,"MULTIUNIT":0.0,"GQUNIT":0.0,"MH_PK_UNIT":0.0,"BLDG_USE1":"1100","BLDG_USE2":"","BLDG_USE3":"","BLDG_USE4":"","BLDG_USE5":"","BLDG_USE6":"","Photo":"https://ecommerce.matsugov.us/assessment/Pages/Photos.aspx?isDLG=1&P_ID=9922","GlobalID":"{0A9B6987-F4E7-4574-A2F5-4B1DAE74B293}","Shape_Length":0.0047645422237177154,"Shape_Area":1.3718255845226405e-06},"geometry":{"type":"MultiPolygon","coordinates":[[[[-148.991148991999978,61.660124877000044,0.0],[-148.991148786999958,61.66012485300007,0.0],[-148.991140081999959,61.660123827000064,0.0],[-148.991133773999962,61.660122978000061,0.0],[-148.989988103999963,61.65996457600005,0.0],[-148.989967729999961,61.659046363000073,0.0],[-148.991482389999959,61.659255699000028,0.0],[-148.991501725999967,61.659989930000052,0.0],[-148.991501596999967,61.659996091000039,0.0],[-148.991501313999976,61.65999916800007,0.0],[-148.991498723999968,61.66001142500005,0.0],[-148.99149771499998,61.660014468000043,0.0],[-148.991487111999959,61.660034716000041,0.0],[-148.991470155999963,61.660053961000074,0.0],[-148.991447238999967,61.660071756000036,0.0],[-148.99141889699996,61.660087687000043,0.0],[-148.991400497999962,61.66009581600008,0.0],[-148.991380677999956,61.660103151000044,0.0],[-148.991376912999982,61.660104401000069,0.0],[-148.991369257999963,61.660106815000063,0.0],[-148.991361385999966,61.66010913000008,0.0],[-148.991321334999981,61.660118562000036,0.0],[-148.99127869299997,61.660124931000041,0.0],[-148.991234490999972,61.660128083000075,0.0],[-148.991185187999974,61.660127741000053,0.0],[-148.991148991999978,61.660124877000044,0.0]]]]}},
{"type":"Feature","properties":{"OBJECTID":103860,"ParcelType":1,"P_ID":81856,"ACCOUNT":"4414000L003","TAXID_LOKI":"54414000L003","ACRES":4.96793976,"TAXACRE":4.97,"ORIGACRE":4.97,"FTYPE":"PARCEL","GENOWN":"PRIVATE","BUYLEASE":"N","OWNER_1":"OGAN WILLIAM SCOTT & JANET B TRES","NAME_2":"OGAN FAM TR","MAILING_ADDRESS_LINE_A":"","MAILING_ADDRESS_LINE_B":"10217 N WOLVERINE RD ","MAILING_ADDRESS_CITY":"PALMER","MAILING_ADDRESS_STATE":"AK","MAILING_ADDRESS_ZIP":"99645-8733","Buyer_Name":"","Buyer_Name_2":"","Buyer_Mailing_Address_A":"","Buyer_Mailing_Address_B":"","Buyer_Mailing_Address_City":"","Buyer_Mailing_Address_State":"","Buyer_Mailing_Address_Zip":"","MERIDIAN":"S","TWP_NUM":"18","TWP_NS":"N","RNG_NUM":"03","RNG_EW":"E","SECT_NUM":"07","GRIDNAME":"PA","GRIDNUM":"02","LANDVALUE":31400.0,"LANDASSD":31400.0,"BLDGVALUE":0.0,"BLDGASSD":0.0,"GENAREA":"3654","NBHD":"A1N10","TAXZONE":"0026","CITY":"","COMMCOUN":"15","FSA":"132","RSA":"019","SSA_1":"","SSA_2":"","ESN":24,"ECN":14,"ASSMBDISTRICT":"1","VOTINGPRCNT":"25-315","DFIRM":null,"SPUD":null,"SUBDNUM":4414,"LEGAL":"OGAN                               LOT 3","DOC1_DATE":"2014-07-16T00:00:00Z","DOC1_TYPE":"QUITCLAIM DEED (ALL TYPE)","DOC1_RCRD":"Palmer-Bk  Pg ","DOC2_DATE":null,"DOC2_TYPE":"","DOC2_RCRD":"","LANDUSE":"","RESUNIT":0.0,"MHUNIT":0.0,"DUPLEXUNIT":0.0,"MULTIUNIT":0.0,"GQUNIT":0.0,"MH_PK_UNIT":0.0,"BLDG_USE1":"","BLDG_USE2":"","BLDG_USE3":"","BLDG_USE4":"","BLDG_USE5":"","BLDG_USE6":"","Photo":"https://ecommerce.matsugov.us/assessment/Pages/Photos.aspx?isDLG=1&P_ID=81856","GlobalID":"{8EB803EA-2F34-4F9F-BC0F-65C94AC8834E}","Shape_Length":0.0096542555697248095,"Shape_Area":3.4052423059043611e-06},"geometry":{"type":"MultiPolygon","coordinates":[[[[-148.991148991999978,61.660124877000044,0.0],[-148.991185187999974,61.660127741000053,0.0],[-148.991234490999972,61.660128083000075,0.0],[-148.99127869299997,61.660124931000041,0.0],[-148.991321334999981,61.660118562000036,0.0],[-148.991361385999966,61.66010913000008,0.0],[-148.991369257999963,61.660106815000063,0.0],[-148.991376912999982,61.660104401000069,0.0],[-148.991380677999956,61.660103151000044,0.0],[-148.991400497999962,61.66009581600008,0.0],[-148.99141889699996,61.660087687000043,0.0],[-148.991447238999967,61.660071756000036,0.0],[-148.991470155999963,61.660053961000074,0.0],[-148.991487111999959,61.660034716000041,0.0],[-148.99149771499998,61.660014468000043,0.0],[-148.991498723999968,61.66001142500005,0.0],[-148.991501313999976,61.65999916800007,0.0],[-148.991501596999967,61.659996091000039,0.0],[-148.991501725999967,61.659989930000052,0.0],[-148.991482389999959,61.659255699000028,0.0],[-148.989967729999961,61.659046363000073,0.0],[-148.989930912999966,61.657239901000082,0.0],[-148.99160170899998,61.65723299800004,0.0],[-148.991679820999963,61.660198473000037,0.0],[-148.991148991999978,61.660124877000044,0.0]]]]}},
{"type":"Feature","properties":{"OBJECTID":103861,"ParcelType":1,"P_ID":57929,"ACCOUNT":"4414000L002","TAXID_LOKI":"54414000L002","ACRES":5.5608313,"TAXACRE":5.56,"ORIGACRE":5.56,"FTYPE":"PARCEL","GENOWN":"PRIVATE","BUYLEASE":"N","OWNER_1":"OGAN WILLIAM SCOTT & JANET B TRES","NAME_2":"OGAN FAM TR","MAILING_ADDRESS_LINE_A":"","MAILING_ADDRESS_LINE_B":"10217 N WOLVERINE RD ","MAILING_ADDRESS_CITY":"PALMER","MAILING_ADDRESS_STATE":"AK","MAILING_ADDRESS_ZIP":"99645-8733","Buyer_Name":"","Buyer_Name_2":"","Buyer_Mailing_Address_A":"","Buyer_Mailing_Address_B":"","Buyer_Mailing_Address_City":"","Buyer_Mailing_Address_State":"","Buyer_Mailing_Address_Zip":"","MERIDIAN":"S","TWP_NUM":"18","TWP_NS":"N","RNG_NUM":"03","RNG_EW":"E","SECT_NUM":"07","GRIDNAME":"PA","GRIDNUM":"02","LANDVALUE":32000.0,"LANDASSD":0.0,"BLDGVALUE":165200.0,"BLDGASSD":0.0,"GENAREA":"3654","NBHD":"A1N10","TAXZONE":"0026","CITY":"","COMMCOUN":"15","FSA":"132","RSA":"019","SSA_1":"","SSA_2":"","ESN":24,"ECN":14,"ASSMBDISTRICT":"1","VOTINGPRCNT":"25-315","DFIRM":null,"SPUD":null,"SUBDNUM":4414,"LEGAL":"OGAN                               LOT 2","DOC1_DATE":"2014-07-16T00:00:00Z","DOC1_TYPE":"QUITCLAIM DEED (ALL TYPE)","DOC1_RCRD":"Palmer-Bk  Pg ","DOC2_DATE":null,"DOC2_TYPE":"","DOC2_RCRD":"","LANDUSE":"","RESUNIT":1.0,"MHUNIT":0.0,"DUPLEXUNIT":0.0,"MULTIUNIT":0.0,"GQUNIT":0.0,"MH_PK_UNIT":0.0,"BLDG_USE1":"1100","BLDG_USE2":"","BLDG_USE3":"","BLDG_USE4":"","BLDG_USE5":"","BLDG_USE6":"","Photo":"https://ecommerce.matsugov.us/assessment/Pages/Photos.aspx?isDLG=1&P_ID=57929","GlobalID":"{C23019CD-9EDE-4BE6-9279-3882E296C1C0}","Shape_Length":0.0099108453459459279,"Shape_Area":3.8117664953121268e-06},"geometry":{"type":"MultiPolygon","coordinates":[[[[-148.991679820999963,61.660198473000037,0.0],[-148.99160170899998,61.65723299800004,0.0],[-148.993291775999978,61.657225994000044,0.0],[-148.993339370999962,61.659512318000054,0.0],[-148.991828940999966,61.659303589000046,0.0],[-148.991850480999972,61.660121103000051,0.0],[-148.991855206999958,61.66014414700004,0.0],[-148.991868040999975,61.660166482000079,0.0],[-148.991888611999968,61.660187468000061,0.0],[-148.991916333999967,61.660206505000076,0.0],[-148.991947237999966,61.660221727000078,0.0],[-148.991982707999966,61.660234502000037,0.0],[-148.992021896999972,61.660244524000063,0.0],[-148.992034492999977,61.660247006000077,0.0],[-148.992048860999972,61.660249460000045,0.0],[-148.991679820999963,61.660198473000037,0.0]]]]}},
{"type":"Feature","properties":{"OBJECTID":103862,"ParcelType":1,"P_ID":69169,"ACCOUNT":"4414000L001","TAXID_LOKI":"54414000L001","ACRES":2.00779146,"TAXACRE":2.01,"ORIGACRE":2.01,"FTYPE":"PARCEL","GENOWN":"PRIVATE","BUYLEASE":"N","OWNER_1":"HARVEY ARTHUR JULIAN","NAME_2":"","MAILING_ADDRESS_LINE_A":"","MAILING_ADDRESS_LINE_B":"1857  SAINT PAULS CHURCH ","MAILING_ADDRESS_CITY":"NEWTON","MAILING_ADDRESS_STATE":"NC","MAILING_ADDRESS_ZIP":"28658-9521","Buyer_Name":"","Buyer_Name_2":"","Buyer_Mailing_Address_A":"","Buyer_Mailing_Address_B":"","Buyer_Mailing_Address_City":"","Buyer_Mailing_Address_State":"","Buyer_Mailing_Address_Zip":"","MERIDIAN":"S","TWP_NUM":"18","TWP_NS":"N","RNG_NUM":"03","RNG_EW":"E","SECT_NUM":"07","GRIDNAME":"PA","GRIDNUM":"02","LANDVALUE":15600.0,"LANDASSD":15600.0,"BLDGVALUE":104700.0,"BLDGASSD":104700.0,"GENAREA":"3654","NBHD":"A1N10","TAXZONE":"0026","CITY":"","COMMCOUN":"15","FSA":"132","RSA":"019","SSA_1":"","SSA_2":"","ESN":24,"ECN":14,"ASSMBDISTRICT":"1","VOTINGPRCNT":"25-315","DFIRM":null,"SPUD":null,"SUBDNUM":4414,"LEGAL":"OGAN                               LOT 1","DOC1_DATE":"2022-08-01T00:00:00Z","DOC1_TYPE":"WARRANTY DEED (ALL TYPES)","DOC1_RCRD":"Palmer-Bk  Pg ","DOC2_DATE":"2014-07-16T00:00:00Z","DOC2_TYPE":"QUITCLAIM DEED (ALL TYPE)","DOC2_RCRD":"Palmer-Bk  Pg ","LANDUSE":"","RESUNIT":1.0,"MHUNIT":0.0,"DUPLEXUNIT":0.0,"MULTIUNIT":0.0,"GQUNIT":0.0,"MH_PK_UNIT":0.0,"BLDG_USE1":"1100","BLDG_USE2":"","BLDG_USE3":"","BLDG_USE4":"","BLDG_USE5":"","BLDG_USE6":"","Photo":"https://ecommerce.matsugov.us/assessment/Pages/Photos.aspx?isDLG=1&P_ID=69169","GlobalID":"{64B3E462-BA6C-4877-BE68-84A6BFE1EC1A}","Shape_Length":0.0048353781623843009,"Shape_Area":1.3763570337403957e-06},"geometry":{"type":"MultiPolygon","coordinates":[[[[-148.992048860999972,61.660249460000045,0.0],[-148.992034492999977,61.660247006000077,0.0],[-148.992021896999972,61.660244524000063,0.0],[-148.991982707999966,61.660234502000037,0.0],[-148.991947237999966,61.660221727000078,0.0],[-148.991916333999967,61.660206505000076,0.0],[-148.991888611999968,61.660187468000061,0.0],[-148.991868040999975,61.660166482000079,0.0],[-148.991855206999958,61.66014414700004,0.0],[-148.991850480999972,61.660121103000051,0.0],[-148.991828940999966,61.659303589000046,0.0],[-148.993339370999962,61.659512318000054,0.0],[-148.993339615999957,61.659524086000033,0.0],[-148.993358467999968,61.660430536000035,0.0],[-148.992057754999962,61.660250721000068,0.0],[-148.992048860999972,61.660249460000045,0.0]]]]}},
{"type":"Feature","properties":{"OBJECTID":103863,"ParcelType":2,"P_ID":526698,"ACCOUNT":"18N02E12D012","TAXID_LOKI":"118N02E12D012","ACRES":20.0166846,"TAXACRE":18.13,"ORIGACRE":20.02,"FTYPE":"PARCEL","GENOWN":"PRIVATE","BUYLEASE":"N","OWNER_1":"LOHR EDWARD M & SUZANNE F","NAME_2":"","MAILING_ADDRESS_LINE_A":"","MAILING_ADDRESS_LINE_B":"9369 N WOLVERINE RD ","MAILING_ADDRESS_CITY":"PALMER","MAILING_ADDRESS_STATE":"AK","MAILING_ADDRESS_ZIP":"99645-8734","Buyer_Name":"","Buyer_Name_2":"","Buyer_Mailing_Address_A":"","Buyer_Mailing_Address_B":"","Buyer_Mailing_Address_City":"","Buyer_Mailing_Address_State":"","Buyer_Mailing_Address_Zip":"","MERIDIAN":"S","TWP_NUM":"18","TWP_NS":"N","RNG_NUM":"02","RNG_EW":"E","SECT_NUM":"12","GRIDNAME":"PA","GRIDNUM":"03","LANDVALUE":134700.0,"LANDASSD":0.0,"BLDGVALUE":355900.0,"BLDGASSD":205341.0,"GENAREA":"3654","NBHD":"A1N10","TAXZONE":"0026","CITY":"","COMMCOUN":"15","FSA":"132","RSA":"019","SSA_1":"","SSA_2":"","ESN":24,"ECN":14,"ASSMBDISTRICT":"1","VOTINGPRCNT":"25-315","DFIRM":"02170C7300E","SPUD":null,"SUBDNUM":0,"LEGAL":"TOWNSHIP 18N RANGE 2E              SECTION 12 LOT D12","DOC1_DATE":"2021-11-12T00:00:00Z","DOC1_TYPE":"WARRANTY DEED (ALL TYPES)","DOC1_RCRD":"Palmer-Bk  Pg ","DOC2_DATE":"2015-09-21T00:00:00Z","DOC2_TYPE":"WAIVER","DOC2_RCRD":"Palmer-Bk  Pg ","LANDUSE":"","RESUNIT":1.0,"MHUNIT":0.0,"DUPLEXUNIT":0.0,"MULTIUNIT":0.0,"GQUNIT":0.0,"MH_PK_UNIT":0.0,"BLDG_USE1":"1100","BLDG_USE2":"1110","BLDG_USE3":"","BLDG_USE4":"","BLDG_USE5":"","BLDG_USE6":"","Photo":"https://ecommerce.matsugov.us/assessment/Pages/Photos.aspx?isDLG=1&P_ID=526698","GlobalID":"{8FE10750-937F-455D-B5F8-CCC166BF600D}","Shape_Length":0.015961052415013013,"Shape_Area":1.3721453850419089e-05},"geometry":{"type":"MultiPolygon","coordinates":[[[[-149.019458011999973,61.658135142000049,0.0],[-149.019598205999984,61.658084066000072,0.0],[-149.019618959999974,61.660809056000062,0.0],[-149.015772235999975,61.660810774000083,0.0],[-149.013836379999958,61.660811598000066,0.0],[-149.015120172999957,61.65813743700005,0.0],[-149.019458011999973,61.658135142000049,0.0]]]]}},
{"type":"Feature","properties":{"OBJECTID":103864,"ParcelType":2,"P_ID":526701,"ACCOUNT":"18N02E12D013","TAXID_LOKI":"118N02E12D013","ACRES":19.9761967,"TAXACRE":19.7,"ORIGACRE":20.0,"FTYPE":"PARCEL","GENOWN":"PRIVATE","BUYLEASE":"N","OWNER_1":"SUNDERLAND FARMS LLC","NAME_2":"","MAILING_ADDRESS_LINE_A":"","MAILING_ADDRESS_LINE_B":"10120 N WOLVERINE RD ","MAILING_ADDRESS_CITY":"PALMER","MAILING_ADDRESS_STATE":"AK","MAILING_ADDRESS_ZIP":"99645","Buyer_Name":"","Buyer_Name_2":"","Buyer_Mailing_Address_A":"","Buyer_Mailing_Address_B":"","Buyer_Mailing_Address_City":"","Buyer_Mailing_Address_State":"","Buyer_Mailing_Address_Zip":"","MERIDIAN":"S","TWP_NUM":"18","TWP_NS":"N","RNG_NUM":"02","RNG_EW":"E","SECT_NUM":"13","GRIDNAME":"PA","GRIDNUM":"03","LANDVALUE":134600.0,"LANDASSD":134600.0,"BLDGVALUE":0.0,"BLDGASSD":0.0,"GENAREA":"3654","NBHD":"A1N10","TAXZONE":"0026","CITY":"","COMMCOUN":"15","FSA":"132","RSA":"019","SSA_1":"","SSA_2":"","ESN":24,"ECN":14,"ASSMBDISTRICT":"1","VOTINGPRCNT":"25-315","DFIRM":"02170C7300E","SPUD":null,"SUBDNUM":0,"LEGAL":"TOWNSHIP 18N RANGE 2E              SECTION 12 LOT D13","DOC1_DATE":"2020-01-28T00:00:00Z","DOC1_TYPE":"WARRANTY DEED (ALL TYPES)","DOC1_RCRD":"Palmer-Bk  Pg ","DOC2_DATE":"2015-12-04T00:00:00Z","DOC2_TYPE":"WARRANTY DEED (ALL TYPES)","DOC2_RCRD":"Palmer-Bk  Pg ","LANDUSE":"","RESUNIT":0.0,"MHUNIT":0.0,"DUPLEXUNIT":0.0,"MULTIUNIT":0.0,"GQUNIT":0.0,"MH_PK_UNIT":0.0,"BLDG_USE1":"","BLDG_USE2":"","BLDG_USE3":"","BLDG_USE4":"","BLDG_USE5":"","BLDG_USE6":"","Photo":"https://ecommerce.matsugov.us/assessment/Pages/Photos.aspx?isDLG=1&P_ID=526701","GlobalID":"{A53BD28D-9DB3-4E51-AEDE-105DB9B6CD3C}","Shape_Length":0.021351799410626097,"Shape_Area":1.3693334511916503e-05},"geometry":{"type":"MultiPolygon","coordinates":[[[[-149.011991067999958,61.657204818000082,0.0],[-149.019591478999956,61.657200873000079,0.0],[-149.019598205999984,61.658084066000072,0.0],[-149.019458011999973,61.658135142000049,0.0],[-149.015120172999957,61.65813743700005,0.0],[-149.013836379999958,61.660811598000066,0.0],[-149.012014947999972,61.660798022000051,0.0],[-149.011991067999958,61.657204818000082,0.0]]]]}},
{"type":"Feature","properties":{"OBJECTID":103865,"ParcelType":2,"P_ID":88535,"ACCOUNT":"18N02E12D006","TAXID_LOKI":"118N02E12D006","ACRES":39.80336961,"TAXACRE":38.48,"ORIGACRE":38.48,"FTYPE":"PARCEL","GENOWN":"PRIVATE","BUYLEASE":"N","OWNER_1":"SUNDERLAND FARMS LLC","NAME_2":"","MAILING_ADDRESS_LINE_A":"","MAILING_ADDRESS_LINE_B":"10120 N WOLVERINE RD ","MAILING_ADDRESS_CITY":"PALMER","MAILING_ADDRESS_STATE":"AK","MAILING_ADDRESS_ZIP":"99645","Buyer_Name":"","Buyer_Name_2":"","Buyer_Mailing_Address_A":"","Buyer_Mailing_Address_B":"","Buyer_Mailing_Address_City":"","Buyer_Mailing_Address_State":"","Buyer_Mailing_Address_Zip":"","MERIDIAN":"S","TWP_NUM":"18","TWP_NS":"N","RNG_NUM":"03","RNG_EW":"E","SECT_NUM":"13","GRIDNAME":"PA","GRIDNUM":"02","LANDVALUE":177000.0,"LANDASSD":177000.0,"BLDGVALUE":0.0,"BLDGASSD":0.0,"GENAREA":"3654","NBHD":"A1N10","TAXZONE":"0026","CITY":"","COMMCOUN":"15","FSA":"132","RSA":"019","SSA_1":"","SSA_2":"","ESN":24,"ECN":14,"ASSMBDISTRICT":"1","VOTINGPRCNT":"25-315","DFIRM":"02170C7300E","SPUD":null,"SUBDNUM":0,"LEGAL":"TOWNSHIP 18N RANGE 2E              SECTION 12 LOT D6","DOC1_DATE":"2020-01-28T00:00:00Z","DOC1_TYPE":"WARRANTY DEED (ALL TYPES)","DOC1_RCRD":"Palmer-Bk  Pg ","DOC2_DATE":"2011-10-26T00:00:00Z","DOC2_TYPE":"WARRANTY DEED (ALL TYPES)","DOC2_RCRD":"Palmer-Bk  Pg ","LANDUSE":"","RESUNIT":0.0,"MHUNIT":0.0,"DUPLEXUNIT":0.0,"MULTIUNIT":0.0,"GQUNIT":0.0,"MH_PK_UNIT":0.0,"BLDG_USE1":"","BLDG_USE2":"","BLDG_USE3":"","BLDG_USE4":"","BLDG_USE5":"","BLDG_USE6":"","Photo":"https://ecommerce.matsugov.us/assessment/Pages/Photos.aspx?isDLG=1&P_ID=88535","GlobalID":"{E44BCF7E-E8E8-4B1E-AC6E-3859D1B9629A}","Shape_Length":0.022371896691559333,"Shape_Area":2.7284597492543602e-05},"geometry":{"type":"MultiPolygon","coordinates":[[[[-148.996787351999984,61.657211443000051,0.0],[-149.004381117999969,61.657208345000072,0.0],[-149.004376018999977,61.66078863000007,0.0],[-148.996785606999964,61.660818812000059,0.0],[-148.996787351999984,61.657211443000051,0.0]]]]}},
{"type":"Feature","properties":{"OBJECTID":103866,"ParcelType":2,"P_ID":26750,"ACCOUNT":"18N03E07C013","TAXID_LOKI":"118N03E07C013","ACRES":13.12281295,"TAXACRE":12.6,"ORIGACRE":12.73,"FTYPE":"PARCEL","GENOWN":"PRIVATE","BUYLEASE":"N","OWNER_1":"GREENFIELD RICHIE","NAME_2":"DUBAY ADAM D","MAILING_ADDRESS_LINE_A":"","MAILING_ADDRESS_LINE_B":"HC 89 BOX 8203","MAILING_ADDRESS_CITY":"TALKEETNA","MAILING_ADDRESS_STATE":"AK","MAILING_ADDRESS_ZIP":"99676","Buyer_Name":"","Buyer_Name_2":"","Buyer_Mailing_Address_A":"","Buyer_Mailing_Address_B":"","Buyer_Mailing_Address_City":"","Buyer_Mailing_Address_State":"","Buyer_Mailing_Address_Zip":"","MERIDIAN":"S","TWP_NUM":"18","TWP_NS":"N","RNG_NUM":"03","RNG_EW":"E","SECT_NUM":"07","GRIDNAME":"PA","GRIDNUM":"02","LANDVALUE":52700.0,"LANDASSD":52700.0,"BLDGVALUE":14900.0,"BLDGASSD":14900.0,"GENAREA":"3654","NBHD":"A1N10","TAXZONE":"0026","CITY":"","COMMCOUN":"15","FSA":"132","RSA":"019","SSA_1":"","SSA_2":"","ESN":24,"ECN":14,"ASSMBDISTRICT":"1","VOTINGPRCNT":"25-315","DFIRM":null,"SPUD":null,"SUBDNUM":0,"LEGAL":"TOWNSHIP 18N RANGE 3E              SECTION 7 LOT C13","DOC1_DATE":"1995-06-07T00:00:00Z","DOC1_TYPE":"WARRANTY DEED (ALL TYPES)","DOC1_RCRD":"Palmer-Bk 807 Pg 10","DOC2_DATE":"1990-01-16T00:00:00Z","DOC2_TYPE":"WARRANTY DEED (ALL TYPES)","DOC2_RCRD":"Palmer-Bk 607 Pg 378","LANDUSE":"","RESUNIT":1.0,"MHUNIT":0.0,"DUPLEXUNIT":0.0,"MULTIUNIT":0.0,"GQUNIT":0.0,"MH_PK_UNIT":0.0,"BLDG_USE1":"1100","BLDG_USE2":"1110","BLDG_USE3":"","BLDG_USE4":"","BLDG_USE5":"","BLDG_USE6":"","Photo":"https://ecommerce.matsugov.us/assessment/Pages/Photos.aspx?isDLG=1&P_ID=26750","GlobalID":"{0131E608-6E28-465C-9DBB-EAE4EC3FC774}","Shape_Length":0.014049424167659403,"Shape_Area":8.995359342039517e-06},"geometry":{"type":"MultiPolygon","coordinates":[[[[-148.993291775999978,61.657225994000044,0.0],[-148.996787351999984,61.657211443000051,0.0],[-148.996785606999964,61.660818812000059,0.0],[-148.996785604999957,61.660822170000074,0.0],[-148.996134014999967,61.660824889000082,0.0],[-148.996134362999982,61.659628688000055,0.0],[-148.993339615999957,61.659524086000033,0.0],[-148.993339370999962,61.659512318000054,0.0],[-148.993291775999978,61.657225994000044,0.0]]]]}},
{"type":"Feature","properties":{"OBJECTID":103867,"ParcelType":2,"P_ID":2621,"ACCOUNT":"18N03E07C012","TAXID_LOKI":"118N03E07C012","ACRES":5.08726043,"TAXACRE":4.37,"ORIGACRE":5.01,"FTYPE":"PARCEL","GENOWN":"PRIVATE","BUYLEASE":"N","OWNER_1":"GREENFIELD RICHIE","NAME_2":"DUBAY ADAM","MAILING_ADDRESS_LINE_A":"","MAILING_ADDRESS_LINE_B":"HC 89 BOX 8203","MAILING_ADDRESS_CITY":"TALKEETNA","MAILING_ADDRESS_STATE":"AK","MAILING_ADDRESS_ZIP":"99676","Buyer_Name":"","Buyer_Name_2":"","Buyer_Mailing_Address_A":"","Buyer_Mailing_Address_B":"","Buyer_Mailing_Address_City":"","Buyer_Mailing_Address_State":"","Buyer_Mailing_Address_Zip":"","MERIDIAN":"S","TWP_NUM":"18","TWP_NS":"N","RNG_NUM":"03","RNG_EW":"E","SECT_NUM":"07","GRIDNAME":"PA","GRIDNUM":"02","LANDVALUE":34600.0,"LANDASSD":34600.0,"BLDGVALUE":4500.0,"BLDGASSD":4500.0,"GENAREA":"3654","NBHD":"A1N10","TAXZONE":"0026","CITY":"","COMMCOUN":"15","FSA":"132","RSA":"019","SSA_1":"","SSA_2":"","ESN":24,"ECN":14,"ASSMBDISTRICT":"1","VOTINGPRCNT":"25-315","DFIRM":null,"SPUD":null,"SUBDNUM":0,"LEGAL":"TOWNSHIP 18N RANGE 3E              SECTION 7 LOT C12","DOC1_DATE":"1991-05-23T00:00:00Z","DOC1_TYPE":"WARRANTY DEED (ALL TYPES)","DOC1_RCRD":"Palmer-Bk 650 Pg 741","DOC2_DATE":"1990-01-10T00:00:00Z","DOC2_TYPE":"TRUSTEES DEED","DOC2_RCRD":"Palmer-Bk 606 Pg 926","LANDUSE":"","RESUNIT":0.0,"MHUNIT":0.0,"DUPLEXUNIT":0.0,"MULTIUNIT":0.0,"GQUNIT":0.0,"MH_PK_UNIT":0.0,"BLDG_USE1":"","BLDG_USE2":"","BLDG_USE3":"","BLDG_USE4":"","BLDG_USE5":"","BLDG_USE6":"","Photo":"https://ecommerce.matsugov.us/assessment/Pages/Photos.aspx?isDLG=1&P_ID=2621","GlobalID":"{51E6B248-065C-4C64-AF1E-C1D3A8951C8A}","Shape_Length":0.0080726326177499984,"Shape_Area":3.4873708084410041e-06},"geometry":{"type":"MultiPolygon","coordinates":[[[[-148.993358467999968,61.660430536000035,0.0],[-148.993339615999957,61.659524086000033,0.0],[-148.996134362999982,61.659628688000055,0.0],[-148.996134014999967,61.660824889000082,0.0],[-148.993366908999974,61.660836400000051,0.0],[-148.993362032999983,61.660601944000064,0.0],[-148.993358467999968,61.660430536000035,0.0]]]]}},
{"type":"Feature","properties":{"OBJECTID":103868,"ParcelType":2,"P_ID":45355,"ACCOUNT":"18N03E07C011","TAXID_LOKI":"118N03E07C011","ACRES":2.34481291,"TAXACRE":2.0,"ORIGACRE":2.0,"FTYPE":"PARCEL","GENOWN":"PRIVATE","BUYLEASE":"N","OWNER_1":"LYNN LORENE","NAME_2":"","MAILING_ADDRESS_LINE_A":"","MAILING_ADDRESS_LINE_B":"10366 N WOLVERINE RD ","MAILING_ADDRESS_CITY":"PALMER","MAILING_ADDRESS_STATE":"AK","MAILING_ADDRESS_ZIP":"99645","Buyer_Name":"","Buyer_Name_2":"","Buyer_Mailing_Address_A":"","Buyer_Mailing_Address_B":"","Buyer_Mailing_Address_City":"","Buyer_Mailing_Address_State":"","Buyer_Mailing_Address_Zip":"","MERIDIAN":"S","TWP_NUM":"18","TWP_NS":"N","RNG_NUM":"03","RNG_EW":"E","SECT_NUM":"07","GRIDNAME":"PA","GRIDNUM":"02","LANDVALUE":17300.0,"LANDASSD":17300.0,"BLDGVALUE":0.0,"BLDGASSD":0.0,"GENAREA":"3654","NBHD":"A1N10","TAXZONE":"0026","CITY":"","COMMCOUN":"15","FSA":"132","RSA":"019","SSA_1":"","SSA_2":"","ESN":24,"ECN":14,"ASSMBDISTRICT":"1","VOTINGPRCNT":"25-315","DFIRM":null,"SPUD":null,"SUBDNUM":0,"LEGAL":"TOWNSHIP 18N RANGE 3E              SECTION 7 LOT C11","DOC1_DATE":"2026-08-27T00:00:00Z","DOC1_TYPE":"WARRANTY DEED (ALL TYPES)","DOC1_RCRD":"Palmer-Bk  Pg ","DOC2_DATE":"1982-06-22T00:00:00Z","DOC2_TYPE":"WARRANTY DEED (ALL TYPES)","DOC2_RCRD":"Palmer-Bk 265 Pg 916","LANDUSE":"","RESUNIT":0.0,"MHUNIT":0.0,"DUPLEXUNIT":0.0,"MULTIUNIT":0.0,"GQUNIT":0.0,"MH_PK_UNIT":0.0,"BLDG_USE1":"","BLDG_USE2":"","BLDG_USE3":"","BLDG_USE4":"","BLDG_USE5":"","BLDG_USE6":"","Photo":"https://ecommerce.matsugov.us/assessment/Pages/Photos.aspx?isDLG=1&P_ID=45355","GlobalID":"{3F53D0E7-8B49-40AB-B005-E7B697E846B4}","Shape_Length":0.0077510735412412669,"Shape_Area":1.6074166469806643e-06},"geometry":{"type":"MultiPolygon","coordinates":[[[[-148.989986174999956,61.660850388000028,0.0],[-148.989975205999968,61.660133709000036,0.0],[-148.993362032999983,61.660601944000064,0.0],[-148.993366908999974,61.660836400000051,0.0],[-148.989986174999956,61.660850388000028,0.0]]]]}},
{"type":"Feature","properties":{"OBJECTID":103869,"ParcelType":2,"P_ID":51511,"ACCOUNT":"18N02E12C005","TAXID_LOKI":"118N02E12C005","ACRES":5.06506237,"TAXACRE":4.24,"ORIGACRE":5.0,"FTYPE":"PARCEL","GENOWN":"PRIVATE","BUYLEASE":"N","OWNER_1":"BERRY KIRK & VICKY","NAME_2":"","MAILING_ADDRESS_LINE_A":"","MAILING_ADDRESS_LINE_B":"PO BOX 2116","MAILING_ADDRESS_CITY":"PALMER","MAILING_ADDRESS_STATE":"AK","MAILING_ADDRESS_ZIP":"99645-2116","Buyer_Name":"","Buyer_Name_2":"","Buyer_Mailing_Address_A":"","Buyer_Mailing_Address_B":"","Buyer_Mailing_Address_City":"","Buyer_Mailing_Address_State":"","Buyer_Mailing_Address_Zip":"","MERIDIAN":"S","TWP_NUM":"18","TWP_NS":"N","RNG_NUM":"02","RNG_EW":"E","SECT_NUM":"12","GRIDNAME":"PA","GRIDNUM":"03","LANDVALUE":61000.0,"LANDASSD":61000.0,"BLDGVALUE":177700.0,"BLDGASSD":177700.0,"GENAREA":"3654","NBHD":"A1N10","TAXZONE":"0026","CITY":"","COMMCOUN":"15","FSA":"132","RSA":"019","SSA_1":"","SSA_2":"","ESN":24,"ECN":14,"ASSMBDISTRICT":"1","VOTINGPRCNT":"25-315","DFIRM":"02170C7300E","SPUD":null,"SUBDNUM":0,"LEGAL":"TOWNSHIP 18N RANGE 2E              SECTION 12 LOT C5","DOC1_DATE":"1996-05-30T00:00:00Z","DOC1_TYPE":"WARRANTY DEED (ALL TYPES)","DOC1_RCRD":"Palmer-Bk 849 Pg 962","DOC2_DATE":"1991-12-03T00:00:00Z","DOC2_TYPE":"QUITCLAIM DEED (ALL TYPE)","DOC2_RCRD":"Palmer-Bk 669 Pg 67","LANDUSE":"","RESUNIT":1.0,"MHUNIT":0.0,"DUPLEXUNIT":0.0,"MULTIUNIT":0.0,"GQUNIT":0.0,"MH_PK_UNIT":0.0,"BLDG_USE1":"1100","BLDG_USE2":"","BLDG_USE3":"","BLDG_USE4":"","BLDG_USE5":"","BLDG_USE6":"","Photo":"https://ecommerce.matsugov.us/assessment/Pages/Photos.aspx?isDLG=1&P_ID=51511","GlobalID":"{EEB2E17D-7240-4D13-B27C-4C47302CE6AA}","Shape_Length":0.0094988528040749701,"Shape_Area":3.4722823483213653e-06},"geometry":{"type":"MultiPolygon","coordinates":[[[[-149.015772235999975,61.660810774000083,0.0],[-149.019618959999974,61.660809056000062,0.0],[-149.019619187999979,61.661711702000048,0.0],[-149.01577235299996,61.661713421000059,0.0],[-149.015772235999975,61.660810774000083,0.0]]]]}},
{"type":"Feature","properties":{"OBJECTID":103870,"ParcelType":1,"P_ID":62203,"ACCOUNT":"6003B01L003","TAXID_LOKI":"56003B01L003","ACRES":1.13351862,"TAXACRE":1.15,"ORIGACRE":1.15,"FTYPE":"PARCEL","GENOWN":"PRIVATE","BUYLEASE":"N","OWNER_1":"RAABE CHRISTOPHER W","NAME_2":"","MAILING_ADDRESS_LINE_A":"","MAILING_ADDRESS_LINE_B":"1021 N BISHOP AVE ","MAILING_ADDRESS_CITY":"DALLAS","MAILING_ADDRESS_STATE":"TX","MAILING_ADDRESS_ZIP":"75208-4112","Buyer_Name":"","Buyer_Name_2":"","Buyer_Mailing_Address_A":"","Buyer_Mailing_Address_B":"","Buyer_Mailing_Address_City":"","Buyer_Mailing_Address_State":"","Buyer_Mailing_Address_Zip":"","MERIDIAN":"S","TWP_NUM":"18","TWP_NS":"N","RNG_NUM":"02","RNG_EW":"E","SECT_NUM":"12","GRIDNAME":"PA","GRIDNUM":"03","LANDVALUE":11500.0,"LANDASSD":11500.0,"BLDGVALUE":272300.0,"BLDGASSD":272300.0,"GENAREA":"3654","NBHD":"A1N12","TAXZONE":"0026","CITY":"","COMMCOUN":"15","FSA":"132","RSA":"019","SSA_1":"","SSA_2":"","ESN":24,"ECN":14,"ASSMBDISTRICT":"1","VOTINGPRCNT":"25-315","DFIRM":"02170C7300E","SPUD":null,"SUBDNUM":6003,"LEGAL":"ALASKA RANCHOS #1                  BLOCK 1 LOT 3","DOC1_DATE":"2013-12-13T00:00:00Z","DOC1_TYPE":"WARRANTY DEED (ALL TYPES)","DOC1_RCRD":"Palmer-Bk  Pg ","DOC2_DATE":"2006-06-22T00:00:00Z","DOC2_TYPE":"WARRANTY DEED (ALL TYPES)","DOC2_RCRD":"Palmer-Bk  Pg 0","LANDUSE":"","RESUNIT":1.0,"MHUNIT":0.0,"DUPLEXUNIT":0.0,"MULTIUNIT":0.0,"GQUNIT":0.0,"MH_PK_UNIT":0.0,"BLDG_USE1":"1100","BLDG_USE2":"","BLDG_USE3":"","BLDG_USE4":"","BLDG_USE5":"","BLDG_USE6":"","Photo":"https://ecommerce.matsugov.us/assessment/Pages/Photos.aspx?isDLG=1&P_ID=62203","GlobalID":"{AFF2C159-76A0-4C6B-AA86-40447C7E20BF}","Shape_Length":0.0039810074931089599,"Shape_Area":7.7706577400344296e-07},"geometry":{"type":"MultiPolygon","coordinates":[[[[-149.002764789999958,61.661566476000075,0.0],[-149.002764966999962,61.660964922000062,0.0],[-149.004260938999977,61.660967219000042,0.0],[-149.004261058999958,61.66129520800007,0.0],[-149.003014312999966,61.66163515900007,0.0],[-149.002990116999968,61.661618201000067,0.0],[-149.002960859999973,61.661603152000055,0.0],[-149.002927202999956,61.66159035000004,0.0],[-149.002889901999964,61.661580082000057,0.0],[-149.002849789999971,61.661572579000051,0.0],[-149.002807772999972,61.661568009000064,0.0],[-149.002764789999958,61.661566476000075,0.0]]]]}},
{"type":"Feature","properties":{"OBJECTID":103871,"ParcelType":1,"P_ID":21825,"ACCOUNT":"6003B01L002","TAXID_LOKI":"56003B01L002","ACRES":0.99524382,"TAXACRE":1.0,"ORIGACRE":1.0,"FTYPE":"PARCEL","GENOWN":"PRIVATE","BUYLEASE":"N","OWNER_1":"RIDER GARY","NAME_2":"","MAILING_ADDRESS_LINE_A":"","MAILING_ADDRESS_LINE_B":"17800 E FELDMAN CT","MAILING_ADDRESS_CITY":"PALMER","MAILING_ADDRESS_STATE":"AK","MAILING_ADDRESS_ZIP":"99645","Buyer_Name":"","Buyer_Name_2":"","Buyer_Mailing_Address_A":"","Buyer_Mailing_Address_B":"","Buyer_Mailing_Address_City":"","Buyer_Mailing_Address_State":"","Buyer_Mailing_Address_Zip":"","MERIDIAN":"S","TWP_NUM":"18","TWP_NS":"N","RNG_NUM":"02","RNG_EW":"E","SECT_NUM":"12","GRIDNAME":"PA","GRIDNUM":"03","LANDVALUE":11500.0,"LANDASSD":0.0,"BLDGVALUE":71600.0,"BLDGASSD":0.0,"GENAREA":"3654","NBHD":"A1N12","TAXZONE":"0026","CITY":"","COMMCOUN":"15","FSA":"132","RSA":"019","SSA_1":"","SSA_2":"","ESN":24,"ECN":14,"ASSMBDISTRICT":"1","VOTINGPRCNT":"25-315","DFIRM":"02170C7300E","SPUD":null,"SUBDNUM":6003,"LEGAL":"ALASKA RANCHOS #1                  BLOCK 1 LOT 2","DOC1_DATE":"1996-08-19T00:00:00Z","DOC1_TYPE":"QUITCLAIM DEED (ALL TYPE)","DOC1_RCRD":"Palmer-Bk 861 Pg 492","DOC2_DATE":"1994-10-12T00:00:00Z","DOC2_TYPE":"","DOC2_RCRD":"Palmer-Bk 784 Pg 614","LANDUSE":"","RESUNIT":0.0,"MHUNIT":0.0,"DUPLEXUNIT":0.0,"MULTIUNIT":0.0,"GQUNIT":0.0,"MH_PK_UNIT":0.0,"BLDG_USE1":"1110","BLDG_USE2":"","BLDG_USE3":"","BLDG_USE4":"","BLDG_USE5":"","BLDG_USE6":"","Photo":"https://ecommerce.matsugov.us/assessment/Pages/Photos.aspx?isDLG=1&P_ID=21825","GlobalID":"{2728A56C-9D79-4496-8B7E-667BEB878C1E}","Shape_Length":0.0033544451072828581,"Shape_Area":6.8227547591250361e-07},"geometry":{"type":"MultiPolygon","coordinates":[[[[-149.001729330999979,61.660963322000043,0.0],[-149.002764966999962,61.660964922000062,0.0],[-149.002764789999958,61.661566476000075,0.0],[-149.002716628999963,61.661568407000061,0.0],[-149.002669829999974,61.661574144000042,0.0],[-149.002625709999961,61.661583525000083,0.0],[-149.002585515999982,61.66159628500003,0.0],[-149.00255038399996,61.661612063000064,0.0],[-149.00253281199997,61.661619955000049,0.0],[-149.002512708999973,61.661626335000051,0.0],[-149.002490642999959,61.661631025000077,0.0],[-149.002467236999962,61.661633894000033,0.0],[-149.002443149999976,61.661634857000081,0.0],[-149.001729118999975,61.661634806000052,0.0],[-149.001729330999979,61.660963322000043,0.0]]]]}},
{"type":"Feature","properties":{"OBJECTID":103872,"ParcelType":2,"P_ID":7366,"ACCOUNT":"18N02E12C004","TAXID_LOKI":"118N02E12C004","ACRES":4.96626963,"TAXACRE":3.94,"ORIGACRE":5.0,"FTYPE":"PARCEL","GENOWN":"PRIVATE","BUYLEASE":"N","OWNER_1":"PRICKETT MELISSA","NAME_2":"","MAILING_ADDRESS_LINE_A":"","MAILING_ADDRESS_LINE_B":"9312 N WOLVERINE RD ","MAILING_ADDRESS_CITY":"PALMER","MAILING_ADDRESS_STATE":"AK","MAILING_ADDRESS_ZIP":"99645","Buyer_Name":"","Buyer_Name_2":"","Buyer_Mailing_Address_A":"","Buyer_Mailing_Address_B":"","Buyer_Mailing_Address_City":"","Buyer_Mailing_Address_State":"","Buyer_Mailing_Address_Zip":"","MERIDIAN":"S","TWP_NUM":"18","TWP_NS":"N","RNG_NUM":"02","RNG_EW":"E","SECT_NUM":"12","GRIDNAME":"PA","GRIDNUM":"03","LANDVALUE":54900.0,"LANDASSD":54900.0,"BLDGVALUE":295800.0,"BLDGASSD":295800.0,"GENAREA":"3654","NBHD":"A1N10","TAXZONE":"0026","CITY":"","COMMCOUN":"15","FSA":"132","RSA":"019","SSA_1":"","SSA_2":"","ESN":24,"ECN":14,"ASSMBDISTRICT":"1","VOTINGPRCNT":"25-315","DFIRM":"02170C7300E","SPUD":null,"SUBDNUM":0,"LEGAL":"TOWNSHIP 18N RANGE 2E              SECTION 12 LOT C4","DOC1_DATE":"2022-09-26T00:00:00Z","DOC1_TYPE":"WARRANTY DEED (ALL TYPES)","DOC1_RCRD":"Palmer-Bk  Pg ","DOC2_DATE":"2022-08-11T00:00:00Z","DOC2_TYPE":"WARRANTY DEED (ALL TYPES)","DOC2_RCRD":"Palmer-Bk  Pg ","LANDUSE":"","RESUNIT":1.0,"MHUNIT":0.0,"DUPLEXUNIT":0.0,"MULTIUNIT":0.0,"GQUNIT":0.0,"MH_PK_UNIT":0.0,"BLDG_USE1":"1100","BLDG_USE2":"1110","BLDG_USE3":"","BLDG_USE4":"","BLDG_USE5":"","BLDG_USE6":"","Photo":"https://ecommerce.matsugov.us/assessment/Pages/Photos.aspx?isDLG=1&P_ID=7366","GlobalID":"{8A4713D0-627A-4AF8-A86D-C548C33D9B1C}","Shape_Length":0.0093342601115010814,"Shape_Area":3.4045310499513417e-06},"geometry":{"type":"MultiPolygon","coordinates":[[[[-149.012015050999963,61.661714994000079,0.0],[-149.012014947999972,61.660798022000051,0.0],[-149.013836379999958,61.660811598000066,0.0],[-149.015772235999975,61.660810774000083,0.0],[-149.01577235299996,61.661713421000059,0.0],[-149.012015050999963,61.661714994000079,0.0]]]]}},
{"type":"Feature","properties":{"OBJECTID":103873,"ParcelType":1,"P_ID":38040,"ACCOUNT":"6003B01L001","TAXID_LOKI":"56003B01L001","ACRES":0.95596853,"TAXACRE":0.96,"ORIGACRE":0.96,"FTYPE":"PARCEL","GENOWN":"PRIVATE","BUYLEASE":"N","OWNER_1":"RIDER GARY","NAME_2":"","MAILING_ADDRESS_LINE_A":"","MAILING_ADDRESS_LINE_B":"17800 E FELDMAN CT","MAILING_ADDRESS_CITY":"PALMER","MAILING_ADDRESS_STATE":"AK","MAILING_ADDRESS_ZIP":"99645","Buyer_Name":"","Buyer_Name_2":"","Buyer_Mailing_Address_A":"","Buyer_Mailing_Address_B":"","Buyer_Mailing_Address_City":"","Buyer_Mailing_Address_State":"","Buyer_Mailing_Address_Zip":"","MERIDIAN":"S","TWP_NUM":"18","TWP_NS":"N","RNG_NUM":"02","RNG_EW":"E","SECT_NUM":"12","GRIDNAME":"PA","GRIDNUM":"03","LANDVALUE":11500.0,"LANDASSD":0.0,"BLDGVALUE":99000.0,"BLDGASSD":0.0,"GENAREA":"3654","NBHD":"A1N12","TAXZONE":"0026","CITY":"","COMMCOUN":"15","FSA":"132","RSA":"019","SSA_1":"","SSA_2":"","ESN":24,"ECN":14,"ASSMBDISTRICT":"1","VOTINGPRCNT":"25-315","DFIRM":"02170C7300E","SPUD":null,"SUBDNUM":6003,"LEGAL":"ALASKA RANCHOS #1                  BLOCK 1 LOT 1","DOC1_DATE":null,"DOC1_TYPE":"","DOC1_RCRD":"","DOC2_DATE":null,"DOC2_TYPE":"","DOC2_RCRD":"","LANDUSE":"","RESUNIT":3.0,"MHUNIT":0.0,"DUPLEXUNIT":0.0,"MULTIUNIT":0.0,"GQUNIT":0.0,"MH_PK_UNIT":0.0,"BLDG_USE1":"1100","BLDG_USE2":"","BLDG_USE3":"","BLDG_USE4":"","BLDG_USE5":"","BLDG_USE6":"","Photo":"https://ecommerce.matsugov.us/assessment/Pages/Photos.aspx?isDLG=1&P_ID=38040","GlobalID":"{25383C2A-5C86-475F-B926-B42F89F50497}","Shape_Length":0.0032602193349344907,"Shape_Area":6.5534939391689191e-07},"geometry":{"type":"MultiPolygon","coordinates":[[[[-149.000751233999978,61.660961805000056,0.0],[-149.001729330999979,61.660963322000043,0.0],[-149.001729118999975,61.661634806000052,0.0],[-149.000894835999958,61.661634742000047,0.0],[-149.000872334999968,61.661633901000073,0.0],[-149.000850387999975,61.661631396000075,0.0],[-149.00082953499998,61.661627290000069,0.0],[-149.000810290999965,61.661621682000032,0.0],[-149.00079312799997,61.661614713000063,0.0],[-149.000778471999979,61.66160655300007,0.0],[-149.000766682999966,61.66159740300003,0.0],[-149.000758048999984,61.661587489000055,0.0],[-149.000752783999957,61.661577055000066,0.0],[-149.000751018999978,61.661566357000083,0.0],[-149.000751233999978,61.660961805000056,0.0]]]]}},
{"type":"Feature","properties":{"OBJECTID":103874,"ParcelType":1,"P_ID":56880,"ACCOUNT":"6003B02L001","TAXID_LOKI":"56003B02L001","ACRES":0.95874147,"TAXACRE":0.96,"ORIGACRE":0.96,"FTYPE":"PARCEL","GENOWN":"PRIVATE","BUYLEASE":"N","OWNER_1":"AHRENS JOE D & PAULA A","NAME_2":"","MAILING_ADDRESS_LINE_A":"","MAILING_ADDRESS_LINE_B":"6923 N MCKENZIE DR","MAILING_ADDRESS_CITY":"PALMER","MAILING_ADDRESS_STATE":"AK","MAILING_ADDRESS_ZIP":"99645","Buyer_Name":"","Buyer_Name_2":"","Buyer_Mailing_Address_A":"","Buyer_Mailing_Address_B":"","Buyer_Mailing_Address_City":"","Buyer_Mailing_Address_State":"","Buyer_Mailing_Address_Zip":"","MERIDIAN":"S","TWP_NUM":"18","TWP_NS":"N","RNG_NUM":"02","RNG_EW":"E","SECT_NUM":"12","GRIDNAME":"PA","GRIDNUM":"03","LANDVALUE":11500.0,"LANDASSD":11500.0,"BLDGVALUE":216700.0,"BLDGASSD":216700.0,"GENAREA":"3654","NBHD":"A1N12","TAXZONE":"0026","CITY":"","COMMCOUN":"15","FSA":"132","RSA":"019","SSA_1":"","SSA_2":"","ESN":24,"ECN":14,"ASSMBDISTRICT":"1","VOTINGPRCNT":"25-315","DFIRM":null,"SPUD":null,"SUBDNUM":6003,"LEGAL":"ALASKA RANCHOS #1                  BLOCK 2 LOT 1","DOC1_DATE":"1988-10-06T00:00:00Z","DOC1_TYPE":"WARRANTY DEED (ALL TYPES)","DOC1_RCRD":"Palmer-Bk 563 Pg 626","DOC2_DATE":"1988-06-13T00:00:00Z","DOC2_TYPE":"QUITCLAIM DEED (ALL TYPE)","DOC2_RCRD":"Palmer-Bk 551 Pg 592","LANDUSE":"","RESUNIT":1.0,"MHUNIT":0.0,"DUPLEXUNIT":0.0,"MULTIUNIT":0.0,"GQUNIT":0.0,"MH_PK_UNIT":0.0,"BLDG_USE1":"1100","BLDG_USE2":"","BLDG_USE3":"","BLDG_USE4":"","BLDG_USE5":"","BLDG_USE6":"","Photo":"https://ecommerce.matsugov.us/assessment/Pages/Photos.aspx?isDLG=1&P_ID=56880","GlobalID":"{CBCD95A3-226C-4348-AE43-8F9B785181BE}","Shape_Length":0.0032641275870806006,"Shape_Area":6.5725163206786547e-07},"geometry":{"type":"MultiPolygon","coordinates":[[[[-148.999427900999962,61.660959739000077,0.0],[-149.000405997999962,61.660961266000072,0.0],[-149.00040577599998,61.661566313000037,0.0],[-149.000404000999964,61.66157701000003,0.0],[-149.000398726999975,61.66158744300003,0.0],[-149.000390086999971,61.661597356000073,0.0],[-149.000378289999958,61.661606504000076,0.0],[-149.000363627999974,61.661614662000034,0.0],[-149.000346460999964,61.66162163000007,0.0],[-149.000327212999963,61.661627235000083,0.0],[-149.000306358999978,61.661631340000042,0.0],[-149.000284410999967,61.661633843000061,0.0],[-149.00026190799997,61.661634683000045,0.0],[-148.999427624999981,61.661634610000078,0.0],[-148.999427900999962,61.660959739000077,0.0]]]]}},
{"type":"Feature","properties":{"OBJECTID":103875,"ParcelType":1,"P_ID":70102,"ACCOUNT":"6003B02L002","TAXID_LOKI":"56003B02L002","ACRES":0.95155049,"TAXACRE":0.96,"ORIGACRE":0.96,"FTYPE":"PARCEL","GENOWN":"PRIVATE","BUYLEASE":"N","OWNER_1":"CONSIDINE BERNARD","NAME_2":"","MAILING_ADDRESS_LINE_A":"","MAILING_ADDRESS_LINE_B":"16605 E SPRUCE ST ","MAILING_ADDRESS_CITY":"PALMER","MAILING_ADDRESS_STATE":"AK","MAILING_ADDRESS_ZIP":"99645-9302","Buyer_Name":"","Buyer_Name_2":"","Buyer_Mailing_Address_A":"","Buyer_Mailing_Address_B":"","Buyer_Mailing_Address_City":"","Buyer_Mailing_Address_State":"","Buyer_Mailing_Address_Zip":"","MERIDIAN":"S","TWP_NUM":"18","TWP_NS":"N","RNG_NUM":"02","RNG_EW":"E","SECT_NUM":"12","GRIDNAME":"PA","GRIDNUM":"03","LANDVALUE":11500.0,"LANDASSD":11500.0,"BLDGVALUE":0.0,"BLDGASSD":0.0,"GENAREA":"3654","NBHD":"A1N12","TAXZONE":"0026","CITY":"","COMMCOUN":"15","FSA":"132","RSA":"019","SSA_1":"","SSA_2":"","ESN":24,"ECN":14,"ASSMBDISTRICT":"1","VOTINGPRCNT":"25-315","DFIRM":null,"SPUD":null,"SUBDNUM":6003,"LEGAL":"ALASKA RANCHOS #1                  BLOCK 2 LOT 2","DOC1_DATE":null,"DOC1_TYPE":"","DOC1_RCRD":"","DOC2_DATE":null,"DOC2_TYPE":"","DOC2_RCRD":"","LANDUSE":"","RESUNIT":0.0,"MHUNIT":0.0,"DUPLEXUNIT":0.0,"MULTIUNIT":0.0,"GQUNIT":0.0,"MH_PK_UNIT":0.0,"BLDG_USE1":"","BLDG_USE2":"","BLDG_USE3":"","BLDG_USE4":"","BLDG_USE5":"","BLDG_USE6":"","Photo":"https://ecommerce.matsugov.us/assessment/Pages/Photos.aspx?isDLG=1&P_ID=70102","GlobalID":"{6B0B3A1B-1566-4479-83DF-BDFCE0AA90CD}","Shape_Length":0.0032518223243081716,"Shape_Area":6.5232129087676531e-07},"geometry":{"type":"MultiPolygon","coordinates":[[[[-148.998449492999981,61.661568880000061,0.0],[-148.998449802999971,61.660958205000043,0.0],[-148.999427900999962,61.660959739000077,0.0],[-148.999427624999981,61.661634610000078,0.0],[-148.99871359399998,61.661634543000048,0.0],[-148.998689509999963,61.661633576000042,0.0],[-148.998666103999966,61.661630704000061,0.0],[-148.998644041999967,61.661626010000077,0.0],[-148.998623944999963,61.661619626000061,0.0],[-148.998606377999977,61.661611733000029,0.0],[-148.998573104999963,61.661596655000039,0.0],[-148.998535206999975,61.661584290000064,0.0],[-148.998493648999982,61.66157495200008,0.0],[-148.998449492999981,61.661568880000061,0.0]]]]}},
{"type":"Feature","properties":{"OBJECTID":103876,"ParcelType":1,"P_ID":20902,"ACCOUNT":"6003B02L003","TAXID_LOKI":"56003B02L003","ACRES":1.21616755,"TAXACRE":1.23,"ORIGACRE":1.23,"FTYPE":"PARCEL","GENOWN":"PRIVATE","BUYLEASE":"N","OWNER_1":"DUCKETT SHELBY","NAME_2":"","MAILING_ADDRESS_LINE_A":"","MAILING_ADDRESS_LINE_B":"17930 E FELDMAN CT ","MAILING_ADDRESS_CITY":"PALMER","MAILING_ADDRESS_STATE":"AK","MAILING_ADDRESS_ZIP":"99645-8712","Buyer_Name":"","Buyer_Name_2":"","Buyer_Mailing_Address_A":"","Buyer_Mailing_Address_B":"","Buyer_Mailing_Address_City":"","Buyer_Mailing_Address_State":"","Buyer_Mailing_Address_Zip":"","MERIDIAN":"S","TWP_NUM":"18","TWP_NS":"N","RNG_NUM":"02","RNG_EW":"E","SECT_NUM":"12","GRIDNAME":"PA","GRIDNUM":"03","LANDVALUE":12100.0,"LANDASSD":12100.0,"BLDGVALUE":14700.0,"BLDGASSD":14700.0,"GENAREA":"3654","NBHD":"A1N12","TAXZONE":"0026","CITY":"","COMMCOUN":"15","FSA":"132","RSA":"019","SSA_1":"","SSA_2":"","ESN":24,"ECN":14,"ASSMBDISTRICT":"1","VOTINGPRCNT":"25-315","DFIRM":null,"SPUD":null,"SUBDNUM":6003,"LEGAL":"ALASKA RANCHOS #1                  BLOCK 2 LOT 3","DOC1_DATE":"2014-12-31T00:00:00Z","DOC1_TYPE":"QUITCLAIM DEED (ALL TYPE)","DOC1_RCRD":"Palmer-Bk  Pg ","DOC2_DATE":"2013-04-11T00:00:00Z","DOC2_TYPE":"QUITCLAIM DEED (ALL TYPE)","DOC2_RCRD":"Palmer-Bk  Pg ","LANDUSE":"","RESUNIT":1.0,"MHUNIT":0.0,"DUPLEXUNIT":0.0,"MULTIUNIT":0.0,"GQUNIT":0.0,"MH_PK_UNIT":0.0,"BLDG_USE1":"1100","BLDG_USE2":"","BLDG_USE3":"","BLDG_USE4":"","BLDG_USE5":"","BLDG_USE6":"","Photo":"https://ecommerce.matsugov.us/assessment/Pages/Photos.aspx?isDLG=1&P_ID=20902","GlobalID":"{F674198A-24DC-41BA-BF90-96EC889D3262}","Shape_Length":0.0041192008512410134,"Shape_Area":8.3372396717113853e-07},"geometry":{"type":"MultiPolygon","coordinates":[[[[-148.996900979999964,61.661311071000057,0.0],[-148.996901151999964,61.660955761000082,0.0],[-148.998449802999971,61.660958205000043,0.0],[-148.998449492999981,61.661568880000061,0.0],[-148.998404526999963,61.661566242000049,0.0],[-148.998359249999965,61.661566993000065,0.0],[-148.998314778999969,61.661571114000083,0.0],[-148.998272221999969,61.661578503000044,0.0],[-148.998232633999976,61.661588977000065,0.0],[-148.998196995999962,61.661602275000064,0.0],[-148.99816618899996,61.661618069000042,0.0],[-148.998140981999967,61.661635966000063,0.0],[-148.996900979999964,61.661311071000057,0.0]]]]}},
{"type":"Feature","properties":{"OBJECTID":103877,"ParcelType":1,"P_ID":85091,"ACCOUNT":"6003B01L004","TAXID_LOKI":"56003B01L004","ACRES":0.86569885,"TAXACRE":0.87,"ORIGACRE":0.87,"FTYPE":"PARCEL","GENOWN":"PRIVATE","BUYLEASE":"N","OWNER_1":"BARNES LUCAS J","NAME_2":"","MAILING_ADDRESS_LINE_A":"","MAILING_ADDRESS_LINE_B":"17700 E FELDMAN CT ","MAILING_ADDRESS_CITY":"PALMER","MAILING_ADDRESS_STATE":"AK","MAILING_ADDRESS_ZIP":"99645-7818","Buyer_Name":"","Buyer_Name_2":"","Buyer_Mailing_Address_A":"","Buyer_Mailing_Address_B":"","Buyer_Mailing_Address_City":"","Buyer_Mailing_Address_State":"","Buyer_Mailing_Address_Zip":"","MERIDIAN":"S","TWP_NUM":"18","TWP_NS":"N","RNG_NUM":"02","RNG_EW":"E","SECT_NUM":"12","GRIDNAME":"PA","GRIDNUM":"03","LANDVALUE":9800.0,"LANDASSD":9800.0,"BLDGVALUE":101500.0,"BLDGASSD":101500.0,"GENAREA":"3654","NBHD":"A1N12","TAXZONE":"0026","CITY":"","COMMCOUN":"15","FSA":"132","RSA":"019","SSA_1":"","SSA_2":"","ESN":24,"ECN":14,"ASSMBDISTRICT":"1","VOTINGPRCNT":"25-315","DFIRM":"02170C7300E","SPUD":null,"SUBDNUM":6003,"LEGAL":"ALASKA RANCHOS #1                  BLOCK 1 LOT 4","DOC1_DATE":"2009-08-21T00:00:00Z","DOC1_TYPE":"WARRANTY DEED (ALL TYPES)","DOC1_RCRD":"Palmer-Bk  Pg ","DOC2_DATE":"2007-04-16T00:00:00Z","DOC2_TYPE":"WARRANTY DEED (ALL TYPES)","DOC2_RCRD":"Palmer-Bk  Pg ","LANDUSE":"","RESUNIT":1.0,"MHUNIT":0.0,"DUPLEXUNIT":0.0,"MULTIUNIT":0.0,"GQUNIT":0.0,"MH_PK_UNIT":0.0,"BLDG_USE1":"1100","BLDG_USE2":"","BLDG_USE3":"","BLDG_USE4":"","BLDG_USE5":"","BLDG_USE6":"","Photo":"https://ecommerce.matsugov.us/assessment/Pages/Photos.aspx?isDLG=1&P_ID=85091","GlobalID":"{E9DF46FB-44DD-48E1-8C95-A3372CB65426}","Shape_Length":0.0035685425445840654,"Shape_Area":5.9347520347790865e-07},"geometry":{"type":"MultiPolygon","coordinates":[[[[-149.003013727999956,61.661771805000058,0.0],[-149.003034974999963,61.661750235000056,0.0],[-149.003048026999977,61.661727241000051,0.0],[-149.003052490999977,61.661703519000071,0.0],[-149.003048229999962,61.661679788000072,0.0],[-149.003035374999968,61.661656769000047,0.0],[-149.003014312999966,61.66163515900007,0.0],[-149.004261058999958,61.66129520800007,0.0],[-149.004261361999966,61.662115794000044,0.0],[-149.003013727999956,61.661771805000058,0.0]]]]}},
{"type":"Feature","properties":{"OBJECTID":103878,"ParcelType":1,"P_ID":37080,"ACCOUNT":"6003B02L004","TAXID_LOKI":"56003B02L004","ACRES":0.86206984,"TAXACRE":0.87,"ORIGACRE":0.87,"FTYPE":"PARCEL","GENOWN":"PRIVATE","BUYLEASE":"N","OWNER_1":"MIYASATO NICHOLAS D","NAME_2":"WATTS RACHEL B","MAILING_ADDRESS_LINE_A":"","MAILING_ADDRESS_LINE_B":"PO BOX 85","MAILING_ADDRESS_CITY":"PALMER","MAILING_ADDRESS_STATE":"AK","MAILING_ADDRESS_ZIP":"99645","Buyer_Name":"","Buyer_Name_2":"","Buyer_Mailing_Address_A":"","Buyer_Mailing_Address_B":"","Buyer_Mailing_Address_City":"","Buyer_Mailing_Address_State":"","Buyer_Mailing_Address_Zip":"","MERIDIAN":"S","TWP_NUM":"18","TWP_NS":"N","RNG_NUM":"02","RNG_EW":"E","SECT_NUM":"12","GRIDNAME":"PA","GRIDNUM":"03","LANDVALUE":9800.0,"LANDASSD":9800.0,"BLDGVALUE":0.0,"BLDGASSD":0.0,"GENAREA":"3654","NBHD":"A1N12","TAXZONE":"0026","CITY":"","COMMCOUN":"15","FSA":"132","RSA":"019","SSA_1":"","SSA_2":"","ESN":24,"ECN":14,"ASSMBDISTRICT":"1","VOTINGPRCNT":"25-315","DFIRM":null,"SPUD":null,"SUBDNUM":6003,"LEGAL":"ALASKA RANCHOS #1                  BLOCK 2 LOT 4","DOC1_DATE":"2012-08-22T00:00:00Z","DOC1_TYPE":"WARRANTY DEED (ALL TYPES)","DOC1_RCRD":"Palmer-Bk  Pg ","DOC2_DATE":null,"DOC2_TYPE":"","DOC2_RCRD":"","LANDUSE":"","RESUNIT":0.0,"MHUNIT":0.0,"DUPLEXUNIT":0.0,"MULTIUNIT":0.0,"GQUNIT":0.0,"MH_PK_UNIT":0.0,"BLDG_USE1":"","BLDG_USE2":"","BLDG_USE3":"","BLDG_USE4":"","BLDG_USE5":"","BLDG_USE6":"","Photo":"https://ecommerce.matsugov.us/assessment/Pages/Photos.aspx?isDLG=1&P_ID=37080","GlobalID":"{6544BF4C-6368-472B-96CA-82DB98B9EFC1}","Shape_Length":0.0035586343726206333,"Shape_Area":5.9098622928281557e-07},"geometry":{"type":"MultiPolygon","coordinates":[[[[-148.996900979999964,61.661311071000057,0.0],[-148.998140981999967,61.661635966000063,0.0],[-148.998120366999956,61.661657677000051,0.0],[-148.998107987999958,61.661680760000081,0.0],[-148.998104222999956,61.661704515000054,0.0],[-148.998109184999976,61.661728219000054,0.0],[-148.998122724999973,61.661751155000047,0.0],[-148.998144429999968,61.661772625000083,0.0],[-148.996900585999981,61.662131657000032,0.0],[-148.996900979999964,61.661311071000057,0.0]]]]}},
{"type":"Feature","properties":{"OBJECTID":103879,"ParcelType":1,"P_ID":31711,"ACCOUNT":"6003B01L005","TAXID_LOKI":"56003B01L005","ACRES":1.10326746,"TAXACRE":1.1,"ORIGACRE":1.1,"FTYPE":"PARCEL","GENOWN":"PRIVATE","BUYLEASE":"N","OWNER_1":"VILLEGAS MIKE R","NAME_2":"","MAILING_ADDRESS_LINE_A":"","MAILING_ADDRESS_LINE_B":"17735 E FELDMAN CT","MAILING_ADDRESS_CITY":"PALMER","MAILING_ADDRESS_STATE":"AK","MAILING_ADDRESS_ZIP":"99645","Buyer_Name":"","Buyer_Name_2":"","Buyer_Mailing_Address_A":"","Buyer_Mailing_Address_B":"","Buyer_Mailing_Address_City":"","Buyer_Mailing_Address_State":"","Buyer_Mailing_Address_Zip":"","MERIDIAN":"S","TWP_NUM":"18","TWP_NS":"N","RNG_NUM":"02","RNG_EW":"E","SECT_NUM":"12","GRIDNAME":"PA","GRIDNUM":"03","LANDVALUE":11500.0,"LANDASSD":0.0,"BLDGVALUE":16400.0,"BLDGASSD":0.0,"GENAREA":"3654","NBHD":"A1N12","TAXZONE":"0026","CITY":"","COMMCOUN":"15","FSA":"132","RSA":"019","SSA_1":"","SSA_2":"","ESN":24,"ECN":14,"ASSMBDISTRICT":"1","VOTINGPRCNT":"25-315","DFIRM":"02170C7300E","SPUD":null,"SUBDNUM":6003,"LEGAL":"ALASKA RANCHOS #1                  BLOCK 1 LOT 5","DOC1_DATE":"1999-10-07T00:00:00Z","DOC1_TYPE":"WARRANTY DEED (ALL TYPES)","DOC1_RCRD":"Palmer-Bk 1038 Pg 496","DOC2_DATE":null,"DOC2_TYPE":"","DOC2_RCRD":"","LANDUSE":"","RESUNIT":1.0,"MHUNIT":0.0,"DUPLEXUNIT":0.0,"MULTIUNIT":0.0,"GQUNIT":0.0,"MH_PK_UNIT":0.0,"BLDG_USE1":"1100","BLDG_USE2":"","BLDG_USE3":"","BLDG_USE4":"","BLDG_USE5":"","BLDG_USE6":"","Photo":"https://ecommerce.matsugov.us/assessment/Pages/Photos.aspx?isDLG=1&P_ID=31711","GlobalID":"{E7A02AE9-1220-46AC-93B0-D4FF3EE316AE}","Shape_Length":0.0039555141193784501,"Shape_Area":7.5635022665857811e-07},"geometry":{"type":"MultiPolygon","coordinates":[[[[-149.002763673999965,61.661840004000055,0.0],[-149.002806660999966,61.661838549000038,0.0],[-149.002848707999959,61.661834059000057,0.0],[-149.002888874999968,61.661826633000032,0.0],[-149.002926255999967,61.661816438000074,0.0],[-149.00296001199996,61.661803702000043,0.0],[-149.002989389999982,61.661788712000032,0.0],[-149.003013727999956,61.661771805000058,0.0],[-149.004261361999966,61.662115794000044,0.0],[-149.004261476999972,61.662428329000079,0.0],[-149.002764504999959,61.662428238000075,0.0],[-149.002763673999965,61.661840004000055,0.0]]]]}},
{"type":"Feature","properties":{"OBJECTID":103880,"ParcelType":1,"P_ID":11546,"ACCOUNT":"6003B01L006","TAXID_LOKI":"56003B01L006","ACRES":0.97353716,"TAXACRE":0.97,"ORIGACRE":0.97,"FTYPE":"PARCEL","GENOWN":"PRIVATE","BUYLEASE":"N","OWNER_1":"MCCORMICK KEVIN F","NAME_2":"MCCORMICK SEAN P","MAILING_ADDRESS_LINE_A":"","MAILING_ADDRESS_LINE_B":"513  GRANDVIEW ST ","MAILING_ADDRESS_CITY":"CLARKS SUMMIT","MAILING_ADDRESS_STATE":"PA","MAILING_ADDRESS_ZIP":"18411","Buyer_Name":"","Buyer_Name_2":"","Buyer_Mailing_Address_A":"","Buyer_Mailing_Address_B":"","Buyer_Mailing_Address_City":"","Buyer_Mailing_Address_State":"","Buyer_Mailing_Address_Zip":"","MERIDIAN":"S","TWP_NUM":"18","TWP_NS":"N","RNG_NUM":"02","RNG_EW":"E","SECT_NUM":"12","GRIDNAME":"PA","GRIDNUM":"03","LANDVALUE":11500.0,"LANDASSD":11500.0,"BLDGVALUE":29200.0,"BLDGASSD":29200.0,"GENAREA":"3654","NBHD":"A1N12","TAXZONE":"0026","CITY":"","COMMCOUN":"15","FSA":"132","RSA":"019","SSA_1":"","SSA_2":"","ESN":24,"ECN":14,"ASSMBDISTRICT":"1","VOTINGPRCNT":"25-315","DFIRM":"02170C7300E","SPUD":null,"SUBDNUM":6003,"LEGAL":"ALASKA RANCHOS #1                  BLOCK 1 LOT 6","DOC1_DATE":"2016-04-25T00:00:00Z","DOC1_TYPE":"QUITCLAIM DEED (ALL TYPE)","DOC1_RCRD":"Palmer-Bk  Pg ","DOC2_DATE":"1991-12-09T00:00:00Z","DOC2_TYPE":"","DOC2_RCRD":"Palmer-Bk 669 Pg 528","LANDUSE":"","RESUNIT":1.0,"MHUNIT":0.0,"DUPLEXUNIT":0.0,"MULTIUNIT":0.0,"GQUNIT":0.0,"MH_PK_UNIT":0.0,"BLDG_USE1":"1100","BLDG_USE2":"","BLDG_USE3":"","BLDG_USE4":"","BLDG_USE5":"","BLDG_USE6":"","Photo":"https://ecommerce.matsugov.us/assessment/Pages/Photos.aspx?isDLG=1&P_ID=11546","GlobalID":"{4F0DA88D-85BA-43FE-9E3D-92BFBA2A34D9}","Shape_Length":0.0033253668670612628,"Shape_Area":6.6741078289606228e-07},"geometry":{"type":"MultiPolygon","coordinates":[[[[-149.001729048999977,61.661771571000031,0.0],[-149.002443083999964,61.661771621000071,0.0],[-149.002463096999975,61.661772098000029,0.0],[-149.002482750999974,61.661773960000062,0.0],[-149.002501620999965,61.661777166000036,0.0],[-149.002519305999982,61.661781646000065,0.0],[-149.002535427999959,61.661787304000029,0.0],[-149.002549637999977,61.661794021000048,0.0],[-149.002584642999977,61.66180986300003,0.0],[-149.002624732999976,61.661822697000048,0.0],[-149.002668774999961,61.661832160000074,0.0],[-149.002715528999971,61.661837984000044,0.0],[-149.002763673999965,61.661840004000055,0.0],[-149.002764504999959,61.662428238000075,0.0],[-149.001728816999957,61.662428165000051,0.0],[-149.001729048999977,61.661771571000031,0.0]]]]}},
{"type":"Feature","properties":{"OBJECTID":103881,"ParcelType":1,"P_ID":47193,"ACCOUNT":"6003B01L007","TAXID_LOKI":"56003B01L007","ACRES":0.93365682,"TAXACRE":0.93,"ORIGACRE":0.93,"FTYPE":"PARCEL","GENOWN":"PRIVATE","BUYLEASE":"N","OWNER_1":"RIDER GARY","NAME_2":"","MAILING_ADDRESS_LINE_A":"","MAILING_ADDRESS_LINE_B":"17800 E FELDMAN CT","MAILING_ADDRESS_CITY":"PALMER","MAILING_ADDRESS_STATE":"AK","MAILING_ADDRESS_ZIP":"99645","Buyer_Name":"","Buyer_Name_2":"","Buyer_Mailing_Address_A":"","Buyer_Mailing_Address_B":"","Buyer_Mailing_Address_City":"","Buyer_Mailing_Address_State":"","Buyer_Mailing_Address_Zip":"","MERIDIAN":"S","TWP_NUM":"18","TWP_NS":"N","RNG_NUM":"02","RNG_EW":"E","SECT_NUM":"12","GRIDNAME":"PA","GRIDNUM":"03","LANDVALUE":11500.0,"LANDASSD":0.0,"BLDGVALUE":32300.0,"BLDGASSD":0.0,"GENAREA":"3654","NBHD":"A1N12","TAXZONE":"0026","CITY":"","COMMCOUN":"15","FSA":"132","RSA":"019","SSA_1":"","SSA_2":"","ESN":24,"ECN":14,"ASSMBDISTRICT":"1","VOTINGPRCNT":"25-315","DFIRM":"02170C7300E","SPUD":null,"SUBDNUM":6003,"LEGAL":"ALASKA RANCHOS #1                  BLOCK 1 LOT 7","DOC1_DATE":"1996-10-30T00:00:00Z","DOC1_TYPE":"QUITCLAIM DEED (ALL TYPE)","DOC1_RCRD":"Palmer-Bk 871 Pg 534","DOC2_DATE":null,"DOC2_TYPE":"","DOC2_RCRD":"","LANDUSE":"","RESUNIT":1.0,"MHUNIT":0.0,"DUPLEXUNIT":0.0,"MULTIUNIT":0.0,"GQUNIT":0.0,"MH_PK_UNIT":0.0,"BLDG_USE1":"1100","BLDG_USE2":"","BLDG_USE3":"","BLDG_USE4":"","BLDG_USE5":"","BLDG_USE6":"","Photo":"https://ecommerce.matsugov.us/assessment/Pages/Photos.aspx?isDLG=1&P_ID=47193","GlobalID":"{5563382F-B7A2-467D-9E71-2B05FB970D82}","Shape_Length":0.0032288840220915729,"Shape_Area":6.400704060750607e-07},"geometry":{"type":"MultiPolygon","coordinates":[[[[-149.000894762999962,61.661771507000083,0.0],[-149.001729048999977,61.661771571000031,0.0],[-149.001728816999957,61.662428165000051,0.0],[-149.000750686999965,61.662428090000049,0.0],[-149.000750896999961,61.661840003000066,0.0],[-149.000753112999973,61.661828126000046,0.0],[-149.000759622999965,61.661816611000063,0.0],[-149.000770226999975,61.661805805000029,0.0],[-149.000784608999965,61.661796037000045,0.0],[-149.000802329999971,61.661787600000082,0.0],[-149.000822857999964,61.661780748000069,0.0],[-149.000845569999967,61.66177569000007,0.0],[-149.000869782999956,61.661772578000068,0.0],[-149.000894762999962,61.661771507000083,0.0]]]]}},
{"type":"Feature","properties":{"OBJECTID":103882,"ParcelType":1,"P_ID":13337,"ACCOUNT":"6003B02L007","TAXID_LOKI":"56003B02L007","ACRES":0.94318145,"TAXACRE":0.93,"ORIGACRE":0.93,"FTYPE":"PARCEL","GENOWN":"PRIVATE","BUYLEASE":"N","OWNER_1":"RICE ARNE CHRISTIAN","NAME_2":"","MAILING_ADDRESS_LINE_A":"","MAILING_ADDRESS_LINE_B":"17865 E FELDMAN CT ","MAILING_ADDRESS_CITY":"PALMER","MAILING_ADDRESS_STATE":"AK","MAILING_ADDRESS_ZIP":"99645","Buyer_Name":"","Buyer_Name_2":"","Buyer_Mailing_Address_A":"","Buyer_Mailing_Address_B":"","Buyer_Mailing_Address_City":"","Buyer_Mailing_Address_State":"","Buyer_Mailing_Address_Zip":"","MERIDIAN":"S","TWP_NUM":"18","TWP_NS":"N","RNG_NUM":"02","RNG_EW":"E","SECT_NUM":"12","GRIDNAME":"PA","GRIDNUM":"03","LANDVALUE":11500.0,"LANDASSD":11500.0,"BLDGVALUE":14500.0,"BLDGASSD":14500.0,"GENAREA":"3654","NBHD":"A1N12","TAXZONE":"0026","CITY":"","COMMCOUN":"15","FSA":"132","RSA":"019","SSA_1":"","SSA_2":"","ESN":24,"ECN":14,"ASSMBDISTRICT":"1","VOTINGPRCNT":"25-315","DFIRM":null,"SPUD":null,"SUBDNUM":6003,"LEGAL":"ALASKA RANCHOS #1                  BLOCK 2 LOT 7","DOC1_DATE":"2025-08-05T00:00:00Z","DOC1_TYPE":"QUITCLAIM DEED (ALL TYPE)","DOC1_RCRD":"Palmer-Bk  Pg ","DOC2_DATE":"2015-05-27T00:00:00Z","DOC2_TYPE":"WARRANTY DEED (ALL TYPES)","DOC2_RCRD":"Palmer-Bk  Pg ","LANDUSE":"","RESUNIT":1.0,"MHUNIT":0.0,"DUPLEXUNIT":0.0,"MULTIUNIT":0.0,"GQUNIT":0.0,"MH_PK_UNIT":0.0,"BLDG_USE1":"1100","BLDG_USE2":"","BLDG_USE3":"","BLDG_USE4":"","BLDG_USE5":"","BLDG_USE6":"","Photo":"https://ecommerce.matsugov.us/assessment/Pages/Photos.aspx?isDLG=1&P_ID=13337","GlobalID":"{195F9576-6ED6-42CB-B8D2-C9357CE27FD3}","Shape_Length":0.0032421633647118859,"Shape_Area":6.4660107188732805e-07},"geometry":{"type":"MultiPolygon","coordinates":[[[[-148.999427542999967,61.66177138200004,0.0],[-149.000261828999982,61.661771454000075,0.0],[-149.000284330999961,61.661772298000074,0.0],[-149.000306277999982,61.66177480500005,0.0],[-149.00032712899997,61.661778913000035,0.0],[-149.000346372999957,61.661784521000072,0.0],[-149.000363533999973,61.661791491000031,0.0],[-149.000378189999964,61.66179965300006,0.0],[-149.000389980999984,61.661808803000042,0.0],[-149.000398614999966,61.661818717000074,0.0],[-149.000403879999965,61.661829151000063,0.0],[-149.00040564699998,61.661839849000046,0.0],[-149.000405453999974,61.662434900000051,0.0],[-148.999427863999983,61.66243481500004,0.0],[-148.999427542999967,61.66177138200004,0.0]]]]}},
{"type":"Feature","properties":{"OBJECTID":103883,"ParcelType":1,"P_ID":50124,"ACCOUNT":"6003B02L006","TAXID_LOKI":"56003B02L006","ACRES":0.9342559,"TAXACRE":0.92,"ORIGACRE":0.92,"FTYPE":"PARCEL","GENOWN":"PRIVATE","BUYLEASE":"N","OWNER_1":"AHRENS JOE D & PAULA A","NAME_2":"","MAILING_ADDRESS_LINE_A":"","MAILING_ADDRESS_LINE_B":"6923 N MCKENZIE DR","MAILING_ADDRESS_CITY":"PALMER","MAILING_ADDRESS_STATE":"AK","MAILING_ADDRESS_ZIP":"99645","Buyer_Name":"","Buyer_Name_2":"","Buyer_Mailing_Address_A":"","Buyer_Mailing_Address_B":"","Buyer_Mailing_Address_City":"","Buyer_Mailing_Address_State":"","Buyer_Mailing_Address_Zip":"","MERIDIAN":"S","TWP_NUM":"18","TWP_NS":"N","RNG_NUM":"02","RNG_EW":"E","SECT_NUM":"12","GRIDNAME":"PA","GRIDNUM":"03","LANDVALUE":10400.0,"LANDASSD":10400.0,"BLDGVALUE":0.0,"BLDGASSD":0.0,"GENAREA":"3654","NBHD":"A1N12","TAXZONE":"0026","CITY":"","COMMCOUN":"15","FSA":"132","RSA":"019","SSA_1":"","SSA_2":"","ESN":24,"ECN":14,"ASSMBDISTRICT":"1","VOTINGPRCNT":"25-315","DFIRM":null,"SPUD":null,"SUBDNUM":6003,"LEGAL":"ALASKA RANCHOS #1                  BLOCK 2 LOT 6","DOC1_DATE":"2014-09-11T00:00:00Z","DOC1_TYPE":"WARRANTY DEED (ALL TYPES)","DOC1_RCRD":"Palmer-Bk  Pg ","DOC2_DATE":"2000-12-27T00:00:00Z","DOC2_TYPE":"QUITCLAIM DEED (ALL TYPE)","DOC2_RCRD":"Palmer-Bk 1106 Pg 44","LANDUSE":"","RESUNIT":0.0,"MHUNIT":0.0,"DUPLEXUNIT":0.0,"MULTIUNIT":0.0,"GQUNIT":0.0,"MH_PK_UNIT":0.0,"BLDG_USE1":"","BLDG_USE2":"","BLDG_USE3":"","BLDG_USE4":"","BLDG_USE5":"","BLDG_USE6":"","Photo":"https://ecommerce.matsugov.us/assessment/Pages/Photos.aspx?isDLG=1&P_ID=50124","GlobalID":"{F26A947F-BCB6-4F15-86E2-F69E8D89EAF0}","Shape_Length":0.0032276639691258425,"Shape_Area":6.4048166453109413e-07},"geometry":{"type":"MultiPolygon","coordinates":[[[[-148.99844932299996,61.661836885000071,0.0],[-148.998493486999962,61.661830826000028,0.0],[-148.99853505699997,61.66182150000003,0.0],[-148.998572971999977,61.661809146000053,0.0],[-148.99860626399996,61.661794078000071,0.0],[-148.998623834999961,61.661786188000065,0.0],[-148.998643939999965,61.661779810000041,0.0],[-148.998666011999973,61.661775126000066,0.0],[-148.998689421999984,61.66177226800005,0.0],[-148.99871350899997,61.661771316000056,0.0],[-148.999427542999967,61.66177138200004,0.0],[-148.999427863999983,61.66243481500004,0.0],[-148.998449712999957,61.662434723000047,0.0],[-148.99844932299996,61.661836885000071,0.0]]]]}},
{"type":"Feature","properties":{"OBJECTID":103884,"ParcelType":1,"P_ID":81149,"ACCOUNT":"6003B02L005","TAXID_LOKI":"56003B02L005","ACRES":1.14753587,"TAXACRE":1.14,"ORIGACRE":1.14,"FTYPE":"PARCEL","GENOWN":"PRIVATE","BUYLEASE":"N","OWNER_1":"MIYASATO NICHOLAS D","NAME_2":"WATTS RACHEL B","MAILING_ADDRESS_LINE_A":"","MAILING_ADDRESS_LINE_B":"PO BOX 85","MAILING_ADDRESS_CITY":"PALMER","MAILING_ADDRESS_STATE":"AK","MAILING_ADDRESS_ZIP":"99645","Buyer_Name":"","Buyer_Name_2":"","Buyer_Mailing_Address_A":"","Buyer_Mailing_Address_B":"","Buyer_Mailing_Address_City":"","Buyer_Mailing_Address_State":"","Buyer_Mailing_Address_Zip":"","MERIDIAN":"S","TWP_NUM":"18","TWP_NS":"N","RNG_NUM":"02","RNG_EW":"E","SECT_NUM":"12","GRIDNAME":"PA","GRIDNUM":"03","LANDVALUE":11500.0,"LANDASSD":11500.0,"BLDGVALUE":5800.0,"BLDGASSD":5800.0,"GENAREA":"3654","NBHD":"A1N12","TAXZONE":"0026","CITY":"","COMMCOUN":"15","FSA":"132","RSA":"019","SSA_1":"","SSA_2":"","ESN":24,"ECN":14,"ASSMBDISTRICT":"1","VOTINGPRCNT":"25-315","DFIRM":null,"SPUD":null,"SUBDNUM":6003,"LEGAL":"ALASKA RANCHOS #1                  BLOCK 2 LOT 5","DOC1_DATE":"2012-08-22T00:00:00Z","DOC1_TYPE":"WARRANTY DEED (ALL TYPES)","DOC1_RCRD":"Palmer-Bk  Pg ","DOC2_DATE":null,"DOC2_TYPE":"","DOC2_RCRD":"","LANDUSE":"","RESUNIT":1.0,"MHUNIT":0.0,"DUPLEXUNIT":0.0,"MULTIUNIT":0.0,"GQUNIT":0.0,"MH_PK_UNIT":0.0,"BLDG_USE1":"1100","BLDG_USE2":"","BLDG_USE3":"","BLDG_USE4":"","BLDG_USE5":"","BLDG_USE6":"","Photo":"https://ecommerce.matsugov.us/assessment/Pages/Photos.aspx?isDLG=1&P_ID=81149","GlobalID":"{B14921A1-72D2-4BB9-8382-4DD8F3F9E9FA}","Shape_Length":0.004062717009483679,"Shape_Area":7.8669811281898975e-07},"geometry":{"type":"MultiPolygon","coordinates":[[[[-148.996900585999981,61.662131657000032,0.0],[-148.998144429999968,61.661772625000083,0.0],[-148.998169968999974,61.661789905000035,0.0],[-148.998200800999967,61.661805110000046,0.0],[-148.998236187999964,61.661817877000033,0.0],[-148.998275288999963,61.661827902000027,0.0],[-148.998317170999968,61.661834946000056,0.0],[-148.998360832999964,61.66183884000003,0.0],[-148.998405236999957,61.66183949100008,0.0],[-148.99844932299996,61.661836885000071,0.0],[-148.998449712999957,61.662434723000047,0.0],[-148.996900439999962,61.662434563000033,0.0],[-148.996900585999981,61.662131657000032,0.0]]]]}},
{"type":"Feature","properties":{"OBJECTID":103885,"ParcelType":1,"P_ID":51059,"ACCOUNT":"6003B01L010","TAXID_LOKI":"56003B01L010","ACRES":1.03223617,"TAXACRE":1.03,"ORIGACRE":1.03,"FTYPE":"PARCEL","GENOWN":"PRIVATE","BUYLEASE":"N","OWNER_1":"WARNER TIMOTHY K","NAME_2":"","MAILING_ADDRESS_LINE_A":"","MAILING_ADDRESS_LINE_B":"17700 E WILLIAMS CT ","MAILING_ADDRESS_CITY":"PALMER","MAILING_ADDRESS_STATE":"AK","MAILING_ADDRESS_ZIP":"99645-7800","Buyer_Name":"","Buyer_Name_2":"","Buyer_Mailing_Address_A":"","Buyer_Mailing_Address_B":"","Buyer_Mailing_Address_City":"","Buyer_Mailing_Address_State":"","Buyer_Mailing_Address_Zip":"","MERIDIAN":"S","TWP_NUM":"18","TWP_NS":"N","RNG_NUM":"02","RNG_EW":"E","SECT_NUM":"12","GRIDNAME":"PA","GRIDNUM":"03","LANDVALUE":11500.0,"LANDASSD":11500.0,"BLDGVALUE":0.0,"BLDGASSD":0.0,"GENAREA":"3654","NBHD":"A1N12","TAXZONE":"0026","CITY":"","COMMCOUN":"15","FSA":"132","RSA":"019","SSA_1":"","SSA_2":"","ESN":24,"ECN":14,"ASSMBDISTRICT":"1","VOTINGPRCNT":"25-315","DFIRM":"02170C7300E","SPUD":null,"SUBDNUM":6003,"LEGAL":"ALASKA RANCHOS #1                  BLOCK 1 LOT 10","DOC1_DATE":"2000-12-05T00:00:00Z","DOC1_TYPE":"WARRANTY DEED (ALL TYPES)","DOC1_RCRD":"Palmer-Bk 1103 Pg 156","DOC2_DATE":"1995-09-18T00:00:00Z","DOC2_TYPE":"QUITCLAIM DEED (ALL TYPE)","DOC2_RCRD":"Palmer-Bk 820 Pg 674","LANDUSE":"","RESUNIT":0.0,"MHUNIT":0.0,"DUPLEXUNIT":0.0,"MULTIUNIT":0.0,"GQUNIT":0.0,"MH_PK_UNIT":0.0,"BLDG_USE1":"","BLDG_USE2":"","BLDG_USE3":"","BLDG_USE4":"","BLDG_USE5":"","BLDG_USE6":"","Photo":"https://ecommerce.matsugov.us/assessment/Pages/Photos.aspx?isDLG=1&P_ID=51059","GlobalID":"{EF2B9841-1552-4AF8-8411-788A99BA76AE}","Shape_Length":0.0039019890475731848,"Shape_Area":7.0766652034117038e-07},"geometry":{"type":"MultiPolygon","coordinates":[[[[-149.002764410999958,61.663070925000056,0.0],[-149.002764612999982,61.662482944000033,0.0],[-149.004261530999969,61.662483034000047,0.0],[-149.004261621999973,61.662729315000036,0.0],[-149.003003108999962,61.663131409000073,0.0],[-149.002973877999978,61.663113986000042,0.0],[-149.002939081999983,61.663099050000028,0.0],[-149.002899644999957,61.663087,0.0],[-149.002856615999974,61.663078154000061,0.0],[-149.002811134999973,61.663072748000047,0.0],[-149.002764410999958,61.663070925000056,0.0]]]]}},
{"type":"Feature","properties":{"OBJECTID":103886,"ParcelType":1,"P_ID":42442,"ACCOUNT":"6003B01L009","TAXID_LOKI":"56003B01L009","ACRES":0.97356467,"TAXACRE":0.97,"ORIGACRE":0.97,"FTYPE":"PARCEL","GENOWN":"PRIVATE","BUYLEASE":"N","OWNER_1":"SOPER THOMAS H & JERRY L","NAME_2":"","MAILING_ADDRESS_LINE_A":"","MAILING_ADDRESS_LINE_B":"17760 E WILLIAMS CT","MAILING_ADDRESS_CITY":"PALMER","MAILING_ADDRESS_STATE":"AK","MAILING_ADDRESS_ZIP":"99645","Buyer_Name":"","Buyer_Name_2":"","Buyer_Mailing_Address_A":"","Buyer_Mailing_Address_B":"","Buyer_Mailing_Address_City":"","Buyer_Mailing_Address_State":"","Buyer_Mailing_Address_Zip":"","MERIDIAN":"S","TWP_NUM":"18","TWP_NS":"N","RNG_NUM":"02","RNG_EW":"E","SECT_NUM":"12","GRIDNAME":"PA","GRIDNUM":"03","LANDVALUE":11500.0,"LANDASSD":11500.0,"BLDGVALUE":19600.0,"BLDGASSD":19600.0,"GENAREA":"3654","NBHD":"A1N12","TAXZONE":"0026","CITY":"","COMMCOUN":"15","FSA":"132","RSA":"019","SSA_1":"","SSA_2":"","ESN":24,"ECN":14,"ASSMBDISTRICT":"1","VOTINGPRCNT":"25-315","DFIRM":"02170C7300E","SPUD":null,"SUBDNUM":6003,"LEGAL":"ALASKA RANCHOS #1                  BLOCK 1 LOT 9","DOC1_DATE":"1999-01-25T00:00:00Z","DOC1_TYPE":"QUITCLAIM DEED (ALL TYPE)","DOC1_RCRD":"Palmer-Bk 996 Pg 67","DOC2_DATE":"1995-09-22T00:00:00Z","DOC2_TYPE":"QUITCLAIM DEED (ALL TYPE)","DOC2_RCRD":"Palmer-Bk 821 Pg 249","LANDUSE":"","RESUNIT":1.0,"MHUNIT":0.0,"DUPLEXUNIT":0.0,"MULTIUNIT":0.0,"GQUNIT":0.0,"MH_PK_UNIT":0.0,"BLDG_USE1":"1100","BLDG_USE2":"","BLDG_USE3":"","BLDG_USE4":"","BLDG_USE5":"","BLDG_USE6":"","Photo":"https://ecommerce.matsugov.us/assessment/Pages/Photos.aspx?isDLG=1&P_ID=42442","GlobalID":"{9E41D28E-E2D1-49E0-99EE-E8FAF779764B}","Shape_Length":0.0033259081692761836,"Shape_Area":6.6744532633152631e-07},"geometry":{"type":"MultiPolygon","coordinates":[[[[-149.001728922999973,61.662482871000066,0.0],[-149.002764612999982,61.662482944000033,0.0],[-149.002764410999958,61.663070925000056,0.0],[-149.002716236999959,61.663072844000055,0.0],[-149.002669418999972,61.663078571000028,0.0],[-149.002625279999961,61.66308794300005,0.0],[-149.002585063999959,61.663100697000061,0.0],[-149.002549908999981,61.66311647100008,0.0],[-149.002532335999973,61.663124363000065,0.0],[-149.002512232999976,61.663130743000067,0.0],[-149.002490165999973,61.663135433000036,0.0],[-149.002466757999969,61.66313830200005,0.0],[-149.002442669999965,61.663139265000041,0.0],[-149.001728604999983,61.663139214000068,0.0],[-149.001728922999973,61.662482871000066,0.0]]]]}},
{"type":"Feature","properties":{"OBJECTID":103887,"ParcelType":1,"P_ID":55135,"ACCOUNT":"6003B01L008","TAXID_LOKI":"56003B01L008","ACRES":0.93340754,"TAXACRE":0.93,"ORIGACRE":0.93,"FTYPE":"PARCEL","GENOWN":"PRIVATE","BUYLEASE":"N","OWNER_1":"ROOSA KIRT","NAME_2":"","MAILING_ADDRESS_LINE_A":"","MAILING_ADDRESS_LINE_B":"506  FINSBURY CT ","MAILING_ADDRESS_CITY":"SMYRNA","MAILING_ADDRESS_STATE":"TN","MAILING_ADDRESS_ZIP":"37167","Buyer_Name":"","Buyer_Name_2":"","Buyer_Mailing_Address_A":"","Buyer_Mailing_Address_B":"","Buyer_Mailing_Address_City":"","Buyer_Mailing_Address_State":"","Buyer_Mailing_Address_Zip":"","MERIDIAN":"S","TWP_NUM":"18","TWP_NS":"N","RNG_NUM":"02","RNG_EW":"E","SECT_NUM":"12","GRIDNAME":"PA","GRIDNUM":"03","LANDVALUE":11500.0,"LANDASSD":11500.0,"BLDGVALUE":33600.0,"BLDGASSD":33600.0,"GENAREA":"3654","NBHD":"A1N12","TAXZONE":"0026","CITY":"","COMMCOUN":"15","FSA":"132","RSA":"019","SSA_1":"","SSA_2":"","ESN":24,"ECN":14,"ASSMBDISTRICT":"1","VOTINGPRCNT":"25-315","DFIRM":"02170C7300E","SPUD":null,"SUBDNUM":6003,"LEGAL":"ALASKA RANCHOS #1                  BLOCK 1 LOT 8","DOC1_DATE":"2025-10-24T00:00:00Z","DOC1_TYPE":"WARRANTY DEED (ALL TYPES)","DOC1_RCRD":"Palmer-Bk  Pg ","DOC2_DATE":"2021-07-19T00:00:00Z","DOC2_TYPE":"WARRANTY DEED (ALL TYPES)","DOC2_RCRD":"Palmer-Bk  Pg ","LANDUSE":"","RESUNIT":1.0,"MHUNIT":0.0,"DUPLEXUNIT":0.0,"MULTIUNIT":0.0,"GQUNIT":0.0,"MH_PK_UNIT":0.0,"BLDG_USE1":"1100","BLDG_USE2":"","BLDG_USE3":"","BLDG_USE4":"","BLDG_USE5":"","BLDG_USE6":"","Photo":"https://ecommerce.matsugov.us/assessment/Pages/Photos.aspx?isDLG=1&P_ID=55135","GlobalID":"{F9F55EB3-7DBF-4C0E-87D0-742A95EFF95E}","Shape_Length":0.0032288176525759995,"Shape_Area":6.3991458201320849e-07},"geometry":{"type":"MultiPolygon","coordinates":[[[[-149.000750666999977,61.662482796000063,0.0],[-149.001728922999973,61.662482871000066,0.0],[-149.001728604999983,61.663139214000068,0.0],[-149.000894280999972,61.663139150000063,0.0],[-149.000871779999983,61.663138338000067,0.0],[-149.000849826999968,61.663135858000032,0.0],[-149.000828961999957,61.663131772000042,0.0],[-149.000809705999984,61.663126180000063,0.0],[-149.000792532999981,61.663119221000045,0.0],[-149.000777869999979,61.663111068000035,0.0],[-149.000766075999962,61.663101922000067,0.0],[-149.000757448999963,61.663092010000071,0.0],[-149.000752198999976,61.66308157800006,0.0],[-149.000750456999981,61.663070883000046,0.0],[-149.000750666999977,61.662482796000063,0.0]]]]}},
{"type":"Feature","properties":{"OBJECTID":103888,"ParcelType":1,"P_ID":32282,"ACCOUNT":"6003B02L008","TAXID_LOKI":"56003B02L008","ACRES":0.92331642,"TAXACRE":0.93,"ORIGACRE":0.93,"FTYPE":"PARCEL","GENOWN":"PRIVATE","BUYLEASE":"N","OWNER_1":"BALOGH PETER","NAME_2":"","MAILING_ADDRESS_LINE_A":"","MAILING_ADDRESS_LINE_B":"7055 N MCKENZIE DR ","MAILING_ADDRESS_CITY":"PALMER","MAILING_ADDRESS_STATE":"AK","MAILING_ADDRESS_ZIP":"99645","Buyer_Name":"","Buyer_Name_2":"","Buyer_Mailing_Address_A":"","Buyer_Mailing_Address_B":"","Buyer_Mailing_Address_City":"","Buyer_Mailing_Address_State":"","Buyer_Mailing_Address_Zip":"","MERIDIAN":"S","TWP_NUM":"18","TWP_NS":"N","RNG_NUM":"02","RNG_EW":"E","SECT_NUM":"12","GRIDNAME":"PA","GRIDNUM":"03","LANDVALUE":11500.0,"LANDASSD":11500.0,"BLDGVALUE":4500.0,"BLDGASSD":4500.0,"GENAREA":"3654","NBHD":"A1N12","TAXZONE":"0026","CITY":"","COMMCOUN":"15","FSA":"132","RSA":"019","SSA_1":"","SSA_2":"","ESN":24,"ECN":14,"ASSMBDISTRICT":"1","VOTINGPRCNT":"25-315","DFIRM":null,"SPUD":null,"SUBDNUM":6003,"LEGAL":"ALASKA RANCHOS #1                  BLOCK 2 LOT 8","DOC1_DATE":"2014-08-04T00:00:00Z","DOC1_TYPE":"WARRANTY DEED (ALL TYPES)","DOC1_RCRD":"Palmer-Bk  Pg ","DOC2_DATE":"2009-04-02T00:00:00Z","DOC2_TYPE":"WARRANTY DEED (ALL TYPES)","DOC2_RCRD":"Palmer-Bk  Pg ","LANDUSE":"","RESUNIT":0.0,"MHUNIT":0.0,"DUPLEXUNIT":0.0,"MULTIUNIT":0.0,"GQUNIT":0.0,"MH_PK_UNIT":0.0,"BLDG_USE1":"","BLDG_USE2":"","BLDG_USE3":"","BLDG_USE4":"","BLDG_USE5":"","BLDG_USE6":"","Photo":"https://ecommerce.matsugov.us/assessment/Pages/Photos.aspx?isDLG=1&P_ID=32282","GlobalID":"{46CE2B6A-837D-44F5-8922-CACC956336E9}","Shape_Length":0.0032143787604036228,"Shape_Area":6.3299741352474343e-07},"geometry":{"type":"MultiPolygon","coordinates":[[[[-148.999427840999971,61.662489520000065,0.0],[-149.000405432999969,61.662489605000076,0.0],[-149.000405218999958,61.663070729000083,0.0],[-149.000403443999971,61.663081426000076,0.0],[-149.000398171999962,61.663091859000076,0.0],[-149.00038952899996,61.663101772000061,0.0],[-149.000377731999976,61.663110920000065,0.0],[-149.000363068999974,61.663119078000079,0.0],[-149.000345902999982,61.663126046000059,0.0],[-149.000326654999981,61.663131651000072,0.0],[-149.000305799999978,61.663135755000042,0.0],[-149.00028384999996,61.66313825900005,0.0],[-149.000261345999974,61.663139099000034,0.0],[-148.999427022999981,61.663139026000067,0.0],[-148.999427840999971,61.662489520000065,0.0]]]]}},
{"type":"Feature","properties":{"OBJECTID":103889,"ParcelType":1,"P_ID":22961,"ACCOUNT":"6003B02L010","TAXID_LOKI":"56003B02L010","ACRES":1.06867815,"TAXACRE":1.08,"ORIGACRE":1.08,"FTYPE":"PARCEL","GENOWN":"PRIVATE","BUYLEASE":"N","OWNER_1":"SUNDERLAND SLOAN R & KATHLEEN E","NAME_2":"","MAILING_ADDRESS_LINE_A":"","MAILING_ADDRESS_LINE_B":"10120 N WOLVERINE RD ","MAILING_ADDRESS_CITY":"PALMER","MAILING_ADDRESS_STATE":"AK","MAILING_ADDRESS_ZIP":"99645-8762","Buyer_Name":"","Buyer_Name_2":"","Buyer_Mailing_Address_A":"","Buyer_Mailing_Address_B":"","Buyer_Mailing_Address_City":"","Buyer_Mailing_Address_State":"","Buyer_Mailing_Address_Zip":"","MERIDIAN":"S","TWP_NUM":"18","TWP_NS":"N","RNG_NUM":"02","RNG_EW":"E","SECT_NUM":"12","GRIDNAME":"PA","GRIDNUM":"03","LANDVALUE":11500.0,"LANDASSD":11500.0,"BLDGVALUE":10200.0,"BLDGASSD":10200.0,"GENAREA":"3654","NBHD":"A1N12","TAXZONE":"0026","CITY":"","COMMCOUN":"15","FSA":"132","RSA":"019","SSA_1":"","SSA_2":"","ESN":24,"ECN":14,"ASSMBDISTRICT":"1","VOTINGPRCNT":"25-315","DFIRM":null,"SPUD":null,"SUBDNUM":6003,"LEGAL":"ALASKA RANCHOS #1                  BLOCK 2 LOT 10","DOC1_DATE":"2009-08-06T00:00:00Z","DOC1_TYPE":"WARRANTY DEED (ALL TYPES)","DOC1_RCRD":"Palmer-Bk  Pg ","DOC2_DATE":"1991-05-21T00:00:00Z","DOC2_TYPE":"","DOC2_RCRD":"Palmer-Bk 650 Pg 581","LANDUSE":"","RESUNIT":1.0,"MHUNIT":0.0,"DUPLEXUNIT":0.0,"MULTIUNIT":0.0,"GQUNIT":0.0,"MH_PK_UNIT":0.0,"BLDG_USE1":"1100","BLDG_USE2":"","BLDG_USE3":"","BLDG_USE4":"","BLDG_USE5":"","BLDG_USE6":"","Photo":"https://ecommerce.matsugov.us/assessment/Pages/Photos.aspx?isDLG=1&P_ID=22961","GlobalID":"{1E1F5088-952B-4350-B80C-95ADD8759229}","Shape_Length":0.0039997817046943046,"Shape_Area":7.326499621560627e-07},"geometry":{"type":"MultiPolygon","coordinates":[[[[-148.996900295999978,61.662735444000077,0.0],[-148.996900412999963,61.662489268000058,0.0],[-148.998449690999962,61.662489429000061,0.0],[-148.998448842999977,61.663073295000061,0.0],[-148.998400744999969,61.663070600000083,0.0],[-148.998352375999957,61.663071778000074,0.0],[-148.998305107999983,61.663076798000077,0.0],[-148.998260281999961,61.663085514000045,0.0],[-148.998219165999984,61.663097682000057,0.0],[-148.998182927999977,61.663112957000067,0.0],[-148.998152591999968,61.66313090400007,0.0],[-148.996900295999978,61.662735444000077,0.0]]]]}},
{"type":"Feature","properties":{"OBJECTID":103890,"ParcelType":1,"P_ID":58691,"ACCOUNT":"6003B02L009","TAXID_LOKI":"56003B02L009","ACRES":0.91435851,"TAXACRE":0.92,"ORIGACRE":0.92,"FTYPE":"PARCEL","GENOWN":"PRIVATE","BUYLEASE":"N","OWNER_1":"DAVIS STEVE","NAME_2":"","MAILING_ADDRESS_LINE_A":"","MAILING_ADDRESS_LINE_B":"17900 E WILLIAMS CT ","MAILING_ADDRESS_CITY":"PALMER","MAILING_ADDRESS_STATE":"AK","MAILING_ADDRESS_ZIP":"99645","Buyer_Name":"","Buyer_Name_2":"","Buyer_Mailing_Address_A":"","Buyer_Mailing_Address_B":"","Buyer_Mailing_Address_City":"","Buyer_Mailing_Address_State":"","Buyer_Mailing_Address_Zip":"","MERIDIAN":"S","TWP_NUM":"18","TWP_NS":"N","RNG_NUM":"02","RNG_EW":"E","SECT_NUM":"12","GRIDNAME":"PA","GRIDNUM":"03","LANDVALUE":10400.0,"LANDASSD":10400.0,"BLDGVALUE":18000.0,"BLDGASSD":18000.0,"GENAREA":"3654","NBHD":"A1N12","TAXZONE":"0026","CITY":"","COMMCOUN":"15","FSA":"132","RSA":"019","SSA_1":"","SSA_2":"","ESN":24,"ECN":14,"ASSMBDISTRICT":"1","VOTINGPRCNT":"25-315","DFIRM":null,"SPUD":null,"SUBDNUM":6003,"LEGAL":"ALASKA RANCHOS #1                  BLOCK 2 LOT 9","DOC1_DATE":"2020-03-16T00:00:00Z","DOC1_TYPE":"QUITCLAIM DEED (ALL TYPE)","DOC1_RCRD":"Palmer-Bk  Pg ","DOC2_DATE":"2011-10-19T00:00:00Z","DOC2_TYPE":"WARRANTY DEED (ALL TYPES)","DOC2_RCRD":"Palmer-Bk  Pg ","LANDUSE":"","RESUNIT":1.0,"MHUNIT":0.0,"DUPLEXUNIT":0.0,"MULTIUNIT":0.0,"GQUNIT":0.0,"MH_PK_UNIT":0.0,"BLDG_USE1":"1100","BLDG_USE2":"","BLDG_USE3":"","BLDG_USE4":"","BLDG_USE5":"","BLDG_USE6":"","Photo":"https://ecommerce.matsugov.us/assessment/Pages/Photos.aspx?isDLG=1&P_ID=58691","GlobalID":"{9074D60D-A608-4C83-AD4A-C6343D17EE78}","Shape_Length":0.0031997477260085872,"Shape_Area":6.2685518241568156e-07},"geometry":{"type":"MultiPolygon","coordinates":[[[[-148.998448842999977,61.663073295000061,0.0],[-148.998449690999962,61.662489429000061,0.0],[-148.999427840999971,61.662489520000065,0.0],[-148.999427022999981,61.663139026000067,0.0],[-148.998712956999981,61.663138959000037,0.0],[-148.998688870999956,61.663137991000042,0.0],[-148.99866546399997,61.663135120000049,0.0],[-148.998643401999971,61.663130426000066,0.0],[-148.99862330299996,61.663124042000049,0.0],[-148.998605735999973,61.663116148000029,0.0],[-148.998572460999981,61.663101071000028,0.0],[-148.998534560999957,61.663088706000053,0.0],[-148.998493000999957,61.663079368000069,0.0],[-148.998448842999977,61.663073295000061,0.0]]]]}},
{"type":"Feature","properties":{"OBJECTID":103891,"ParcelType":1,"P_ID":81165,"ACCOUNT":"6003B01L011","TAXID_LOKI":"56003B01L011","ACRES":0.86649523,"TAXACRE":0.87,"ORIGACRE":0.87,"FTYPE":"PARCEL","GENOWN":"PRIVATE","BUYLEASE":"N","OWNER_1":"WARNER TIMOTHY K","NAME_2":"","MAILING_ADDRESS_LINE_A":"","MAILING_ADDRESS_LINE_B":"17700 E WILLIAMS CT ","MAILING_ADDRESS_CITY":"PALMER","MAILING_ADDRESS_STATE":"AK","MAILING_ADDRESS_ZIP":"99645-7800","Buyer_Name":"","Buyer_Name_2":"","Buyer_Mailing_Address_A":"","Buyer_Mailing_Address_B":"","Buyer_Mailing_Address_City":"","Buyer_Mailing_Address_State":"","Buyer_Mailing_Address_Zip":"","MERIDIAN":"S","TWP_NUM":"18","TWP_NS":"N","RNG_NUM":"02","RNG_EW":"E","SECT_NUM":"12","GRIDNAME":"PA","GRIDNUM":"03","LANDVALUE":9800.0,"LANDASSD":0.0,"BLDGVALUE":114000.0,"BLDGASSD":0.0,"GENAREA":"3654","NBHD":"A1N12","TAXZONE":"0026","CITY":"","COMMCOUN":"15","FSA":"132","RSA":"019","SSA_1":"","SSA_2":"","ESN":24,"ECN":14,"ASSMBDISTRICT":"1","VOTINGPRCNT":"25-315","DFIRM":"02170C7300E","SPUD":null,"SUBDNUM":6003,"LEGAL":"ALASKA RANCHOS #1                  BLOCK 1 LOT 11","DOC1_DATE":"2000-12-05T00:00:00Z","DOC1_TYPE":"WARRANTY DEED (ALL TYPES)","DOC1_RCRD":"Palmer-Bk 1103 Pg 156","DOC2_DATE":"1995-09-18T00:00:00Z","DOC2_TYPE":"QUITCLAIM DEED (ALL TYPE)","DOC2_RCRD":"Palmer-Bk 820 Pg 674","LANDUSE":"","RESUNIT":1.0,"MHUNIT":0.0,"DUPLEXUNIT":0.0,"MULTIUNIT":0.0,"GQUNIT":0.0,"MH_PK_UNIT":0.0,"BLDG_USE1":"1100","BLDG_USE2":"","BLDG_USE3":"","BLDG_USE4":"","BLDG_USE5":"","BLDG_USE6":"","Photo":"https://ecommerce.matsugov.us/assessment/Pages/Photos.aspx?isDLG=1&P_ID=81165","GlobalID":"{9F859DBF-92CB-4027-96A5-A63EF57B2D21}","Shape_Length":0.0035731033172817081,"Shape_Area":5.9405014675610412e-07},"geometry":{"type":"MultiPolygon","coordinates":[[[[-149.00302360699996,61.663266947000068,0.0],[-149.003041217999964,61.663244805000033,0.0],[-149.003050532999964,61.663221551000049,0.0],[-149.003051274999962,61.663197882000077,0.0],[-149.003043418999965,61.663174507000065,0.0],[-149.003027200999981,61.663152126000057,0.0],[-149.003003108999962,61.663131409000073,0.0],[-149.004261621999973,61.662729315000036,0.0],[-149.004261923999962,61.663549902000057,0.0],[-149.00302360699996,61.663266947000068,0.0]]]]}},
{"type":"Feature","properties":{"OBJECTID":103892,"ParcelType":1,"P_ID":6831,"ACCOUNT":"6003B02L011","TAXID_LOKI":"56003B02L011","ACRES":0.89096017,"TAXACRE":0.89,"ORIGACRE":0.89,"FTYPE":"PARCEL","GENOWN":"PRIVATE","BUYLEASE":"N","OWNER_1":"SUNDERLAND SLOAN & KATHLEEN","NAME_2":"","MAILING_ADDRESS_LINE_A":"","MAILING_ADDRESS_LINE_B":"10120 N WOLVERINE RD ","MAILING_ADDRESS_CITY":"PALMER","MAILING_ADDRESS_STATE":"AK","MAILING_ADDRESS_ZIP":"99645","Buyer_Name":"","Buyer_Name_2":"","Buyer_Mailing_Address_A":"","Buyer_Mailing_Address_B":"","Buyer_Mailing_Address_City":"","Buyer_Mailing_Address_State":"","Buyer_Mailing_Address_Zip":"","MERIDIAN":"S","TWP_NUM":"18","TWP_NS":"N","RNG_NUM":"02","RNG_EW":"E","SECT_NUM":"12","GRIDNAME":"PA","GRIDNUM":"03","LANDVALUE":9800.0,"LANDASSD":9800.0,"BLDGVALUE":3000.0,"BLDGASSD":3000.0,"GENAREA":"3654","NBHD":"A1N12","TAXZONE":"0026","CITY":"","COMMCOUN":"15","FSA":"132","RSA":"019","SSA_1":"","SSA_2":"","ESN":24,"ECN":14,"ASSMBDISTRICT":"1","VOTINGPRCNT":"25-315","DFIRM":null,"SPUD":null,"SUBDNUM":6003,"LEGAL":"ALASKA RANCHOS #1                  BLOCK 2 LOT 11","DOC1_DATE":"2025-06-05T00:00:00Z","DOC1_TYPE":"QUITCLAIM DEED (ALL TYPE)","DOC1_RCRD":"Palmer-Bk  Pg ","DOC2_DATE":"2025-06-05T00:00:00Z","DOC2_TYPE":"QUITCLAIM DEED (ALL TYPE)","DOC2_RCRD":"Palmer-Bk  Pg ","LANDUSE":"","RESUNIT":1.0,"MHUNIT":0.0,"DUPLEXUNIT":0.0,"MULTIUNIT":0.0,"GQUNIT":0.0,"MH_PK_UNIT":0.0,"BLDG_USE1":"1100","BLDG_USE2":"","BLDG_USE3":"","BLDG_USE4":"","BLDG_USE5":"","BLDG_USE6":"","Photo":"https://ecommerce.matsugov.us/assessment/Pages/Photos.aspx?isDLG=1&P_ID=6831","GlobalID":"{3D80470C-3681-4151-9D5B-217649E40BD7}","Shape_Length":0.0036030686149698577,"Shape_Area":6.1082213738054764e-07},"geometry":{"type":"MultiPolygon","coordinates":[[[[-148.996900295999978,61.662735444000077,0.0],[-148.998152591999968,61.66313090400007,0.0],[-148.998130883999977,61.663149093000072,0.0],[-148.99811526199997,61.663168642000073,0.0],[-148.998106091999972,61.663189095000064,0.0],[-148.99810359099996,61.66320997300005,0.0],[-148.998107813999979,61.663230789000067,0.0],[-148.998118662999957,61.663251056000036,0.0],[-148.998135885999972,61.663270299000033,0.0],[-148.996899885999966,61.663583383000059,0.0],[-148.996900295999978,61.662735444000077,0.0]]]]}},
{"type":"Feature","properties":{"OBJECTID":103893,"ParcelType":1,"P_ID":9233,"ACCOUNT":"6003B01L012","TAXID_LOKI":"56003B01L012","ACRES":0.81967534,"TAXACRE":0.82,"ORIGACRE":0.82,"FTYPE":"PARCEL","GENOWN":"PRIVATE","BUYLEASE":"N","OWNER_1":"WARNER TIMOTHY K","NAME_2":"","MAILING_ADDRESS_LINE_A":"","MAILING_ADDRESS_LINE_B":"17700 E WILLIAMS CT ","MAILING_ADDRESS_CITY":"PALMER","MAILING_ADDRESS_STATE":"AK","MAILING_ADDRESS_ZIP":"99645-7800","Buyer_Name":"","Buyer_Name_2":"","Buyer_Mailing_Address_A":"","Buyer_Mailing_Address_B":"","Buyer_Mailing_Address_City":"","Buyer_Mailing_Address_State":"","Buyer_Mailing_Address_Zip":"","MERIDIAN":"S","TWP_NUM":"18","TWP_NS":"N","RNG_NUM":"02","RNG_EW":"E","SECT_NUM":"12","GRIDNAME":"PA","GRIDNUM":"03","LANDVALUE":9800.0,"LANDASSD":9800.0,"BLDGVALUE":0.0,"BLDGASSD":0.0,"GENAREA":"3654","NBHD":"A1N12","TAXZONE":"0026","CITY":"","COMMCOUN":"15","FSA":"132","RSA":"019","SSA_1":"","SSA_2":"","ESN":24,"ECN":14,"ASSMBDISTRICT":"1","VOTINGPRCNT":"25-315","DFIRM":"02170C7300E","SPUD":null,"SUBDNUM":6003,"LEGAL":"ALASKA RANCHOS #1                  BLOCK 1 LOT 12","DOC1_DATE":"2000-12-05T00:00:00Z","DOC1_TYPE":"WARRANTY DEED (ALL TYPES)","DOC1_RCRD":"Palmer-Bk 1103 Pg 156","DOC2_DATE":"1995-09-18T00:00:00Z","DOC2_TYPE":"QUITCLAIM DEED (ALL TYPE)","DOC2_RCRD":"Palmer-Bk 820 Pg 674","LANDUSE":"","RESUNIT":0.0,"MHUNIT":0.0,"DUPLEXUNIT":0.0,"MULTIUNIT":0.0,"GQUNIT":0.0,"MH_PK_UNIT":0.0,"BLDG_USE1":"","BLDG_USE2":"","BLDG_USE3":"","BLDG_USE4":"","BLDG_USE5":"","BLDG_USE6":"","Photo":"https://ecommerce.matsugov.us/assessment/Pages/Photos.aspx?isDLG=1&P_ID=9233","GlobalID":"{5299C916-4421-49A1-9BDF-C3EB043BCD02}","Shape_Length":0.0036875349928280868,"Shape_Area":5.6195742124049171e-07},"geometry":{"type":"MultiPolygon","coordinates":[[[[-149.002764217999982,61.663344453000036,0.0],[-149.002810176999958,61.663342705000048,0.0],[-149.002854956999983,61.663337488000082,0.0],[-149.002897410999964,61.663328939000053,0.0],[-149.002936445999978,61.663317274000065,0.0],[-149.002971060999982,61.663302796000039,0.0],[-149.003000365999981,61.663285875000042,0.0],[-149.00302360699996,61.663266947000068,0.0],[-149.004261923999962,61.663549902000057,0.0],[-149.00426200299998,61.663768725000068,0.0],[-149.002764160999959,61.663768634000064,0.0],[-149.002764217999982,61.663344453000036,0.0]]]]}},
{"type":"Feature","properties":{"OBJECTID":103894,"ParcelType":1,"P_ID":43684,"ACCOUNT":"6003B01L013","TAXID_LOKI":"56003B01L013","ACRES":0.72612822,"TAXACRE":0.73,"ORIGACRE":0.73,"FTYPE":"PARCEL","GENOWN":"PRIVATE","BUYLEASE":"N","OWNER_1":"SEREBRENNIKOV SERGEY","NAME_2":"","MAILING_ADDRESS_LINE_A":"","MAILING_ADDRESS_LINE_B":"17765 E WILLIAMS CT ","MAILING_ADDRESS_CITY":"PALMER","MAILING_ADDRESS_STATE":"AK","MAILING_ADDRESS_ZIP":"99645-7800","Buyer_Name":"","Buyer_Name_2":"","Buyer_Mailing_Address_A":"","Buyer_Mailing_Address_B":"","Buyer_Mailing_Address_City":"","Buyer_Mailing_Address_State":"","Buyer_Mailing_Address_Zip":"","MERIDIAN":"S","TWP_NUM":"18","TWP_NS":"N","RNG_NUM":"02","RNG_EW":"E","SECT_NUM":"12","GRIDNAME":"PA","GRIDNUM":"03","LANDVALUE":9800.0,"LANDASSD":9800.0,"BLDGVALUE":87900.0,"BLDGASSD":87900.0,"GENAREA":"3654","NBHD":"A1N12","TAXZONE":"0026","CITY":"","COMMCOUN":"15","FSA":"132","RSA":"019","SSA_1":"","SSA_2":"","ESN":24,"ECN":14,"ASSMBDISTRICT":"1","VOTINGPRCNT":"25-315","DFIRM":"02170C7300E","SPUD":null,"SUBDNUM":6003,"LEGAL":"ALASKA RANCHOS #1                  BLOCK 1 LOT 13","DOC1_DATE":"2015-05-06T00:00:00Z","DOC1_TYPE":"WARRANTY DEED (ALL TYPES)","DOC1_RCRD":"Palmer-Bk  Pg ","DOC2_DATE":"2005-10-19T00:00:00Z","DOC2_TYPE":"QUITCLAIM DEED (ALL TYPE)","DOC2_RCRD":"Palmer-Bk  Pg 0","LANDUSE":"","RESUNIT":1.0,"MHUNIT":0.0,"DUPLEXUNIT":0.0,"MULTIUNIT":0.0,"GQUNIT":0.0,"MH_PK_UNIT":0.0,"BLDG_USE1":"1100","BLDG_USE2":"1110","BLDG_USE3":"","BLDG_USE4":"","BLDG_USE5":"","BLDG_USE6":"","Photo":"https://ecommerce.matsugov.us/assessment/Pages/Photos.aspx?isDLG=1&P_ID=43684","GlobalID":"{D41907B8-56C8-4BBC-BF12-3632D63AF929}","Shape_Length":0.0029982904534471022,"Shape_Area":4.9782222525157426e-07},"geometry":{"type":"MultiPolygon","coordinates":[[[[-149.001728532999977,61.663275979000048,0.0],[-149.002442601999974,61.663276029000031,0.0],[-149.00246668799997,61.663276997000082,0.0],[-149.002490094999956,61.663279868000075,0.0],[-149.002512157999973,61.663284561000069,0.0],[-149.002532257999974,61.663290944000039,0.0],[-149.002549825999978,61.66329883700007,0.0],[-149.002584951999978,61.663314620000051,0.0],[-149.002625139999964,61.663327385000059,0.0],[-149.00266925699998,61.663336772000036,0.0],[-149.002716056999958,61.663342515000068,0.0],[-149.002764217999982,61.663344453000036,0.0],[-149.002764160999959,61.663768634000064,0.0],[-149.001728427999979,61.66376856200003,0.0],[-149.001728532999977,61.663275979000048,0.0]]]]}},
{"type":"Feature","properties":{"OBJECTID":103895,"ParcelType":1,"P_ID":68083,"ACCOUNT":"6003B01L014","TAXID_LOKI":"56003B01L014","ACRES":0.69966067,"TAXACRE":0.7,"ORIGACRE":0.7,"FTYPE":"PARCEL","GENOWN":"PRIVATE","BUYLEASE":"N","OWNER_1":"SEREBRENNIKOV SERGEY","NAME_2":"","MAILING_ADDRESS_LINE_A":"","MAILING_ADDRESS_LINE_B":"17765 E WILLIAMS CT ","MAILING_ADDRESS_CITY":"PALMER","MAILING_ADDRESS_STATE":"AK","MAILING_ADDRESS_ZIP":"99645-7800","Buyer_Name":"","Buyer_Name_2":"","Buyer_Mailing_Address_A":"","Buyer_Mailing_Address_B":"","Buyer_Mailing_Address_City":"","Buyer_Mailing_Address_State":"","Buyer_Mailing_Address_Zip":"","MERIDIAN":"S","TWP_NUM":"18","TWP_NS":"N","RNG_NUM":"02","RNG_EW":"E","SECT_NUM":"12","GRIDNAME":"PA","GRIDNUM":"03","LANDVALUE":9800.0,"LANDASSD":9800.0,"BLDGVALUE":0.0,"BLDGASSD":0.0,"GENAREA":"3654","NBHD":"A1N12","TAXZONE":"0026","CITY":"","COMMCOUN":"15","FSA":"132","RSA":"019","SSA_1":"","SSA_2":"","ESN":24,"ECN":14,"ASSMBDISTRICT":"1","VOTINGPRCNT":"25-315","DFIRM":"02170C7300E","SPUD":null,"SUBDNUM":6003,"LEGAL":"ALASKA RANCHOS #1                  BLOCK 1 LOT 14","DOC1_DATE":"2015-06-02T00:00:00Z","DOC1_TYPE":"WARRANTY DEED (ALL TYPES)","DOC1_RCRD":"Palmer-Bk  Pg ","DOC2_DATE":"2002-10-25T00:00:00Z","DOC2_TYPE":"QUITCLAIM DEED (ALL TYPE)","DOC2_RCRD":"Palmer-Bk  Pg 0","LANDUSE":"","RESUNIT":0.0,"MHUNIT":0.0,"DUPLEXUNIT":0.0,"MULTIUNIT":0.0,"GQUNIT":0.0,"MH_PK_UNIT":0.0,"BLDG_USE1":"","BLDG_USE2":"","BLDG_USE3":"","BLDG_USE4":"","BLDG_USE5":"","BLDG_USE6":"","Photo":"https://ecommerce.matsugov.us/assessment/Pages/Photos.aspx?isDLG=1&P_ID=68083","GlobalID":"{EE06D8A3-3D85-4F60-B4D3-AED0656720FD}","Shape_Length":0.0029009228491686931,"Shape_Area":4.7967621846344853e-07},"geometry":{"type":"MultiPolygon","coordinates":[[[[-149.00089420599997,61.663275915000042,0.0],[-149.001728532999977,61.663275979000048,0.0],[-149.001728427999979,61.66376856200003,0.0],[-149.000750179999983,61.663768486000038,0.0],[-149.000750330999978,61.663344517000041,0.0],[-149.000752570999964,61.663332638000043,0.0],[-149.00075909399996,61.663321121000081,0.0],[-149.000769701999957,61.663310312000078,0.0],[-149.000784081999967,61.663300538000044,0.0],[-149.000801795999962,61.663292092000063,0.0],[-149.000822311999968,61.663285228000063,0.0],[-149.000845015999971,61.663280151000038,0.0],[-149.000869223999956,61.663277015000062,0.0],[-149.00089420599997,61.663275915000042,0.0]]]]}},
{"type":"Feature","properties":{"OBJECTID":103896,"ParcelType":1,"P_ID":27657,"ACCOUNT":"6003B02L014","TAXID_LOKI":"56003B02L014","ACRES":0.94328651,"TAXACRE":0.93,"ORIGACRE":0.93,"FTYPE":"PARCEL","GENOWN":"PRIVATE","BUYLEASE":"N","OWNER_1":"STIASSNY ELLIOT","NAME_2":"KIRKHAM AMY","MAILING_ADDRESS_LINE_A":"","MAILING_ADDRESS_LINE_B":"3326 W 30TH AVE ","MAILING_ADDRESS_CITY":"ANCHORAGE","MAILING_ADDRESS_STATE":"AK","MAILING_ADDRESS_ZIP":"99517","Buyer_Name":"","Buyer_Name_2":"","Buyer_Mailing_Address_A":"","Buyer_Mailing_Address_B":"","Buyer_Mailing_Address_City":"","Buyer_Mailing_Address_State":"","Buyer_Mailing_Address_Zip":"","MERIDIAN":"S","TWP_NUM":"18","TWP_NS":"N","RNG_NUM":"02","RNG_EW":"E","SECT_NUM":"12","GRIDNAME":"PA","GRIDNUM":"03","LANDVALUE":11500.0,"LANDASSD":11500.0,"BLDGVALUE":0.0,"BLDGASSD":0.0,"GENAREA":"3654","NBHD":"A1N12","TAXZONE":"0026","CITY":"","COMMCOUN":"15","FSA":"132","RSA":"019","SSA_1":"","SSA_2":"","ESN":24,"ECN":14,"ASSMBDISTRICT":"1","VOTINGPRCNT":"25-315","DFIRM":null,"SPUD":null,"SUBDNUM":6003,"LEGAL":"ALASKA RANCHOS #1                  BLOCK 2 LOT 14","DOC1_DATE":"2023-10-03T00:00:00Z","DOC1_TYPE":"WARRANTY DEED (ALL TYPES)","DOC1_RCRD":"Palmer-Bk  Pg ","DOC2_DATE":"2023-04-11T00:00:00Z","DOC2_TYPE":"PERSONAL REPRESENTATIVE","DOC2_RCRD":"Palmer-Bk  Pg ","LANDUSE":"","RESUNIT":0.0,"MHUNIT":0.0,"DUPLEXUNIT":0.0,"MULTIUNIT":0.0,"GQUNIT":0.0,"MH_PK_UNIT":0.0,"BLDG_USE1":"","BLDG_USE2":"","BLDG_USE3":"","BLDG_USE4":"","BLDG_USE5":"","BLDG_USE6":"","Photo":"https://ecommerce.matsugov.us/assessment/Pages/Photos.aspx?isDLG=1&P_ID=27657","GlobalID":"{9E54B66D-93B6-45F0-BC73-B28974DC5113}","Shape_Length":0.0032504218940788495,"Shape_Area":6.4658718910045354e-07},"geometry":{"type":"MultiPolygon","coordinates":[[[[-148.999426967999966,61.663275773000066,0.0],[-149.000261294999973,61.663275845000044,0.0],[-149.00028379699998,61.663276689000043,0.0],[-149.000305744999963,61.663279196000076,0.0],[-149.000326597999958,61.663283304000061,0.0],[-149.000345841999973,61.663288912000041,0.0],[-149.000363003999979,61.663295883000046,0.0],[-149.000377660999959,61.663304044000029,0.0],[-149.000389452999968,61.663313194000068,0.0],[-149.000398086999979,61.663323108000043,0.0],[-149.000403351999978,61.663333542000032,0.0],[-149.000405118999964,61.663344240000072,0.0],[-149.000404936999956,61.663839382000049,0.0],[-149.000406981999959,61.663889392000044,0.0],[-149.00041369799996,61.663939308000067,0.0],[-148.999428422999983,61.663939223000057,0.0],[-148.999426967999966,61.663275773000066,0.0]]]]}},
{"type":"Feature","properties":{"OBJECTID":103897,"ParcelType":1,"P_ID":11273,"ACCOUNT":"6003B02L013","TAXID_LOKI":"56003B02L013","ACRES":0.93431682,"TAXACRE":0.92,"ORIGACRE":0.92,"FTYPE":"PARCEL","GENOWN":"PRIVATE","BUYLEASE":"N","OWNER_1":"GREEN CURT HAROLD","NAME_2":"","MAILING_ADDRESS_LINE_A":"","MAILING_ADDRESS_LINE_B":"3380 S ELKINS ST ","MAILING_ADDRESS_CITY":"WASILLA","MAILING_ADDRESS_STATE":"AK","MAILING_ADDRESS_ZIP":"99623","Buyer_Name":"","Buyer_Name_2":"","Buyer_Mailing_Address_A":"","Buyer_Mailing_Address_B":"","Buyer_Mailing_Address_City":"","Buyer_Mailing_Address_State":"","Buyer_Mailing_Address_Zip":"","MERIDIAN":"S","TWP_NUM":"18","TWP_NS":"N","RNG_NUM":"02","RNG_EW":"E","SECT_NUM":"12","GRIDNAME":"PA","GRIDNUM":"03","LANDVALUE":11500.0,"LANDASSD":11500.0,"BLDGVALUE":218000.0,"BLDGASSD":218000.0,"GENAREA":"3654","NBHD":"A1N12","TAXZONE":"0026","CITY":"","COMMCOUN":"15","FSA":"132","RSA":"019","SSA_1":"","SSA_2":"","ESN":24,"ECN":14,"ASSMBDISTRICT":"1","VOTINGPRCNT":"25-315","DFIRM":null,"SPUD":null,"SUBDNUM":6003,"LEGAL":"ALASKA RANCHOS #1                  BLOCK 2 LOT 13","DOC1_DATE":"2026-08-11T00:00:00Z","DOC1_TYPE":"WARRANTY DEED (ALL TYPES)","DOC1_RCRD":"Palmer-Bk  Pg ","DOC2_DATE":"2023-07-31T00:00:00Z","DOC2_TYPE":"QUITCLAIM DEED (ALL TYPE)","DOC2_RCRD":"Palmer-Bk  Pg ","LANDUSE":"","RESUNIT":1.0,"MHUNIT":0.0,"DUPLEXUNIT":0.0,"MULTIUNIT":0.0,"GQUNIT":0.0,"MH_PK_UNIT":0.0,"BLDG_USE1":"1100","BLDG_USE2":"","BLDG_USE3":"","BLDG_USE4":"","BLDG_USE5":"","BLDG_USE6":"","Photo":"https://ecommerce.matsugov.us/assessment/Pages/Photos.aspx?isDLG=1&P_ID=11273","GlobalID":"{670AF46A-DFC5-427C-B9D5-D3B130D01DFE}","Shape_Length":0.0032277526003490781,"Shape_Area":6.405544866246613e-07},"geometry":{"type":"MultiPolygon","coordinates":[[[[-148.998448729999978,61.663341295000066,0.0],[-148.998492891999973,61.663335231000076,0.0],[-148.998534460999963,61.663325902000054,0.0],[-148.998572371999984,61.663313544000061,0.0],[-148.998605657999974,61.663298473000054,0.0],[-148.998623225999978,61.663290581000069,0.0],[-148.998643328999975,61.663284202000057,0.0],[-148.998665399999965,61.663279517000035,0.0],[-148.998688810999965,61.663276658000029,0.0],[-148.998712898999969,61.663275707000082,0.0],[-148.999426967999966,61.663275773000066,0.0],[-148.999428422999983,61.663939223000057,0.0],[-148.99845022599996,61.663939131000063,0.0],[-148.998448729999978,61.663341295000066,0.0]]]]}},
{"type":"Feature","properties":{"OBJECTID":103898,"ParcelType":1,"P_ID":87956,"ACCOUNT":"6003B02L012","TAXID_LOKI":"56003B02L012","ACRES":1.20373899,"TAXACRE":1.2,"ORIGACRE":1.2,"FTYPE":"PARCEL","GENOWN":"PRIVATE","BUYLEASE":"N","OWNER_1":"SUNDERLAND ELIJAH SLOAN","NAME_2":"","MAILING_ADDRESS_LINE_A":"","MAILING_ADDRESS_LINE_B":"10120 N WOLVERINE RD ","MAILING_ADDRESS_CITY":"PALMER","MAILING_ADDRESS_STATE":"AK","MAILING_ADDRESS_ZIP":"99645","Buyer_Name":"","Buyer_Name_2":"","Buyer_Mailing_Address_A":"","Buyer_Mailing_Address_B":"","Buyer_Mailing_Address_City":"","Buyer_Mailing_Address_State":"","Buyer_Mailing_Address_Zip":"","MERIDIAN":"S","TWP_NUM":"18","TWP_NS":"N","RNG_NUM":"02","RNG_EW":"E","SECT_NUM":"12","GRIDNAME":"PA","GRIDNUM":"03","LANDVALUE":11500.0,"LANDASSD":11500.0,"BLDGVALUE":0.0,"BLDGASSD":0.0,"GENAREA":"3654","NBHD":"A1N12","TAXZONE":"0026","CITY":"","COMMCOUN":"15","FSA":"132","RSA":"019","SSA_1":"","SSA_2":"","ESN":24,"ECN":14,"ASSMBDISTRICT":"1","VOTINGPRCNT":"25-315","DFIRM":null,"SPUD":null,"SUBDNUM":6003,"LEGAL":"ALASKA RANCHOS #1                  BLOCK 2 LOT 12","DOC1_DATE":"2022-06-06T00:00:00Z","DOC1_TYPE":"QUITCLAIM DEED (ALL TYPE)","DOC1_RCRD":"Palmer-Bk  Pg ","DOC2_DATE":"2020-05-08T00:00:00Z","DOC2_TYPE":"WARRANTY DEED (ALL TYPES)","DOC2_RCRD":"Palmer-Bk  Pg ","LANDUSE":"","RESUNIT":0.0,"MHUNIT":0.0,"DUPLEXUNIT":0.0,"MULTIUNIT":0.0,"GQUNIT":0.0,"MH_PK_UNIT":0.0,"BLDG_USE1":"","BLDG_USE2":"","BLDG_USE3":"","BLDG_USE4":"","BLDG_USE5":"","BLDG_USE6":"","Photo":"https://ecommerce.matsugov.us/assessment/Pages/Photos.aspx?isDLG=1&P_ID=87956","GlobalID":"{0BCC6E22-F424-4910-A6F8-3FF86B0381F2}","Shape_Length":0.0041074645208367538,"Shape_Area":8.2526720154885532e-07},"geometry":{"type":"MultiPolygon","coordinates":[[[[-148.996899885999966,61.663583383000059,0.0],[-148.998135885999972,61.663270299000033,0.0],[-148.998160546999969,61.663289013000053,0.0],[-148.998191223999982,61.663305598000079,0.0],[-148.998227115999981,61.663319619000049,0.0],[-148.998267286999976,61.663330711000071,0.0],[-148.998310690999972,61.663338585000076,0.0],[-148.998356192999978,61.663343036000072,0.0],[-148.99840261099996,61.663343947000044,0.0],[-148.998448729999978,61.663341295000066,0.0],[-148.99845022599996,61.663939131000063,0.0],[-148.996899714999984,61.663938970000061,0.0],[-148.996899885999966,61.663583383000059,0.0]]]]}},
{"type":"Feature","properties":{"OBJECTID":103899,"ParcelType":2,"P_ID":65186,"ACCOUNT":"18N02E12C001","TAXID_LOKI":"118N02E12C001","ACRES":80.09706591,"TAXACRE":76.29,"ORIGACRE":80.0,"FTYPE":"PARCEL","GENOWN":"PRIVATE","BUYLEASE":"N","OWNER_1":"WOLVERINE FARM TR","NAME_2":"","MAILING_ADDRESS_LINE_A":"","MAILING_ADDRESS_LINE_B":"6505 N WOLVERINE RD ","MAILING_ADDRESS_CITY":"PALMER","MAILING_ADDRESS_STATE":"AK","MAILING_ADDRESS_ZIP":"99645","Buyer_Name":"","Buyer_Name_2":"","Buyer_Mailing_Address_A":"","Buyer_Mailing_Address_B":"","Buyer_Mailing_Address_City":"","Buyer_Mailing_Address_State":"","Buyer_Mailing_Address_Zip":"","MERIDIAN":"S","TWP_NUM":"18","TWP_NS":"N","RNG_NUM":"02","RNG_EW":"E","SECT_NUM":"14","GRIDNAME":"PA","GRIDNUM":"03","LANDVALUE":215400.0,"LANDASSD":26939.0,"BLDGVALUE":0.0,"BLDGASSD":0.0,"GENAREA":"3654","NBHD":"A1N10","TAXZONE":"0026","CITY":"","COMMCOUN":"15","FSA":"132","RSA":"019","SSA_1":"","SSA_2":"","ESN":24,"ECN":14,"ASSMBDISTRICT":"1","VOTINGPRCNT":"25-315","DFIRM":"02170C7300E","SPUD":null,"SUBDNUM":0,"LEGAL":"TOWNSHIP 18N RANGE 2E              SECTION 12 LOT C1","DOC1_DATE":"2009-09-30T00:00:00Z","DOC1_TYPE":"QUITCLAIM DEED (ALL TYPE)","DOC1_RCRD":"Palmer-Bk  Pg ","DOC2_DATE":"1993-07-06T00:00:00Z","DOC2_TYPE":"QUITCLAIM DEED (ALL TYPE)","DOC2_RCRD":"Palmer-Bk 722 Pg 629","LANDUSE":"","RESUNIT":0.0,"MHUNIT":0.0,"DUPLEXUNIT":0.0,"MULTIUNIT":0.0,"GQUNIT":0.0,"MH_PK_UNIT":0.0,"BLDG_USE1":"","BLDG_USE2":"","BLDG_USE3":"","BLDG_USE4":"","BLDG_USE5":"","BLDG_USE6":"","Photo":"https://ecommerce.matsugov.us/assessment/Pages/Photos.aspx?isDLG=1&P_ID=65186","GlobalID":"{2AC8B6CD-4ABE-4A00-AA49-589DD253987C}","Shape_Length":0.029661371542439384,"Shape_Area":5.4908445556265734e-05},"geometry":{"type":"MultiPolygon","coordinates":[[[[-149.025366571999967,61.657197594000081,0.0],[-149.027191113999976,61.657196507000037,0.0],[-149.027191236999982,61.657340864000048,0.0],[-149.027197212999965,61.664445966000073,0.0],[-149.019619876999968,61.66443569900008,0.0],[-149.019619187999979,61.661711702000048,0.0],[-149.019618959999974,61.660809056000062,0.0],[-149.019598205999984,61.658084066000072,0.0],[-149.019591478999956,61.657200873000079,0.0],[-149.023439423999974,61.65719871500005,0.0],[-149.025366571999967,61.657197594000081,0.0]]]]}},
{"type":"Feature","properties":{"OBJECTID":103900,"ParcelType":1,"P_ID":2668,"ACCOUNT":"6003B01L017","TAXID_LOKI":"56003B01L017","ACRES":0.8767358,"TAXACRE":0.88,"ORIGACRE":0.88,"FTYPE":"PARCEL","GENOWN":"PRIVATE","BUYLEASE":"N","OWNER_1":"DEVILBISS DAVID S&BETHANY","NAME_2":"","MAILING_ADDRESS_LINE_A":"","MAILING_ADDRESS_LINE_B":"PO BOX 3235","MAILING_ADDRESS_CITY":"PALMER","MAILING_ADDRESS_STATE":"AK","MAILING_ADDRESS_ZIP":"99645-3235","Buyer_Name":"","Buyer_Name_2":"","Buyer_Mailing_Address_A":"","Buyer_Mailing_Address_B":"","Buyer_Mailing_Address_City":"","Buyer_Mailing_Address_State":"","Buyer_Mailing_Address_Zip":"","MERIDIAN":"S","TWP_NUM":"18","TWP_NS":"N","RNG_NUM":"02","RNG_EW":"E","SECT_NUM":"12","GRIDNAME":"PA","GRIDNUM":"03","LANDVALUE":9800.0,"LANDASSD":9800.0,"BLDGVALUE":0.0,"BLDGASSD":0.0,"GENAREA":"3654","NBHD":"A1N12","TAXZONE":"0026","CITY":"","COMMCOUN":"15","FSA":"132","RSA":"019","SSA_1":"","SSA_2":"","ESN":24,"ECN":14,"ASSMBDISTRICT":"1","VOTINGPRCNT":"25-315","DFIRM":"02170C7300E","SPUD":null,"SUBDNUM":6003,"LEGAL":"ALASKA RANCHOS #1                  BLOCK 1 LOT 17","DOC1_DATE":"2005-09-22T00:00:00Z","DOC1_TYPE":"QUITCLAIM DEED (ALL TYPE)","DOC1_RCRD":"Palmer-Bk  Pg 0","DOC2_DATE":"2000-03-03T00:00:00Z","DOC2_TYPE":"WARRANTY DEED (ALL TYPES)","DOC2_RCRD":"Palmer-Bk 1058 Pg 571","LANDUSE":"","RESUNIT":0.0,"MHUNIT":0.0,"DUPLEXUNIT":0.0,"MULTIUNIT":0.0,"GQUNIT":0.0,"MH_PK_UNIT":0.0,"BLDG_USE1":"","BLDG_USE2":"","BLDG_USE3":"","BLDG_USE4":"","BLDG_USE5":"","BLDG_USE6":"","Photo":"https://ecommerce.matsugov.us/assessment/Pages/Photos.aspx?isDLG=1&P_ID=2668","GlobalID":"{3CC424B2-AEF7-49F2-AAE6-54082B9A67FC}","Shape_Length":0.0033484432655846224,"Shape_Area":6.0108742931659919e-07},"geometry":{"type":"MultiPolygon","coordinates":[[[[-149.00310933199998,61.663823362000073,0.0],[-149.004261990999964,61.663823430000036,0.0],[-149.004262181999962,61.66434515900005,0.0],[-149.003109217999963,61.664344453000069,0.0],[-149.00310933199998,61.663823362000073,0.0]]]]}},
{"type":"Feature","properties":{"OBJECTID":103901,"ParcelType":2,"P_ID":78929,"ACCOUNT":"18N02E12C006","TAXID_LOKI":"118N02E12C006","ACRES":25.24570283,"TAXACRE":24.62,"ORIGACRE":25.0,"FTYPE":"PARCEL","GENOWN":"PRIVATE","BUYLEASE":"N","OWNER_1":"MCGIMSEY 2018 FAMILY TR","NAME_2":"","MAILING_ADDRESS_LINE_A":"","MAILING_ADDRESS_LINE_B":"18945  TIMBERLINE DR ","MAILING_ADDRESS_CITY":"EAGLE RIVER","MAILING_ADDRESS_STATE":"AK","MAILING_ADDRESS_ZIP":"99577","Buyer_Name":"","Buyer_Name_2":"","Buyer_Mailing_Address_A":"","Buyer_Mailing_Address_B":"","Buyer_Mailing_Address_City":"","Buyer_Mailing_Address_State":"","Buyer_Mailing_Address_Zip":"","MERIDIAN":"S","TWP_NUM":"18","TWP_NS":"N","RNG_NUM":"02","RNG_EW":"E","SECT_NUM":"12","GRIDNAME":"PA","GRIDNUM":"03","LANDVALUE":120800.0,"LANDASSD":120800.0,"BLDGVALUE":0.0,"BLDGASSD":0.0,"GENAREA":"3654","NBHD":"A1N10","TAXZONE":"0026","CITY":"","COMMCOUN":"15","FSA":"132","RSA":"019","SSA_1":"","SSA_2":"","ESN":24,"ECN":14,"ASSMBDISTRICT":"1","VOTINGPRCNT":"25-315","DFIRM":"02170C7300E","SPUD":null,"SUBDNUM":0,"LEGAL":"TOWNSHIP 18N RANGE 2E              SECTION 12 LOT C6","DOC1_DATE":"2018-08-01T00:00:00Z","DOC1_TYPE":"WARRANTY DEED (ALL TYPES)","DOC1_RCRD":"Palmer-Bk  Pg ","DOC2_DATE":"1992-03-19T00:00:00Z","DOC2_TYPE":"QUITCLAIM DEED (ALL TYPE)","DOC2_RCRD":"Palmer-Bk 676 Pg 745","LANDUSE":"","RESUNIT":0.0,"MHUNIT":0.0,"DUPLEXUNIT":0.0,"MULTIUNIT":0.0,"GQUNIT":0.0,"MH_PK_UNIT":0.0,"BLDG_USE1":"","BLDG_USE2":"","BLDG_USE3":"","BLDG_USE4":"","BLDG_USE5":"","BLDG_USE6":"","Photo":"https://ecommerce.matsugov.us/assessment/Pages/Photos.aspx?isDLG=1&P_ID=78929","GlobalID":"{383209E6-E565-47F4-9D36-D9A700DD4CDF}","Shape_Length":0.020645408757644743,"Shape_Area":1.7307818104777399e-05},"geometry":{"type":"MultiPolygon","coordinates":[[[[-149.013873813999965,61.664432728000065,0.0],[-149.013873694999972,61.662616807000063,0.0],[-149.012015057999974,61.662611639000033,0.0],[-149.012015050999963,61.661714994000079,0.0],[-149.01577235299996,61.661713421000059,0.0],[-149.019619187999979,61.661711702000048,0.0],[-149.019619876999968,61.66443569900008,0.0],[-149.017607346999966,61.66443468500006,0.0],[-149.013873813999965,61.664432728000065,0.0]]]]}},
{"type":"Feature","properties":{"OBJECTID":103902,"ParcelType":1,"P_ID":8267,"ACCOUNT":"6003B01L016","TAXID_LOKI":"56003B01L016","ACRES":0.81292553,"TAXACRE":0.81,"ORIGACRE":0.81,"FTYPE":"PARCEL","GENOWN":"PRIVATE","BUYLEASE":"N","OWNER_1":"DEVILBISS DAVID S&BETHANY","NAME_2":"","MAILING_ADDRESS_LINE_A":"","MAILING_ADDRESS_LINE_B":"PO BOX 3235","MAILING_ADDRESS_CITY":"PALMER","MAILING_ADDRESS_STATE":"AK","MAILING_ADDRESS_ZIP":"99645-3235","Buyer_Name":"","Buyer_Name_2":"","Buyer_Mailing_Address_A":"","Buyer_Mailing_Address_B":"","Buyer_Mailing_Address_City":"","Buyer_Mailing_Address_State":"","Buyer_Mailing_Address_Zip":"","MERIDIAN":"S","TWP_NUM":"18","TWP_NS":"N","RNG_NUM":"02","RNG_EW":"E","SECT_NUM":"12","GRIDNAME":"PA","GRIDNUM":"03","LANDVALUE":9200.0,"LANDASSD":9200.0,"BLDGVALUE":0.0,"BLDGASSD":0.0,"GENAREA":"3654","NBHD":"A1N12","TAXZONE":"0026","CITY":"","COMMCOUN":"15","FSA":"132","RSA":"019","SSA_1":"","SSA_2":"","ESN":24,"ECN":14,"ASSMBDISTRICT":"1","VOTINGPRCNT":"25-315","DFIRM":"02170C7300E","SPUD":null,"SUBDNUM":6003,"LEGAL":"ALASKA RANCHOS #1                  BLOCK 1 LOT 16","DOC1_DATE":"2005-09-22T00:00:00Z","DOC1_TYPE":"QUITCLAIM DEED (ALL TYPE)","DOC1_RCRD":"Palmer-Bk  Pg 0","DOC2_DATE":"2000-03-03T00:00:00Z","DOC2_TYPE":"WARRANTY DEED (ALL TYPES)","DOC2_RCRD":"Palmer-Bk 1058 Pg 571","LANDUSE":"","RESUNIT":0.0,"MHUNIT":0.0,"DUPLEXUNIT":0.0,"MULTIUNIT":0.0,"GQUNIT":0.0,"MH_PK_UNIT":0.0,"BLDG_USE1":"","BLDG_USE2":"","BLDG_USE3":"","BLDG_USE4":"","BLDG_USE5":"","BLDG_USE6":"","Photo":"https://ecommerce.matsugov.us/assessment/Pages/Photos.aspx?isDLG=1&P_ID=8267","GlobalID":"{6412FEDB-5127-4271-A755-AD94036C79F6}","Shape_Length":0.0031846622902060393,"Shape_Area":5.5660048092209144e-07},"geometry":{"type":"MultiPolygon","coordinates":[[[[-149.002044826999963,61.663823291000028,0.0],[-149.00310933199998,61.663823362000073,0.0],[-149.003109217999963,61.664344453000069,0.0],[-149.002472402999956,61.66434405900003,0.0],[-149.002258069999982,61.664347373000055,0.0],[-149.002044699999971,61.66435757000005,0.0],[-149.002044826999963,61.663823291000028,0.0]]]]}},
{"type":"Feature","properties":{"OBJECTID":103903,"ParcelType":2,"P_ID":26512,"ACCOUNT":"18N02E12C007","TAXID_LOKI":"118N02E12C007","ACRES":4.92877311,"TAXACRE":5.0,"ORIGACRE":5.0,"FTYPE":"PARCEL","GENOWN":"PRIVATE","BUYLEASE":"N","OWNER_1":"BLAISDELL ALAN S& BARBARA","NAME_2":"","MAILING_ADDRESS_LINE_A":"","MAILING_ADDRESS_LINE_B":"PO BOX 4006","MAILING_ADDRESS_CITY":"PALMER","MAILING_ADDRESS_STATE":"AK","MAILING_ADDRESS_ZIP":"99645-4006","Buyer_Name":"","Buyer_Name_2":"","Buyer_Mailing_Address_A":"","Buyer_Mailing_Address_B":"","Buyer_Mailing_Address_City":"","Buyer_Mailing_Address_State":"","Buyer_Mailing_Address_Zip":"","MERIDIAN":"S","TWP_NUM":"18","TWP_NS":"N","RNG_NUM":"02","RNG_EW":"E","SECT_NUM":"12","GRIDNAME":"PA","GRIDNUM":"03","LANDVALUE":50600.0,"LANDASSD":0.0,"BLDGVALUE":51100.0,"BLDGASSD":0.0,"GENAREA":"3654","NBHD":"A1N10","TAXZONE":"0026","CITY":"","COMMCOUN":"15","FSA":"132","RSA":"019","SSA_1":"","SSA_2":"","ESN":24,"ECN":14,"ASSMBDISTRICT":"1","VOTINGPRCNT":"25-315","DFIRM":"02170C7300E","SPUD":null,"SUBDNUM":0,"LEGAL":"TOWNSHIP 18N RANGE 2E              SECTION 12 LOT C7","DOC1_DATE":"1999-10-19T00:00:00Z","DOC1_TYPE":"QUITCLAIM DEED (ALL TYPE)","DOC1_RCRD":"Palmer-Bk 1040 Pg 156","DOC2_DATE":"1993-04-08T00:00:00Z","DOC2_TYPE":"WARRANTY DEED (ALL TYPES)","DOC2_RCRD":"Palmer-Bk 711 Pg 296","LANDUSE":"","RESUNIT":1.0,"MHUNIT":0.0,"DUPLEXUNIT":0.0,"MULTIUNIT":0.0,"GQUNIT":0.0,"MH_PK_UNIT":0.0,"BLDG_USE1":"1100","BLDG_USE2":"1110","BLDG_USE3":"","BLDG_USE4":"","BLDG_USE5":"","BLDG_USE6":"","Photo":"https://ecommerce.matsugov.us/assessment/Pages/Photos.aspx?isDLG=1&P_ID=26512","GlobalID":"{F54D3643-D349-4471-8F9B-5BDB27853473}","Shape_Length":0.0073533844654189483,"Shape_Area":3.3790954091727894e-06},"geometry":{"type":"MultiPolygon","coordinates":[[[[-149.012015057999974,61.662611639000033,0.0],[-149.013873694999972,61.662616807000063,0.0],[-149.013873813999965,61.664432728000065,0.0],[-149.012015069999961,61.664431714000045,0.0],[-149.012015057999974,61.662611639000033,0.0]]]]}},
{"type":"Feature","properties":{"OBJECTID":103904,"ParcelType":2,"P_ID":15035,"ACCOUNT":"18N02E12D009","TAXID_LOKI":"118N02E12D009","ACRES":10.27820336,"TAXACRE":9.4,"ORIGACRE":10.0,"FTYPE":"PARCEL","GENOWN":"PRIVATE","BUYLEASE":"N","OWNER_1":"BLAISDELL ALAN S& BARBARA","NAME_2":"","MAILING_ADDRESS_LINE_A":"","MAILING_ADDRESS_LINE_B":"PO BOX 4006","MAILING_ADDRESS_CITY":"PALMER","MAILING_ADDRESS_STATE":"AK","MAILING_ADDRESS_ZIP":"99645-4006","Buyer_Name":"","Buyer_Name_2":"","Buyer_Mailing_Address_A":"","Buyer_Mailing_Address_B":"","Buyer_Mailing_Address_City":"","Buyer_Mailing_Address_State":"","Buyer_Mailing_Address_Zip":"","MERIDIAN":"S","TWP_NUM":"18","TWP_NS":"N","RNG_NUM":"02","RNG_EW":"E","SECT_NUM":"12","GRIDNAME":"PA","GRIDNUM":"03","LANDVALUE":89000.0,"LANDASSD":89000.0,"BLDGVALUE":0.0,"BLDGASSD":0.0,"GENAREA":"3654","NBHD":"A1N10","TAXZONE":"0026","CITY":"","COMMCOUN":"15","FSA":"132","RSA":"019","SSA_1":"","SSA_2":"","ESN":24,"ECN":14,"ASSMBDISTRICT":"1","VOTINGPRCNT":"25-315","DFIRM":"02170C7300E","SPUD":null,"SUBDNUM":0,"LEGAL":"TOWNSHIP 18N RANGE 2E              SECTION 12 LOT D9","DOC1_DATE":"2003-09-02T00:00:00Z","DOC1_TYPE":"WARRANTY DEED (ALL TYPES)","DOC1_RCRD":"Palmer-Bk  Pg 0","DOC2_DATE":"1997-03-21T00:00:00Z","DOC2_TYPE":"WARRANTY DEED (ALL TYPES)","DOC2_RCRD":"Palmer-Bk 886 Pg 330","LANDUSE":"","RESUNIT":0.0,"MHUNIT":0.0,"DUPLEXUNIT":0.0,"MULTIUNIT":0.0,"GQUNIT":0.0,"MH_PK_UNIT":0.0,"BLDG_USE1":"","BLDG_USE2":"","BLDG_USE3":"","BLDG_USE4":"","BLDG_USE5":"","BLDG_USE6":"","Photo":"https://ecommerce.matsugov.us/assessment/Pages/Photos.aspx?isDLG=1&P_ID=15035","GlobalID":"{DD69B4BD-01B4-4CA9-BE99-C2A7D823E6A3}","Shape_Length":0.011146258739145808,"Shape_Area":7.0463816632213433e-06},"geometry":{"type":"MultiPolygon","coordinates":[[[[-149.01007636099996,61.660795678000056,0.0],[-149.012014947999972,61.660798022000051,0.0],[-149.012015050999963,61.661714994000079,0.0],[-149.012015057999974,61.662611639000033,0.0],[-149.012015069999961,61.664431714000045,0.0],[-149.010786602999957,61.664431031000049,0.0],[-149.010076044999977,61.664430631000073,0.0],[-149.01007636099996,61.660795678000056,0.0]]]]}},
{"type":"Feature","properties":{"OBJECTID":103905,"ParcelType":2,"P_ID":72520,"ACCOUNT":"18N02E12D010","TAXID_LOKI":"118N02E12D010","ACRES":9.9717646,"TAXACRE":9.26,"ORIGACRE":10.0,"FTYPE":"PARCEL","GENOWN":"PRIVATE","BUYLEASE":"N","OWNER_1":"ROBERTS DANIEL J","NAME_2":"ASHMORE-ROBERTS KATHLEEN","MAILING_ADDRESS_LINE_A":"","MAILING_ADDRESS_LINE_B":"9520 N WOLVERINE RD ","MAILING_ADDRESS_CITY":"PALMER","MAILING_ADDRESS_STATE":"AK","MAILING_ADDRESS_ZIP":"99645","Buyer_Name":"","Buyer_Name_2":"","Buyer_Mailing_Address_A":"","Buyer_Mailing_Address_B":"","Buyer_Mailing_Address_City":"","Buyer_Mailing_Address_State":"","Buyer_Mailing_Address_Zip":"","MERIDIAN":"S","TWP_NUM":"18","TWP_NS":"N","RNG_NUM":"02","RNG_EW":"E","SECT_NUM":"12","GRIDNAME":"PA","GRIDNUM":"03","LANDVALUE":87500.0,"LANDASSD":0.0,"BLDGVALUE":93100.0,"BLDGASSD":0.0,"GENAREA":"3654","NBHD":"A1N10","TAXZONE":"0026","CITY":"","COMMCOUN":"15","FSA":"132","RSA":"019","SSA_1":"","SSA_2":"","ESN":24,"ECN":14,"ASSMBDISTRICT":"1","VOTINGPRCNT":"25-315","DFIRM":"02170C7300E","SPUD":null,"SUBDNUM":0,"LEGAL":"TOWNSHIP 18N RANGE 2E              SECTION 12 LOT D10","DOC1_DATE":"2024-03-22T00:00:00Z","DOC1_TYPE":"QUITCLAIM DEED (ALL TYPE)","DOC1_RCRD":"Palmer-Bk  Pg ","DOC2_DATE":"1998-09-15T00:00:00Z","DOC2_TYPE":"WARRANTY DEED (ALL TYPES)","DOC2_RCRD":"Palmer-Bk 972 Pg 498","LANDUSE":"","RESUNIT":1.0,"MHUNIT":0.0,"DUPLEXUNIT":0.0,"MULTIUNIT":0.0,"GQUNIT":0.0,"MH_PK_UNIT":0.0,"BLDG_USE1":"1100","BLDG_USE2":"","BLDG_USE3":"","BLDG_USE4":"","BLDG_USE5":"","BLDG_USE6":"","Photo":"https://ecommerce.matsugov.us/assessment/Pages/Photos.aspx?isDLG=1&P_ID=72520","GlobalID":"{96CA14B6-5D1A-4889-B1F3-8C4DE29A4834}","Shape_Length":0.011031918799213248,"Shape_Area":6.8362933265206142e-06},"geometry":{"type":"MultiPolygon","coordinates":[[[[-149.008195445999974,61.66079337900004,0.0],[-149.01007636099996,61.660795678000056,0.0],[-149.010076044999977,61.664430631000073,0.0],[-149.00819617199997,61.664429555000083,0.0],[-149.008195445999974,61.66079337900004,0.0]]]]}},
{"type":"Feature","properties":{"OBJECTID":103906,"ParcelType":1,"P_ID":63887,"ACCOUNT":"6003B01L015","TAXID_LOKI":"56003B01L015","ACRES":1.01521369,"TAXACRE":1.02,"ORIGACRE":1.02,"FTYPE":"PARCEL","GENOWN":"PRIVATE","BUYLEASE":"N","OWNER_1":"DEVILBISS DAVID S&BETHANY","NAME_2":"","MAILING_ADDRESS_LINE_A":"","MAILING_ADDRESS_LINE_B":"PO BOX 3235","MAILING_ADDRESS_CITY":"PALMER","MAILING_ADDRESS_STATE":"AK","MAILING_ADDRESS_ZIP":"99645-3235","Buyer_Name":"","Buyer_Name_2":"","Buyer_Mailing_Address_A":"","Buyer_Mailing_Address_B":"","Buyer_Mailing_Address_City":"","Buyer_Mailing_Address_State":"","Buyer_Mailing_Address_Zip":"","MERIDIAN":"S","TWP_NUM":"18","TWP_NS":"N","RNG_NUM":"02","RNG_EW":"E","SECT_NUM":"12","GRIDNAME":"PA","GRIDNUM":"03","LANDVALUE":11500.0,"LANDASSD":11500.0,"BLDGVALUE":312800.0,"BLDGASSD":312800.0,"GENAREA":"3654","NBHD":"A1N12","TAXZONE":"0026","CITY":"","COMMCOUN":"15","FSA":"132","RSA":"019","SSA_1":"","SSA_2":"","ESN":24,"ECN":14,"ASSMBDISTRICT":"1","VOTINGPRCNT":"25-315","DFIRM":"02170C7300E","SPUD":null,"SUBDNUM":6003,"LEGAL":"ALASKA RANCHOS #1                  BLOCK 1 LOT 15","DOC1_DATE":"2005-09-22T00:00:00Z","DOC1_TYPE":"QUITCLAIM DEED (ALL TYPE)","DOC1_RCRD":"Palmer-Bk  Pg 0","DOC2_DATE":"1999-02-02T00:00:00Z","DOC2_TYPE":"WARRANTY DEED (ALL TYPES)","DOC2_RCRD":"Palmer-Bk 997 Pg 234","LANDUSE":"","RESUNIT":2.0,"MHUNIT":0.0,"DUPLEXUNIT":0.0,"MULTIUNIT":0.0,"GQUNIT":0.0,"MH_PK_UNIT":0.0,"BLDG_USE1":"1100","BLDG_USE2":"","BLDG_USE3":"","BLDG_USE4":"","BLDG_USE5":"","BLDG_USE6":"","Photo":"https://ecommerce.matsugov.us/assessment/Pages/Photos.aspx?isDLG=1&P_ID=63887","GlobalID":"{D5607AA5-CEAE-400E-AD9B-704EF48C78C9}","Shape_Length":0.003512437057113571,"Shape_Area":6.9758205416020846e-07},"geometry":{"type":"MultiPolygon","coordinates":[[[[-149.000750159999967,61.663823191000063,0.0],[-149.002044826999963,61.663823291000028,0.0],[-149.002044699999971,61.66435757000005,0.0],[-149.001856257999975,61.66437240700003,0.0],[-149.001670036999968,61.664392613000075,0.0],[-149.00148671499997,61.664418113000067,0.0],[-149.001306956999969,61.664448816000061,0.0],[-149.001272101999973,61.664455340000075,0.0],[-149.001250508999959,61.664458477000039,0.0],[-149.001228146999978,61.664459968000074,0.0],[-149.001205571999975,61.664459778000037,0.0],[-149.001183337999976,61.664457910000067,0.0],[-149.001161990999975,61.664454412000055,0.0],[-149.00114205899996,61.664449370000057,0.0],[-149.001124031999979,61.66444290700008,0.0],[-149.001108353999967,61.664435182000034,0.0],[-149.001095413999963,61.664426387000049,0.0],[-149.001085525999969,61.664416738000057,0.0],[-149.001046325999965,61.664384320000067,0.0],[-149.000968972999971,61.664311902000065,0.0],[-149.000902828999983,61.664237016000072,0.0],[-149.000848237999975,61.664160055000082,0.0],[-149.00080548699998,61.664081420000059,0.0],[-149.000774799999959,61.664001522000035,0.0],[-149.000756334999977,61.66392077900008,0.0],[-149.000750187999984,61.66383961300005,0.0],[-149.000750159999967,61.663823191000063,0.0]]]]}},
{"type":"Feature","properties":{"OBJECTID":103907,"ParcelType":2,"P_ID":77685,"ACCOUNT":"18N03E07C019","TAXID_LOKI":"118N03E07C019","ACRES":35.84824667,"TAXACRE":33.52,"ORIGACRE":35.34,"FTYPE":"PARCEL","GENOWN":"PRIVATE","BUYLEASE":"N","OWNER_1":"SUNDERLAND SLOAN R & K E","NAME_2":"MATANUSKA-SUSITNA BOROUGH","MAILING_ADDRESS_LINE_A":"","MAILING_ADDRESS_LINE_B":"10120 N WOLVERINE RD ","MAILING_ADDRESS_CITY":"PALMER","MAILING_ADDRESS_STATE":"AK","MAILING_ADDRESS_ZIP":"99645-8762","Buyer_Name":"","Buyer_Name_2":"","Buyer_Mailing_Address_A":"","Buyer_Mailing_Address_B":"","Buyer_Mailing_Address_City":"","Buyer_Mailing_Address_State":"","Buyer_Mailing_Address_Zip":"","MERIDIAN":"S","TWP_NUM":"18","TWP_NS":"N","RNG_NUM":"03","RNG_EW":"E","SECT_NUM":"07","GRIDNAME":"PA","GRIDNUM":"02","LANDVALUE":8400.0,"LANDASSD":8400.0,"BLDGVALUE":432900.0,"BLDGASSD":432900.0,"GENAREA":"3654","NBHD":"AG_LAND","TAXZONE":"0026","CITY":"","COMMCOUN":"15","FSA":"132","RSA":"019","SSA_1":"","SSA_2":"","ESN":24,"ECN":14,"ASSMBDISTRICT":"1","VOTINGPRCNT":"25-315","DFIRM":null,"SPUD":null,"SUBDNUM":0,"LEGAL":"TOWNSHIP 18N RANGE 3E              SECTION 7 LOT C19","DOC1_DATE":"2004-06-09T00:00:00Z","DOC1_TYPE":"QUITCLAIM DEED (ALL TYPE)","DOC1_RCRD":"Palmer-Bk  Pg 0","DOC2_DATE":"2004-06-09T00:00:00Z","DOC2_TYPE":"","DOC2_RCRD":"Palmer-Bk  Pg 0","LANDUSE":"","RESUNIT":1.0,"MHUNIT":0.0,"DUPLEXUNIT":0.0,"MULTIUNIT":0.0,"GQUNIT":0.0,"MH_PK_UNIT":0.0,"BLDG_USE1":"1100","BLDG_USE2":"","BLDG_USE3":"","BLDG_USE4":"","BLDG_USE5":"","BLDG_USE6":"","Photo":"https://ecommerce.matsugov.us/assessment/Pages/Photos.aspx?isDLG=1&P_ID=77685","GlobalID":"{DF9CFD79-5750-4B64-82D2-FDAB1BB5861F}","Shape_Length":0.02082036901876913,"Shape_Area":2.4576117258874295e-05},"geometry":{"type":"MultiPolygon","coordinates":[[[[-148.996134014999967,61.660824889000082,0.0],[-148.996785604999957,61.660822170000074,0.0],[-148.996783851999965,61.664432895000061,0.0],[-148.990000618999971,61.664477137000063,0.0],[-148.989986174999956,61.660850388000028,0.0],[-148.993366908999974,61.660836400000051,0.0],[-148.996134014999967,61.660824889000082,0.0]]]]}},
{"type":"Feature","properties":{"OBJECTID":103908,"ParcelType":1,"P_ID":80260,"ACCOUNT":"6003B02L015","TAXID_LOKI":"56003B02L015","ACRES":1.0092274,"TAXACRE":1.01,"ORIGACRE":1.01,"FTYPE":"PARCEL","GENOWN":"PRIVATE","BUYLEASE":"N","OWNER_1":"FLYNN UTE HEIDI","NAME_2":"","MAILING_ADDRESS_LINE_A":"","MAILING_ADDRESS_LINE_B":"17830 E WOODS DR ","MAILING_ADDRESS_CITY":"PALMER","MAILING_ADDRESS_STATE":"AK","MAILING_ADDRESS_ZIP":"99645","Buyer_Name":"","Buyer_Name_2":"","Buyer_Mailing_Address_A":"","Buyer_Mailing_Address_B":"","Buyer_Mailing_Address_City":"","Buyer_Mailing_Address_State":"","Buyer_Mailing_Address_Zip":"","MERIDIAN":"S","TWP_NUM":"18","TWP_NS":"N","RNG_NUM":"02","RNG_EW":"E","SECT_NUM":"12","GRIDNAME":"PA","GRIDNUM":"03","LANDVALUE":11500.0,"LANDASSD":11500.0,"BLDGVALUE":4100.0,"BLDGASSD":4100.0,"GENAREA":"3654","NBHD":"A1N12","TAXZONE":"0026","CITY":"","COMMCOUN":"15","FSA":"132","RSA":"019","SSA_1":"","SSA_2":"","ESN":24,"ECN":14,"ASSMBDISTRICT":"1","VOTINGPRCNT":"25-315","DFIRM":"02170C7300E","SPUD":null,"SUBDNUM":6003,"LEGAL":"ALASKA RANCHOS #1                  BLOCK 2 LOT 15","DOC1_DATE":"2009-08-05T00:00:00Z","DOC1_TYPE":"WARRANTY DEED (ALL TYPES)","DOC1_RCRD":"Palmer-Bk  Pg ","DOC2_DATE":"2008-03-18T00:00:00Z","DOC2_TYPE":"WARRANTY DEED (ALL TYPES)","DOC2_RCRD":"Palmer-Bk  Pg ","LANDUSE":"","RESUNIT":1.0,"MHUNIT":0.0,"DUPLEXUNIT":0.0,"MULTIUNIT":0.0,"GQUNIT":0.0,"MH_PK_UNIT":0.0,"BLDG_USE1":"1100","BLDG_USE2":"","BLDG_USE3":"","BLDG_USE4":"","BLDG_USE5":"","BLDG_USE6":"","Photo":"https://ecommerce.matsugov.us/assessment/Pages/Photos.aspx?isDLG=1&P_ID=80260","GlobalID":"{360D6315-292A-4EBC-BEE3-7DD947174CBE}","Shape_Length":0.0034945815073240548,"Shape_Area":6.9317598971220153e-07},"geometry":{"type":"MultiPolygon","coordinates":[[[[-148.999542322999957,61.663993939000079,0.0],[-149.000424477999957,61.663994014000082,0.0],[-149.000450401999984,61.664077046000045,0.0],[-149.000487651999975,61.664159098000027,0.0],[-149.000536070999971,61.664239823000059,0.0],[-149.000595449999963,61.664318876000038,0.0],[-149.000665539999972,61.66439592200004,0.0],[-149.000746041999975,61.664470633000064,0.0],[-149.000752791999957,61.664476423000053,0.0],[-149.000762545999976,61.664486700000054,0.0],[-149.000768632999979,61.664497596000047,0.0],[-149.000770890999974,61.664508819000048,0.0],[-149.000769256999973,61.66452006600008,0.0],[-149.000763774999967,61.664531035000039,0.0],[-149.000754592999982,61.664541430000043,0.0],[-149.000741959999971,61.664550972000029,0.0],[-149.000726214999958,61.664559403000055,0.0],[-149.000707778999981,61.664566496000077,0.0],[-149.000687152999973,61.664572061000058,0.0],[-149.000664889999967,61.664575948000049,0.0],[-149.000444622999964,61.664611602000036,0.0],[-149.000221015999983,61.66464220000006,0.0],[-148.999994584999968,61.664667672000064,0.0],[-148.999765842999977,61.664687959000048,0.0],[-148.999535322999975,61.664703015000043,0.0],[-148.999542322999957,61.663993939000079,0.0]]]]}},
{"type":"Feature","properties":{"OBJECTID":103909,"ParcelType":1,"P_ID":69384,"ACCOUNT":"6003B02L016","TAXID_LOKI":"56003B02L016","ACRES":1.08578063,"TAXACRE":1.09,"ORIGACRE":1.09,"FTYPE":"PARCEL","GENOWN":"PRIVATE","BUYLEASE":"N","OWNER_1":"GERONDALE CHAD & REBECCA","NAME_2":"","MAILING_ADDRESS_LINE_A":"","MAILING_ADDRESS_LINE_B":"12210  GINAMI ST ","MAILING_ADDRESS_CITY":"ANCHORAGE","MAILING_ADDRESS_STATE":"AK","MAILING_ADDRESS_ZIP":"99516","Buyer_Name":"","Buyer_Name_2":"","Buyer_Mailing_Address_A":"","Buyer_Mailing_Address_B":"","Buyer_Mailing_Address_City":"","Buyer_Mailing_Address_State":"","Buyer_Mailing_Address_Zip":"","MERIDIAN":"S","TWP_NUM":"18","TWP_NS":"N","RNG_NUM":"02","RNG_EW":"E","SECT_NUM":"12","GRIDNAME":"PA","GRIDNUM":"03","LANDVALUE":10400.0,"LANDASSD":10400.0,"BLDGVALUE":0.0,"BLDGASSD":0.0,"GENAREA":"3654","NBHD":"A1N12","TAXZONE":"0026","CITY":"","COMMCOUN":"15","FSA":"132","RSA":"019","SSA_1":"","SSA_2":"","ESN":24,"ECN":14,"ASSMBDISTRICT":"1","VOTINGPRCNT":"25-315","DFIRM":null,"SPUD":null,"SUBDNUM":6003,"LEGAL":"ALASKA RANCHOS #1                  BLOCK 2 LOT 16","DOC1_DATE":"2025-07-22T00:00:00Z","DOC1_TYPE":"QUITCLAIM DEED (ALL TYPE)","DOC1_RCRD":"Palmer-Bk  Pg ","DOC2_DATE":"2022-06-03T00:00:00Z","DOC2_TYPE":"WARRANTY DEED (ALL TYPES)","DOC2_RCRD":"Palmer-Bk  Pg ","LANDUSE":"","RESUNIT":0.0,"MHUNIT":0.0,"DUPLEXUNIT":0.0,"MULTIUNIT":0.0,"GQUNIT":0.0,"MH_PK_UNIT":0.0,"BLDG_USE1":"","BLDG_USE2":"","BLDG_USE3":"","BLDG_USE4":"","BLDG_USE5":"","BLDG_USE6":"","Photo":"https://ecommerce.matsugov.us/assessment/Pages/Photos.aspx?isDLG=1&P_ID=69384","GlobalID":"{8E8E8347-E8B2-4BC7-AC56-B9521FF404A9}","Shape_Length":0.0035026365836420153,"Shape_Area":7.4519581359741597e-07},"geometry":{"type":"MultiPolygon","coordinates":[[[[-148.998506581999976,61.663993841000035,0.0],[-148.999542322999957,61.663993939000079,0.0],[-148.999535322999975,61.664703015000043,0.0],[-148.999289966999982,61.664712506000058,0.0],[-148.999043891999975,61.664715657000045,0.0],[-148.998499539999983,61.664715605000083,0.0],[-148.998506581999976,61.663993841000035,0.0]]]]}},
{"type":"Feature","properties":{"OBJECTID":103910,"ParcelType":1,"P_ID":43662,"ACCOUNT":"6003B02L017","TAXID_LOKI":"56003B02L017","ACRES":1.5481655,"TAXACRE":1.56,"ORIGACRE":1.56,"FTYPE":"PARCEL","GENOWN":"PRIVATE","BUYLEASE":"N","OWNER_1":"GERONDALE CHAD & REBECCA","NAME_2":"","MAILING_ADDRESS_LINE_A":"","MAILING_ADDRESS_LINE_B":"12210  GINAMI ST ","MAILING_ADDRESS_CITY":"ANCHORAGE","MAILING_ADDRESS_STATE":"AK","MAILING_ADDRESS_ZIP":"99516","Buyer_Name":"","Buyer_Name_2":"","Buyer_Mailing_Address_A":"","Buyer_Mailing_Address_B":"","Buyer_Mailing_Address_City":"","Buyer_Mailing_Address_State":"","Buyer_Mailing_Address_Zip":"","MERIDIAN":"S","TWP_NUM":"18","TWP_NS":"N","RNG_NUM":"02","RNG_EW":"E","SECT_NUM":"12","GRIDNAME":"PA","GRIDNUM":"03","LANDVALUE":12700.0,"LANDASSD":12700.0,"BLDGVALUE":375600.0,"BLDGASSD":375600.0,"GENAREA":"3654","NBHD":"A1N12","TAXZONE":"0026","CITY":"","COMMCOUN":"15","FSA":"132","RSA":"019","SSA_1":"","SSA_2":"","ESN":24,"ECN":14,"ASSMBDISTRICT":"1","VOTINGPRCNT":"25-315","DFIRM":null,"SPUD":null,"SUBDNUM":6003,"LEGAL":"ALASKA RANCHOS #1                  BLOCK 2 LOT 17","DOC1_DATE":"2025-07-22T00:00:00Z","DOC1_TYPE":"WARRANTY DEED (ALL TYPES)","DOC1_RCRD":"Palmer-Bk  Pg ","DOC2_DATE":"2022-06-03T00:00:00Z","DOC2_TYPE":"WARRANTY DEED (ALL TYPES)","DOC2_RCRD":"Palmer-Bk  Pg ","LANDUSE":"","RESUNIT":1.0,"MHUNIT":0.0,"DUPLEXUNIT":0.0,"MULTIUNIT":0.0,"GQUNIT":0.0,"MH_PK_UNIT":0.0,"BLDG_USE1":"1100","BLDG_USE2":"","BLDG_USE3":"","BLDG_USE4":"","BLDG_USE5":"","BLDG_USE6":"","Photo":"https://ecommerce.matsugov.us/assessment/Pages/Photos.aspx?isDLG=1&P_ID=43662","GlobalID":"{3B8207D1-4466-4B7E-8EE2-989CF828C94A}","Shape_Length":0.0044729744297902357,"Shape_Area":1.0614246535591388e-06},"geometry":{"type":"MultiPolygon","coordinates":[[[[-148.996899450999962,61.664486027000066,0.0],[-148.996899689999964,61.663993677000065,0.0],[-148.998506581999976,61.663993841000035,0.0],[-148.998499539999983,61.664715605000083,0.0],[-148.998453545999979,61.66471735500005,0.0],[-148.998408732999962,61.664722577000077,0.0],[-148.998366251999983,61.664731137000047,0.0],[-148.998327195999963,61.664742816000057,0.0],[-148.998292568999972,61.664757312000063,0.0],[-148.998263260999977,61.664774252000029,0.0],[-148.998240027999969,61.664793202000055,0.0],[-148.996899450999962,61.664486027000066,0.0]]]]}},
{"type":"Feature","properties":{"OBJECTID":103911,"ParcelType":1,"P_ID":21272,"ACCOUNT":"6003B03L006","TAXID_LOKI":"56003B03L006","ACRES":0.98033646,"TAXACRE":0.98,"ORIGACRE":0.98,"FTYPE":"PARCEL","GENOWN":"PRIVATE","BUYLEASE":"N","OWNER_1":"HARMS JAMIE P & ROBIN M","NAME_2":"","MAILING_ADDRESS_LINE_A":"","MAILING_ADDRESS_LINE_B":"17635 E WOODS DR","MAILING_ADDRESS_CITY":"PALMER","MAILING_ADDRESS_STATE":"AK","MAILING_ADDRESS_ZIP":"99645","Buyer_Name":"","Buyer_Name_2":"","Buyer_Mailing_Address_A":"","Buyer_Mailing_Address_B":"","Buyer_Mailing_Address_City":"","Buyer_Mailing_Address_State":"","Buyer_Mailing_Address_Zip":"","MERIDIAN":"S","TWP_NUM":"18","TWP_NS":"N","RNG_NUM":"02","RNG_EW":"E","SECT_NUM":"12","GRIDNAME":"PA","GRIDNUM":"03","LANDVALUE":8900.0,"LANDASSD":8900.0,"BLDGVALUE":0.0,"BLDGASSD":0.0,"GENAREA":"3654","NBHD":"A1N12","TAXZONE":"0026","CITY":"","COMMCOUN":"15","FSA":"132","RSA":"019","SSA_1":"","SSA_2":"","ESN":24,"ECN":14,"ASSMBDISTRICT":"1","VOTINGPRCNT":"25-315","DFIRM":"02170C7300E","SPUD":null,"SUBDNUM":6003,"LEGAL":"ALASKA RANCHOS #1                  BLOCK 3 LOT 6","DOC1_DATE":"2000-07-24T00:00:00Z","DOC1_TYPE":"WARRANTY DEED (ALL TYPES)","DOC1_RCRD":"Palmer-Bk 1080 Pg 728","DOC2_DATE":null,"DOC2_TYPE":"","DOC2_RCRD":"","LANDUSE":"","RESUNIT":0.0,"MHUNIT":0.0,"DUPLEXUNIT":0.0,"MULTIUNIT":0.0,"GQUNIT":0.0,"MH_PK_UNIT":0.0,"BLDG_USE1":"","BLDG_USE2":"","BLDG_USE3":"","BLDG_USE4":"","BLDG_USE5":"","BLDG_USE6":"","Photo":"https://ecommerce.matsugov.us/assessment/Pages/Photos.aspx?isDLG=1&P_ID=21272","GlobalID":"{5160D0ED-E8ED-41F7-97DC-DB0B57724988}","Shape_Length":0.0037357707947974126,"Shape_Area":6.7213021358114073e-07},"geometry":{"type":"MultiPolygon","coordinates":[[[[-149.009031575999984,61.664512119000051,0.0],[-149.010297672999968,61.664512840000043,0.0],[-149.010322631999969,61.664513892000059,0.0],[-149.010346828999957,61.664516986000081,0.0],[-149.010369527999984,61.664522029000068,0.0],[-149.010390042999973,61.664528868000048,0.0],[-149.010407748999967,61.664537295000059,0.0],[-149.010422110999968,61.664547055000071,0.0],[-149.010432691999966,61.664557853000076,0.0],[-149.01043917299998,61.664569358000051,0.0],[-149.010441352999976,61.664581223000027,0.0],[-149.010441335999957,61.664990805000059,0.0],[-149.009031532999984,61.664990795000051,0.0],[-149.009031575999984,61.664512119000051,0.0]]]]}},
{"type":"Feature","properties":{"OBJECTID":103912,"ParcelType":1,"P_ID":28802,"ACCOUNT":"6003B03L007","TAXID_LOKI":"56003B03L007","ACRES":0.91774314,"TAXACRE":0.92,"ORIGACRE":0.92,"FTYPE":"PARCEL","GENOWN":"PRIVATE","BUYLEASE":"N","OWNER_1":"HARMS JAMIE P & ROBIN M","NAME_2":"","MAILING_ADDRESS_LINE_A":"","MAILING_ADDRESS_LINE_B":"17635 E WOODS DR","MAILING_ADDRESS_CITY":"PALMER","MAILING_ADDRESS_STATE":"AK","MAILING_ADDRESS_ZIP":"99645","Buyer_Name":"","Buyer_Name_2":"","Buyer_Mailing_Address_A":"","Buyer_Mailing_Address_B":"","Buyer_Mailing_Address_City":"","Buyer_Mailing_Address_State":"","Buyer_Mailing_Address_Zip":"","MERIDIAN":"S","TWP_NUM":"18","TWP_NS":"N","RNG_NUM":"02","RNG_EW":"E","SECT_NUM":"12","GRIDNAME":"PA","GRIDNUM":"03","LANDVALUE":8900.0,"LANDASSD":8900.0,"BLDGVALUE":0.0,"BLDGASSD":0.0,"GENAREA":"3654","NBHD":"A1N12","TAXZONE":"0026","CITY":"","COMMCOUN":"15","FSA":"132","RSA":"019","SSA_1":"","SSA_2":"","ESN":24,"ECN":14,"ASSMBDISTRICT":"1","VOTINGPRCNT":"25-315","DFIRM":"02170C7300E","SPUD":null,"SUBDNUM":6003,"LEGAL":"ALASKA RANCHOS #1                  BLOCK 3 LOT 7","DOC1_DATE":"2000-07-24T00:00:00Z","DOC1_TYPE":"WARRANTY DEED (ALL TYPES)","DOC1_RCRD":"Palmer-Bk 1080 Pg 728","DOC2_DATE":null,"DOC2_TYPE":"","DOC2_RCRD":"","LANDUSE":"","RESUNIT":0.0,"MHUNIT":0.0,"DUPLEXUNIT":0.0,"MULTIUNIT":0.0,"GQUNIT":0.0,"MH_PK_UNIT":0.0,"BLDG_USE1":"","BLDG_USE2":"","BLDG_USE3":"","BLDG_USE4":"","BLDG_USE5":"","BLDG_USE6":"","Photo":"https://ecommerce.matsugov.us/assessment/Pages/Photos.aspx?isDLG=1&P_ID=28802","GlobalID":"{A25258E5-550D-4839-9805-D6758C082F80}","Shape_Length":0.003394482123678752,"Shape_Area":6.2921613763142784e-07},"geometry":{"type":"MultiPolygon","coordinates":[[[[-149.007766971999956,61.664511405000042,0.0],[-149.008916491999969,61.664512071000047,0.0],[-149.008916439999979,61.665059128000053,0.0],[-149.007765593999977,61.665058462000047,0.0],[-149.007766971999956,61.664511405000042,0.0]]]]}},
{"type":"Feature","properties":{"OBJECTID":103913,"ParcelType":1,"P_ID":65698,"ACCOUNT":"6003B03L008","TAXID_LOKI":"56003B03L008","ACRES":0.91827669,"TAXACRE":0.92,"ORIGACRE":0.92,"FTYPE":"PARCEL","GENOWN":"PRIVATE","BUYLEASE":"N","OWNER_1":"HARMS JAMES P & ROBIN M","NAME_2":"HARMS JAMIE","MAILING_ADDRESS_LINE_A":"","MAILING_ADDRESS_LINE_B":"17635 E WOODS DR ","MAILING_ADDRESS_CITY":"PALMER","MAILING_ADDRESS_STATE":"AK","MAILING_ADDRESS_ZIP":"99645-8758","Buyer_Name":"","Buyer_Name_2":"","Buyer_Mailing_Address_A":"","Buyer_Mailing_Address_B":"","Buyer_Mailing_Address_City":"","Buyer_Mailing_Address_State":"","Buyer_Mailing_Address_Zip":"","MERIDIAN":"S","TWP_NUM":"18","TWP_NS":"N","RNG_NUM":"02","RNG_EW":"E","SECT_NUM":"12","GRIDNAME":"PA","GRIDNUM":"03","LANDVALUE":8900.0,"LANDASSD":8900.0,"BLDGVALUE":0.0,"BLDGASSD":0.0,"GENAREA":"3654","NBHD":"A1N12","TAXZONE":"0026","CITY":"","COMMCOUN":"15","FSA":"132","RSA":"019","SSA_1":"","SSA_2":"","ESN":24,"ECN":14,"ASSMBDISTRICT":"1","VOTINGPRCNT":"25-315","DFIRM":"02170C7300E","SPUD":null,"SUBDNUM":6003,"LEGAL":"ALASKA RANCHOS #1                  BLOCK 3 LOT 8","DOC1_DATE":"2012-05-11T00:00:00Z","DOC1_TYPE":"WARRANTY DEED (ALL TYPES)","DOC1_RCRD":"Palmer-Bk  Pg ","DOC2_DATE":"1993-06-02T00:00:00Z","DOC2_TYPE":"WARRANTY DEED (ALL TYPES)","DOC2_RCRD":"Palmer-Bk 718 Pg 102","LANDUSE":"","RESUNIT":0.0,"MHUNIT":0.0,"DUPLEXUNIT":0.0,"MULTIUNIT":0.0,"GQUNIT":0.0,"MH_PK_UNIT":0.0,"BLDG_USE1":"","BLDG_USE2":"","BLDG_USE3":"","BLDG_USE4":"","BLDG_USE5":"","BLDG_USE6":"","Photo":"https://ecommerce.matsugov.us/assessment/Pages/Photos.aspx?isDLG=1&P_ID=65698","GlobalID":"{5B3E2036-7EC8-460F-A5F7-CEC120DABCA6}","Shape_Length":0.0033958189202922284,"Shape_Area":6.2958175922064761e-07},"geometry":{"type":"MultiPolygon","coordinates":[[[[-149.006616131999976,61.664510730000075,0.0],[-149.007766971999956,61.664511405000042,0.0],[-149.007765593999977,61.665058462000047,0.0],[-149.006614732999964,61.66505778700008,0.0],[-149.006616131999976,61.664510730000075,0.0]]]]}},
{"type":"Feature","properties":{"OBJECTID":103914,"ParcelType":1,"P_ID":71980,"ACCOUNT":"6003B03L009","TAXID_LOKI":"56003B03L009","ACRES":0.89532056,"TAXACRE":0.9,"ORIGACRE":0.9,"FTYPE":"PARCEL","GENOWN":"PRIVATE","BUYLEASE":"N","OWNER_1":"HARMS JAMES P & ROBIN M","NAME_2":"","MAILING_ADDRESS_LINE_A":"","MAILING_ADDRESS_LINE_B":"17635 E WOODS DR ","MAILING_ADDRESS_CITY":"PALMER","MAILING_ADDRESS_STATE":"AK","MAILING_ADDRESS_ZIP":"99645-8758","Buyer_Name":"","Buyer_Name_2":"","Buyer_Mailing_Address_A":"","Buyer_Mailing_Address_B":"","Buyer_Mailing_Address_City":"","Buyer_Mailing_Address_State":"","Buyer_Mailing_Address_Zip":"","MERIDIAN":"S","TWP_NUM":"18","TWP_NS":"N","RNG_NUM":"02","RNG_EW":"E","SECT_NUM":"12","GRIDNAME":"PA","GRIDNUM":"03","LANDVALUE":7800.0,"LANDASSD":7800.0,"BLDGVALUE":203800.0,"BLDGASSD":203800.0,"GENAREA":"3654","NBHD":"A1N12","TAXZONE":"0026","CITY":"","COMMCOUN":"15","FSA":"132","RSA":"019","SSA_1":"","SSA_2":"","ESN":24,"ECN":14,"ASSMBDISTRICT":"1","VOTINGPRCNT":"25-315","DFIRM":"02170C7300E","SPUD":null,"SUBDNUM":6003,"LEGAL":"ALASKA RANCHOS #1                  BLOCK 3 LOT 9","DOC1_DATE":"2012-05-11T00:00:00Z","DOC1_TYPE":"WARRANTY DEED (ALL TYPES)","DOC1_RCRD":"Palmer-Bk  Pg ","DOC2_DATE":"1990-10-19T00:00:00Z","DOC2_TYPE":"WARRANTY DEED (ALL TYPES)","DOC2_RCRD":"Palmer-Bk 633 Pg 295","LANDUSE":"","RESUNIT":1.0,"MHUNIT":0.0,"DUPLEXUNIT":0.0,"MULTIUNIT":0.0,"GQUNIT":0.0,"MH_PK_UNIT":0.0,"BLDG_USE1":"1100","BLDG_USE2":"1110","BLDG_USE3":"","BLDG_USE4":"","BLDG_USE5":"","BLDG_USE6":"","Photo":"https://ecommerce.matsugov.us/assessment/Pages/Photos.aspx?isDLG=1&P_ID=71980","GlobalID":"{1D593FD5-8CEC-4494-BAB3-C54274A9A376}","Shape_Length":0.0033382790242842244,"Shape_Area":6.1384293297103152e-07},"geometry":{"type":"MultiPolygon","coordinates":[[[[-149.005494060999979,61.664510062000033,0.0],[-149.006616131999976,61.664510730000075,0.0],[-149.006614732999964,61.66505778700008,0.0],[-149.005492642999968,61.665057119000039,0.0],[-149.005494060999979,61.664510062000033,0.0]]]]}},
{"type":"Feature","properties":{"OBJECTID":103915,"ParcelType":1,"P_ID":16400,"ACCOUNT":"6003B03L010","TAXID_LOKI":"56003B03L010","ACRES":0.89530682,"TAXACRE":0.87,"ORIGACRE":0.87,"FTYPE":"PARCEL","GENOWN":"PRIVATE","BUYLEASE":"N","OWNER_1":"HARMS JAMES P & ROBIN M","NAME_2":"","MAILING_ADDRESS_LINE_A":"","MAILING_ADDRESS_LINE_B":"17635 E WOODS DR ","MAILING_ADDRESS_CITY":"PALMER","MAILING_ADDRESS_STATE":"AK","MAILING_ADDRESS_ZIP":"99645-8758","Buyer_Name":"","Buyer_Name_2":"","Buyer_Mailing_Address_A":"","Buyer_Mailing_Address_B":"","Buyer_Mailing_Address_City":"","Buyer_Mailing_Address_State":"","Buyer_Mailing_Address_Zip":"","MERIDIAN":"S","TWP_NUM":"18","TWP_NS":"N","RNG_NUM":"02","RNG_EW":"E","SECT_NUM":"12","GRIDNAME":"PA","GRIDNUM":"03","LANDVALUE":9800.0,"LANDASSD":9800.0,"BLDGVALUE":0.0,"BLDGASSD":0.0,"GENAREA":"3654","NBHD":"A1N12","TAXZONE":"0026","CITY":"","COMMCOUN":"15","FSA":"132","RSA":"019","SSA_1":"","SSA_2":"","ESN":24,"ECN":14,"ASSMBDISTRICT":"1","VOTINGPRCNT":"25-315","DFIRM":"02170C7300E","SPUD":null,"SUBDNUM":6003,"LEGAL":"ALASKA RANCHOS #1                  BLOCK 3 LOT 10","DOC1_DATE":"2025-08-07T00:00:00Z","DOC1_TYPE":"WARRANTY DEED (ALL TYPES)","DOC1_RCRD":"Palmer-Bk  Pg ","DOC2_DATE":"2007-10-08T00:00:00Z","DOC2_TYPE":"WARRANTY DEED (ALL TYPES)","DOC2_RCRD":"Palmer-Bk  Pg ","LANDUSE":"","RESUNIT":0.0,"MHUNIT":0.0,"DUPLEXUNIT":0.0,"MULTIUNIT":0.0,"GQUNIT":0.0,"MH_PK_UNIT":0.0,"BLDG_USE1":"","BLDG_USE2":"","BLDG_USE3":"","BLDG_USE4":"","BLDG_USE5":"","BLDG_USE6":"","Photo":"https://ecommerce.matsugov.us/assessment/Pages/Photos.aspx?isDLG=1&P_ID=16400","GlobalID":"{4A2B8DDB-9A26-46A9-B89F-C0D2B26BF347}","Shape_Length":0.0033382462266403536,"Shape_Area":6.1383394391963494e-07},"geometry":{"type":"MultiPolygon","coordinates":[[[[-149.004372023999963,61.664509385000031,0.0],[-149.005494060999979,61.664510062000033,0.0],[-149.005492642999968,61.665057119000039,0.0],[-149.004370551999983,61.665056442000036,0.0],[-149.004372023999963,61.664509385000031,0.0]]]]}},
{"type":"Feature","properties":{"OBJECTID":103916,"ParcelType":1,"P_ID":51919,"ACCOUNT":"6003B03L011","TAXID_LOKI":"56003B03L011","ACRES":0.61983626,"TAXACRE":0.62,"ORIGACRE":0.62,"FTYPE":"PARCEL","GENOWN":"PRIVATE","BUYLEASE":"N","OWNER_1":"FISERV ISS & CO","NAME_2":"FOSTER GARY FBO","MAILING_ADDRESS_LINE_A":"","MAILING_ADDRESS_LINE_B":"1645 E CHILDS LN ","MAILING_ADDRESS_CITY":"MCCONNELSVLE","MAILING_ADDRESS_STATE":"OH","MAILING_ADDRESS_ZIP":"43756-9544","Buyer_Name":"","Buyer_Name_2":"","Buyer_Mailing_Address_A":"","Buyer_Mailing_Address_B":"","Buyer_Mailing_Address_City":"","Buyer_Mailing_Address_State":"","Buyer_Mailing_Address_Zip":"","MERIDIAN":"S","TWP_NUM":"18","TWP_NS":"N","RNG_NUM":"02","RNG_EW":"E","SECT_NUM":"12","GRIDNAME":"PA","GRIDNUM":"03","LANDVALUE":8600.0,"LANDASSD":8600.0,"BLDGVALUE":0.0,"BLDGASSD":0.0,"GENAREA":"3654","NBHD":"A1N12","TAXZONE":"0026","CITY":"","COMMCOUN":"15","FSA":"132","RSA":"019","SSA_1":"","SSA_2":"","ESN":24,"ECN":14,"ASSMBDISTRICT":"1","VOTINGPRCNT":"25-315","DFIRM":"02170C7300E","SPUD":null,"SUBDNUM":6003,"LEGAL":"ALASKA RANCHOS #1                  BLOCK 3 LOT 11","DOC1_DATE":"2005-09-06T00:00:00Z","DOC1_TYPE":"QUITCLAIM DEED (ALL TYPE)","DOC1_RCRD":"Palmer-Bk  Pg 0","DOC2_DATE":"1998-12-31T00:00:00Z","DOC2_TYPE":"WARRANTY DEED (ALL TYPES)","DOC2_RCRD":"Palmer-Bk 992 Pg 428","LANDUSE":"","RESUNIT":0.0,"MHUNIT":0.0,"DUPLEXUNIT":0.0,"MULTIUNIT":0.0,"GQUNIT":0.0,"MH_PK_UNIT":0.0,"BLDG_USE1":"","BLDG_USE2":"","BLDG_USE3":"","BLDG_USE4":"","BLDG_USE5":"","BLDG_USE6":"","Photo":"https://ecommerce.matsugov.us/assessment/Pages/Photos.aspx?isDLG=1&P_ID=51919","GlobalID":"{C4D21E9D-C8E9-43B8-8DEF-3FFAB1504E34}","Shape_Length":0.0026477642911757566,"Shape_Area":4.2496704705356642e-07},"geometry":{"type":"MultiPolygon","coordinates":[[[[-149.003480121999957,61.664508840000053,0.0],[-149.004256938999958,61.664509315000032,0.0],[-149.004255465999961,61.665056371000048,0.0],[-149.003478635999983,61.665055897000059,0.0],[-149.003480121999957,61.664508840000053,0.0]]]]}},
{"type":"Feature","properties":{"OBJECTID":103917,"ParcelType":1,"P_ID":67955,"ACCOUNT":"6003B03L012","TAXID_LOKI":"56003B03L012","ACRES":0.80395181,"TAXACRE":0.8,"ORIGACRE":0.8,"FTYPE":"PARCEL","GENOWN":"PRIVATE","BUYLEASE":"N","OWNER_1":"LAKEY PATRICK A","NAME_2":"","MAILING_ADDRESS_LINE_A":"# 6","MAILING_ADDRESS_LINE_B":"17725 E WOODS DR ","MAILING_ADDRESS_CITY":"PALMER","MAILING_ADDRESS_STATE":"AK","MAILING_ADDRESS_ZIP":"99645-8758","Buyer_Name":"","Buyer_Name_2":"","Buyer_Mailing_Address_A":"","Buyer_Mailing_Address_B":"","Buyer_Mailing_Address_City":"","Buyer_Mailing_Address_State":"","Buyer_Mailing_Address_Zip":"","MERIDIAN":"S","TWP_NUM":"18","TWP_NS":"N","RNG_NUM":"02","RNG_EW":"E","SECT_NUM":"12","GRIDNAME":"PA","GRIDNUM":"03","LANDVALUE":9200.0,"LANDASSD":9200.0,"BLDGVALUE":140900.0,"BLDGASSD":140900.0,"GENAREA":"3654","NBHD":"A1N12","TAXZONE":"0026","CITY":"","COMMCOUN":"15","FSA":"132","RSA":"019","SSA_1":"","SSA_2":"","ESN":24,"ECN":14,"ASSMBDISTRICT":"1","VOTINGPRCNT":"25-315","DFIRM":"02170C7300E","SPUD":null,"SUBDNUM":6003,"LEGAL":"ALASKA RANCHOS #1                  BLOCK 3 LOT 12","DOC1_DATE":"2025-07-11T00:00:00Z","DOC1_TYPE":"QUITCLAIM DEED (ALL TYPE)","DOC1_RCRD":"Palmer-Bk  Pg ","DOC2_DATE":"2025-05-22T00:00:00Z","DOC2_TYPE":"QUITCLAIM DEED (ALL TYPE)","DOC2_RCRD":"Palmer-Bk  Pg ","LANDUSE":"","RESUNIT":1.0,"MHUNIT":0.0,"DUPLEXUNIT":0.0,"MULTIUNIT":0.0,"GQUNIT":0.0,"MH_PK_UNIT":0.0,"BLDG_USE1":"1100","BLDG_USE2":"","BLDG_USE3":"","BLDG_USE4":"","BLDG_USE5":"","BLDG_USE6":"","Photo":"https://ecommerce.matsugov.us/assessment/Pages/Photos.aspx?isDLG=1&P_ID=67955","GlobalID":"{A263255A-B44B-441A-B90C-395DEE438DF5}","Shape_Length":0.0031092575173759878,"Shape_Area":5.5119929797469882e-07},"geometry":{"type":"MultiPolygon","coordinates":[[[[-149.002471985999961,61.664508217000048,0.0],[-149.003480121999957,61.664508840000053,0.0],[-149.003478635999983,61.665055897000059,0.0],[-149.002471631999981,61.665055275000043,0.0],[-149.002471985999961,61.664508217000048,0.0]]]]}},
{"type":"Feature","properties":{"OBJECTID":103918,"ParcelType":1,"P_ID":14035,"ACCOUNT":"6003B03L013","TAXID_LOKI":"56003B03L013","ACRES":0.78535072,"TAXACRE":0.79,"ORIGACRE":0.79,"FTYPE":"PARCEL","GENOWN":"PRIVATE","BUYLEASE":"N","OWNER_1":"LAKEY PATRICK ALVIN","NAME_2":"","MAILING_ADDRESS_LINE_A":"#6","MAILING_ADDRESS_LINE_B":"17725 E WOODS DR ","MAILING_ADDRESS_CITY":"PALMER","MAILING_ADDRESS_STATE":"AK","MAILING_ADDRESS_ZIP":"99645","Buyer_Name":"","Buyer_Name_2":"","Buyer_Mailing_Address_A":"","Buyer_Mailing_Address_B":"","Buyer_Mailing_Address_City":"","Buyer_Mailing_Address_State":"","Buyer_Mailing_Address_Zip":"","MERIDIAN":"S","TWP_NUM":"18","TWP_NS":"N","RNG_NUM":"02","RNG_EW":"E","SECT_NUM":"12","GRIDNAME":"PA","GRIDNUM":"03","LANDVALUE":9800.0,"LANDASSD":9800.0,"BLDGVALUE":0.0,"BLDGASSD":0.0,"GENAREA":"3654","NBHD":"A1N12","TAXZONE":"0026","CITY":"","COMMCOUN":"15","FSA":"132","RSA":"019","SSA_1":"","SSA_2":"","ESN":24,"ECN":14,"ASSMBDISTRICT":"1","VOTINGPRCNT":"25-315","DFIRM":"02170C7300E","SPUD":null,"SUBDNUM":6003,"LEGAL":"ALASKA RANCHOS #1                  BLOCK 3 LOT 13","DOC1_DATE":"2021-12-23T00:00:00Z","DOC1_TYPE":"QUITCLAIM DEED (ALL TYPE)","DOC1_RCRD":"Palmer-Bk  Pg ","DOC2_DATE":"2008-11-25T00:00:00Z","DOC2_TYPE":"QUITCLAIM DEED (ALL TYPE)","DOC2_RCRD":"Palmer-Bk  Pg ","LANDUSE":"","RESUNIT":0.0,"MHUNIT":0.0,"DUPLEXUNIT":0.0,"MULTIUNIT":0.0,"GQUNIT":0.0,"MH_PK_UNIT":0.0,"BLDG_USE1":"","BLDG_USE2":"","BLDG_USE3":"","BLDG_USE4":"","BLDG_USE5":"","BLDG_USE6":"","Photo":"https://ecommerce.matsugov.us/assessment/Pages/Photos.aspx?isDLG=1&P_ID=14035","GlobalID":"{DAD6C388-E775-4469-AA5E-373B2091F194}","Shape_Length":0.0030419666614585209,"Shape_Area":5.3948686229738021e-07},"geometry":{"type":"MultiPolygon","coordinates":[[[[-149.002471985999961,61.664508217000048,0.0],[-149.002471631999981,61.665055275000043,0.0],[-149.002471598999961,61.665109981000057,0.0],[-149.002028285999984,61.665226755000049,0.0],[-149.001403196999973,61.664690514000029,0.0],[-149.001393125999982,61.66467979600003,0.0],[-149.001387060999974,61.66466841700003,0.0],[-149.001385179999971,61.664656711000077,0.0],[-149.00138753799996,61.664645026000073,0.0],[-149.001394063999982,61.664633705000028,0.0],[-149.001404568999959,61.664623080000069,0.0],[-149.001418740999981,61.664613467000038,0.0],[-149.001436164999973,61.664605148000078,0.0],[-149.001456323999975,61.664598367000053,0.0],[-149.001478625999965,61.664593326000045,0.0],[-149.001671114999965,61.664562797000031,0.0],[-149.001867716999982,61.664538916000083,0.0],[-149.002067417999967,61.664521807000028,0.0],[-149.002269188999975,61.664511556000036,0.0],[-149.002471985999961,61.664508217000048,0.0]]]]}},
{"type":"Feature","properties":{"OBJECTID":103919,"ParcelType":1,"P_ID":17675,"ACCOUNT":"6003B02L018","TAXID_LOKI":"56003B02L018","ACRES":1.23055675,"TAXACRE":1.24,"ORIGACRE":1.24,"FTYPE":"PARCEL","GENOWN":"PRIVATE","BUYLEASE":"N","OWNER_1":"BETHMAN PAMELA J","NAME_2":"","MAILING_ADDRESS_LINE_A":"","MAILING_ADDRESS_LINE_B":"PO BOX 4723","MAILING_ADDRESS_CITY":"PALMER","MAILING_ADDRESS_STATE":"AK","MAILING_ADDRESS_ZIP":"99645","Buyer_Name":"","Buyer_Name_2":"","Buyer_Mailing_Address_A":"","Buyer_Mailing_Address_B":"","Buyer_Mailing_Address_City":"","Buyer_Mailing_Address_State":"","Buyer_Mailing_Address_Zip":"","MERIDIAN":"S","TWP_NUM":"18","TWP_NS":"N","RNG_NUM":"02","RNG_EW":"E","SECT_NUM":"12","GRIDNAME":"PA","GRIDNUM":"03","LANDVALUE":10900.0,"LANDASSD":10900.0,"BLDGVALUE":0.0,"BLDGASSD":0.0,"GENAREA":"3654","NBHD":"A1N12","TAXZONE":"0026","CITY":"","COMMCOUN":"15","FSA":"132","RSA":"019","SSA_1":"","SSA_2":"","ESN":24,"ECN":14,"ASSMBDISTRICT":"1","VOTINGPRCNT":"25-315","DFIRM":null,"SPUD":null,"SUBDNUM":6003,"LEGAL":"ALASKA RANCHOS #1                  BLOCK 2 LOT 18","DOC1_DATE":"2022-09-06T00:00:00Z","DOC1_TYPE":"PERSONAL REPRESENTATIVE","DOC1_RCRD":"Palmer-Bk  Pg ","DOC2_DATE":"2005-05-05T00:00:00Z","DOC2_TYPE":"WARRANTY DEED (ALL TYPES)","DOC2_RCRD":"Palmer-Bk  Pg 0","LANDUSE":"","RESUNIT":0.0,"MHUNIT":0.0,"DUPLEXUNIT":0.0,"MULTIUNIT":0.0,"GQUNIT":0.0,"MH_PK_UNIT":0.0,"BLDG_USE1":"","BLDG_USE2":"","BLDG_USE3":"","BLDG_USE4":"","BLDG_USE5":"","BLDG_USE6":"","Photo":"https://ecommerce.matsugov.us/assessment/Pages/Photos.aspx?isDLG=1&P_ID=17675","GlobalID":"{9E127B1C-3E65-4DA1-945F-080D2646795F}","Shape_Length":0.0043256607716327181,"Shape_Area":8.4368786689465853e-07},"geometry":{"type":"MultiPolygon","coordinates":[[[[-148.996899450999962,61.664486027000066,0.0],[-148.998240027999969,61.664793202000055,0.0],[-148.998222882999983,61.664814627000055,0.0],[-148.998213505999956,61.664837111000054,0.0],[-148.99821215999998,61.664860024000063,0.0],[-148.998218882999964,61.664882722000073,0.0],[-148.998233487999983,61.664904568000054,0.0],[-148.998255562999958,61.664924947000031,0.0],[-148.998284487999967,61.664943288000075,0.0],[-148.998319450999958,61.66495907500007,0.0],[-148.998359468999979,61.664971864000051,0.0],[-148.99840341899997,61.664981296000065,0.0],[-148.998423632999959,61.664985554000054,0.0],[-148.99844223599996,61.664991235000059,0.0],[-148.998458787999965,61.664998203000039,0.0],[-148.99847289799996,61.665006295000069,0.0],[-148.998484232999971,61.665015319000076,0.0],[-148.998492525999978,61.665025062000041,0.0],[-148.998497578999974,61.665035293000074,0.0],[-148.998499273999983,61.665045772000042,0.0],[-148.998499197999962,61.665221624000083,0.0],[-148.996899095999964,61.665222449000055,0.0],[-148.996899450999962,61.664486027000066,0.0]]]]}},
{"type":"Feature","properties":{"OBJECTID":103920,"ParcelType":1,"P_ID":59058,"ACCOUNT":"6003B02L025","TAXID_LOKI":"56003B02L025","ACRES":1.03163569,"TAXACRE":1.03,"ORIGACRE":1.03,"FTYPE":"PARCEL","GENOWN":"PRIVATE","BUYLEASE":"N","OWNER_1":"CARLETON CRAIG & KATHRYN","NAME_2":"","MAILING_ADDRESS_LINE_A":"","MAILING_ADDRESS_LINE_B":"17905 E WOODS DR ","MAILING_ADDRESS_CITY":"PALMER","MAILING_ADDRESS_STATE":"AK","MAILING_ADDRESS_ZIP":"99645-8704","Buyer_Name":"","Buyer_Name_2":"","Buyer_Mailing_Address_A":"","Buyer_Mailing_Address_B":"","Buyer_Mailing_Address_City":"","Buyer_Mailing_Address_State":"","Buyer_Mailing_Address_Zip":"","MERIDIAN":"S","TWP_NUM":"18","TWP_NS":"N","RNG_NUM":"02","RNG_EW":"E","SECT_NUM":"12","GRIDNAME":"PA","GRIDNUM":"03","LANDVALUE":10400.0,"LANDASSD":10400.0,"BLDGVALUE":209900.0,"BLDGASSD":209900.0,"GENAREA":"3654","NBHD":"A1N12","TAXZONE":"0026","CITY":"","COMMCOUN":"15","FSA":"132","RSA":"019","SSA_1":"","SSA_2":"","ESN":24,"ECN":14,"ASSMBDISTRICT":"1","VOTINGPRCNT":"25-315","DFIRM":null,"SPUD":null,"SUBDNUM":6003,"LEGAL":"ALASKA RANCHOS #1                  BLOCK 2 LOT 25","DOC1_DATE":"2021-11-02T00:00:00Z","DOC1_TYPE":"WARRANTY DEED (ALL TYPES)","DOC1_RCRD":"Palmer-Bk  Pg ","DOC2_DATE":"2014-04-14T00:00:00Z","DOC2_TYPE":"WARRANTY DEED (ALL TYPES)","DOC2_RCRD":"Palmer-Bk  Pg ","LANDUSE":"","RESUNIT":1.0,"MHUNIT":0.0,"DUPLEXUNIT":0.0,"MULTIUNIT":0.0,"GQUNIT":0.0,"MH_PK_UNIT":0.0,"BLDG_USE1":"1100","BLDG_USE2":"","BLDG_USE3":"","BLDG_USE4":"","BLDG_USE5":"","BLDG_USE6":"","Photo":"https://ecommerce.matsugov.us/assessment/Pages/Photos.aspx?isDLG=1&P_ID=59058","GlobalID":"{DA6E3591-4D47-4AC1-A7C8-87E530C70216}","Shape_Length":0.0038396677023746378,"Shape_Area":7.0634031571677743e-07},"geometry":{"type":"MultiPolygon","coordinates":[[[[-148.999987349999969,61.664827704000061,0.0],[-149.000437176999981,61.665357207000056,0.0],[-149.000330461999965,61.66537769100006,0.0],[-148.998855977999966,61.665377571000079,0.0],[-148.998856133999965,61.665007295000066,0.0],[-148.998858074999958,61.664986162000048,0.0],[-148.998867096999959,61.664965448000032,0.0],[-148.998882970999972,61.664945686000067,0.0],[-148.998905285999967,61.664927385000055,0.0],[-148.998933470999958,61.66491101500003,0.0],[-148.998966795999962,61.664896997000028,0.0],[-148.99900440899998,61.664885692000041,0.0],[-148.999045339999981,61.664877392000051,0.0],[-148.99908853599996,61.664872307000053,0.0],[-148.999132886999973,61.664870572000041,0.0],[-148.999347785999959,61.664866579000034,0.0],[-148.999562105999956,61.664858090000052,0.0],[-148.999775432999968,61.664845124000067,0.0],[-148.999987349999969,61.664827704000061,0.0]]]]}},
{"type":"Feature","properties":{"OBJECTID":103921,"ParcelType":1,"P_ID":68683,"ACCOUNT":"6003B03L017","TAXID_LOKI":"56003B03L017","ACRES":0.6487312,"TAXACRE":0.64,"ORIGACRE":0.64,"FTYPE":"PARCEL","GENOWN":"PRIVATE","BUYLEASE":"N","OWNER_1":"HARMS JAMES P & ROBIN M","NAME_2":"HARMS JAMIE","MAILING_ADDRESS_LINE_A":"","MAILING_ADDRESS_LINE_B":"17635 E WOODS DR ","MAILING_ADDRESS_CITY":"PALMER","MAILING_ADDRESS_STATE":"AK","MAILING_ADDRESS_ZIP":"99645-8758","Buyer_Name":"","Buyer_Name_2":"","Buyer_Mailing_Address_A":"","Buyer_Mailing_Address_B":"","Buyer_Mailing_Address_City":"","Buyer_Mailing_Address_State":"","Buyer_Mailing_Address_Zip":"","MERIDIAN":"S","TWP_NUM":"18","TWP_NS":"N","RNG_NUM":"02","RNG_EW":"E","SECT_NUM":"12","GRIDNAME":"PA","GRIDNUM":"03","LANDVALUE":6300.0,"LANDASSD":6300.0,"BLDGVALUE":0.0,"BLDGASSD":0.0,"GENAREA":"3654","NBHD":"A1N12","TAXZONE":"0026","CITY":"","COMMCOUN":"15","FSA":"132","RSA":"019","SSA_1":"","SSA_2":"","ESN":24,"ECN":14,"ASSMBDISTRICT":"1","VOTINGPRCNT":"25-315","DFIRM":"02170C7300E","SPUD":null,"SUBDNUM":6003,"LEGAL":"ALASKA RANCHOS #1                  BLOCK 3 LOT 17","DOC1_DATE":"2012-05-11T00:00:00Z","DOC1_TYPE":"WARRANTY DEED (ALL TYPES)","DOC1_RCRD":"Palmer-Bk  Pg ","DOC2_DATE":"1993-06-02T00:00:00Z","DOC2_TYPE":"WARRANTY DEED (ALL TYPES)","DOC2_RCRD":"Palmer-Bk 718 Pg 102","LANDUSE":"","RESUNIT":0.0,"MHUNIT":0.0,"DUPLEXUNIT":0.0,"MULTIUNIT":0.0,"GQUNIT":0.0,"MH_PK_UNIT":0.0,"BLDG_USE1":"","BLDG_USE2":"","BLDG_USE3":"","BLDG_USE4":"","BLDG_USE5":"","BLDG_USE6":"","Photo":"https://ecommerce.matsugov.us/assessment/Pages/Photos.aspx?isDLG=1&P_ID=68683","GlobalID":"{78D6D8A4-D315-44D9-81C2-050215539C00}","Shape_Length":0.0037421165310624728,"Shape_Area":4.4010740667835227e-07},"geometry":{"type":"MultiPolygon","coordinates":[[[[-149.005684923999979,61.665111939000042,0.0],[-149.007324903999972,61.665112910000062,0.0],[-149.007324425999968,61.665297654000028,0.0],[-149.007280480999981,61.665299216000051,0.0],[-149.007237550999974,61.66530394800003,0.0],[-149.007196647999962,61.665311742000029,0.0],[-149.007158725999972,61.665322414000059,0.0],[-149.007124678999958,61.665335713000047,0.0],[-149.007109029999981,61.665341899000055,0.0],[-149.007091699999961,61.665346974000045,0.0],[-149.007073038999977,61.665350835000083,0.0],[-149.00705341799997,61.665353406000065,0.0],[-149.007033227999983,61.665354635000028,0.0],[-149.006826130999968,61.665363028000058,0.0],[-149.00662037799998,61.66537702100004,0.0],[-149.006416637999962,61.665396567000073,0.0],[-149.00621557599996,61.665421606000052,0.0],[-149.006017842999967,61.665452053000081,0.0],[-149.005824084999972,61.665487811000048,0.0],[-149.005684923999979,61.665111939000042,0.0]]]]}},
{"type":"Feature","properties":{"OBJECTID":103922,"ParcelType":1,"P_ID":36478,"ACCOUNT":"6003B03L005","TAXID_LOKI":"56003B03L005","ACRES":1.10233049,"TAXACRE":1.11,"ORIGACRE":1.11,"FTYPE":"PARCEL","GENOWN":"PRIVATE","BUYLEASE":"N","OWNER_1":"METCALF REBECCA L","NAME_2":"","MAILING_ADDRESS_LINE_A":"","MAILING_ADDRESS_LINE_B":"PO BOX 2808","MAILING_ADDRESS_CITY":"PALMER","MAILING_ADDRESS_STATE":"AK","MAILING_ADDRESS_ZIP":"99645-2808","Buyer_Name":"","Buyer_Name_2":"","Buyer_Mailing_Address_A":"","Buyer_Mailing_Address_B":"","Buyer_Mailing_Address_City":"","Buyer_Mailing_Address_State":"","Buyer_Mailing_Address_Zip":"","MERIDIAN":"S","TWP_NUM":"18","TWP_NS":"N","RNG_NUM":"02","RNG_EW":"E","SECT_NUM":"12","GRIDNAME":"PA","GRIDNUM":"03","LANDVALUE":9300.0,"LANDASSD":9300.0,"BLDGVALUE":13400.0,"BLDGASSD":13400.0,"GENAREA":"3654","NBHD":"A1N12","TAXZONE":"0026","CITY":"","COMMCOUN":"15","FSA":"132","RSA":"019","SSA_1":"","SSA_2":"","ESN":24,"ECN":14,"ASSMBDISTRICT":"1","VOTINGPRCNT":"25-315","DFIRM":"02170C7300E","SPUD":null,"SUBDNUM":6003,"LEGAL":"ALASKA RANCHOS #1                  BLOCK 3 LOT 5","DOC1_DATE":"2015-08-04T00:00:00Z","DOC1_TYPE":"WARRANTY DEED (ALL TYPES)","DOC1_RCRD":"Palmer-Bk  Pg ","DOC2_DATE":"2013-06-11T00:00:00Z","DOC2_TYPE":"WARRANTY DEED (ALL TYPES)","DOC2_RCRD":"Palmer-Bk  Pg ","LANDUSE":"","RESUNIT":1.0,"MHUNIT":0.0,"DUPLEXUNIT":0.0,"MULTIUNIT":0.0,"GQUNIT":0.0,"MH_PK_UNIT":0.0,"BLDG_USE1":"1100","BLDG_USE2":"","BLDG_USE3":"","BLDG_USE4":"","BLDG_USE5":"","BLDG_USE6":"","Photo":"https://ecommerce.matsugov.us/assessment/Pages/Photos.aspx?isDLG=1&P_ID=36478","GlobalID":"{4CD200CE-979B-4A97-9EDE-5863395450BD}","Shape_Length":0.0037276151937121606,"Shape_Area":7.5734937865809516e-07},"geometry":{"type":"MultiPolygon","coordinates":[[[[-149.009031490999973,61.66544129600004,0.0],[-149.009031532999984,61.664990795000051,0.0],[-149.010441335999957,61.664990805000059,0.0],[-149.010441331999971,61.665067558000032,0.0],[-149.010433959999972,61.66515608800006,0.0],[-149.010411939999983,61.66524406700006,0.0],[-149.010375408999977,61.665330948000076,0.0],[-149.010324592999979,61.665416191000077,0.0],[-149.010259807999972,61.66549926700003,0.0],[-149.010181457999977,61.665579659000059,0.0],[-149.010090026999961,61.665656867000052,0.0],[-149.009031490999973,61.66544129600004,0.0]]]]}},
{"type":"Feature","properties":{"OBJECTID":103923,"ParcelType":1,"P_ID":65618,"ACCOUNT":"6003B03L018","TAXID_LOKI":"56003B03L018","ACRES":1.02500732,"TAXACRE":1.01,"ORIGACRE":1.01,"FTYPE":"PARCEL","GENOWN":"PRIVATE","BUYLEASE":"N","OWNER_1":"HARMS JAS P & ROBIN M","NAME_2":"","MAILING_ADDRESS_LINE_A":"","MAILING_ADDRESS_LINE_B":"17635 E WOODS DR","MAILING_ADDRESS_CITY":"PALMER","MAILING_ADDRESS_STATE":"AK","MAILING_ADDRESS_ZIP":"99645","Buyer_Name":"","Buyer_Name_2":"","Buyer_Mailing_Address_A":"","Buyer_Mailing_Address_B":"","Buyer_Mailing_Address_City":"","Buyer_Mailing_Address_State":"","Buyer_Mailing_Address_Zip":"","MERIDIAN":"S","TWP_NUM":"18","TWP_NS":"N","RNG_NUM":"02","RNG_EW":"E","SECT_NUM":"12","GRIDNAME":"PA","GRIDNUM":"03","LANDVALUE":8900.0,"LANDASSD":8900.0,"BLDGVALUE":0.0,"BLDGASSD":0.0,"GENAREA":"3654","NBHD":"A1N12","TAXZONE":"0026","CITY":"","COMMCOUN":"15","FSA":"132","RSA":"019","SSA_1":"","SSA_2":"","ESN":24,"ECN":14,"ASSMBDISTRICT":"1","VOTINGPRCNT":"25-315","DFIRM":"02170C7300E","SPUD":null,"SUBDNUM":6003,"LEGAL":"ALASKA RANCHOS #1                  BLOCK 3 LOT 18","DOC1_DATE":"2004-09-24T00:00:00Z","DOC1_TYPE":"WARRANTY DEED (ALL TYPES)","DOC1_RCRD":"Palmer-Bk  Pg 0","DOC2_DATE":"1986-10-24T00:00:00Z","DOC2_TYPE":"QUITCLAIM DEED (ALL TYPE)","DOC2_RCRD":"Palmer-Bk 490 Pg 141","LANDUSE":"","RESUNIT":0.0,"MHUNIT":0.0,"DUPLEXUNIT":0.0,"MULTIUNIT":0.0,"GQUNIT":0.0,"MH_PK_UNIT":0.0,"BLDG_USE1":"","BLDG_USE2":"","BLDG_USE3":"","BLDG_USE4":"","BLDG_USE5":"","BLDG_USE6":"","Photo":"https://ecommerce.matsugov.us/assessment/Pages/Photos.aspx?isDLG=1&P_ID=65618","GlobalID":"{165FBD0B-5C82-4098-83DB-6159D7AD5CC0}","Shape_Length":0.0043578526700283424,"Shape_Area":7.027716191143389e-07},"geometry":{"type":"MultiPolygon","coordinates":[[[[-149.007364248999977,61.66556982600008,0.0],[-149.007413078999974,61.665564437000057,0.0],[-149.007459201999978,61.665555101000052,0.0],[-149.007501214999962,61.665542101000028,0.0],[-149.007537841999977,61.665525831000082,0.0],[-149.007567973999983,61.665506787000027,0.0],[-149.007590693999958,61.66548554700006,0.0],[-149.00760531399996,61.665462754000032,0.0],[-149.007611387999958,61.665439101000061,0.0],[-149.007608732999984,61.665415306000057,0.0],[-149.007597429999976,61.665392090000068,0.0],[-149.007577820999984,61.665370160000066,0.0],[-149.007550501999958,61.665350181000065,0.0],[-149.00751630299996,61.665332758000034,0.0],[-149.007476261999983,61.665318422000041,0.0],[-149.007431591999961,61.665307607000045,0.0],[-149.007396857999964,61.665302132000079,0.0],[-149.007360941999963,61.665298796000059,0.0],[-149.007324425999968,61.665297654000028,0.0],[-149.007324903999972,61.665112910000062,0.0],[-149.008916434999975,61.665113834000067,0.0],[-149.008916406999958,61.665409710000063,0.0],[-149.00769939099996,61.665743661000079,0.0],[-149.007364248999977,61.66556982600008,0.0]]]]}},
{"type":"Feature","properties":{"OBJECTID":103924,"ParcelType":1,"P_ID":72380,"ACCOUNT":"6003B02L026","TAXID_LOKI":"56003B02L026","ACRES":1.31204996,"TAXACRE":1.31,"ORIGACRE":1.31,"FTYPE":"PARCEL","GENOWN":"PRIVATE","BUYLEASE":"N","OWNER_1":"BISHOP MATTHEW CHARLES","NAME_2":"BISHOP KATIE DENA","MAILING_ADDRESS_LINE_A":"","MAILING_ADDRESS_LINE_B":"17825 E WOODS DR ","MAILING_ADDRESS_CITY":"PALMER","MAILING_ADDRESS_STATE":"AK","MAILING_ADDRESS_ZIP":"99645-8704","Buyer_Name":"","Buyer_Name_2":"","Buyer_Mailing_Address_A":"","Buyer_Mailing_Address_B":"","Buyer_Mailing_Address_City":"","Buyer_Mailing_Address_State":"","Buyer_Mailing_Address_Zip":"","MERIDIAN":"S","TWP_NUM":"18","TWP_NS":"N","RNG_NUM":"02","RNG_EW":"E","SECT_NUM":"12","GRIDNAME":"PA","GRIDNUM":"03","LANDVALUE":12100.0,"LANDASSD":12100.0,"BLDGVALUE":51200.0,"BLDGASSD":51200.0,"GENAREA":"3654","NBHD":"A1N12","TAXZONE":"0026","CITY":"","COMMCOUN":"15","FSA":"132","RSA":"019","SSA_1":"","SSA_2":"","ESN":24,"ECN":14,"ASSMBDISTRICT":"1","VOTINGPRCNT":"25-315","DFIRM":"02170C7300E","SPUD":null,"SUBDNUM":6003,"LEGAL":"ALASKA RANCHOS #1                  BLOCK 2 LOT 26","DOC1_DATE":"2015-09-23T00:00:00Z","DOC1_TYPE":"WARRANTY DEED (ALL TYPES)","DOC1_RCRD":"Palmer-Bk  Pg ","DOC2_DATE":"2015-08-20T00:00:00Z","DOC2_TYPE":"WARRANTY DEED (ALL TYPES)","DOC2_RCRD":"Palmer-Bk  Pg ","LANDUSE":"","RESUNIT":1.0,"MHUNIT":0.0,"DUPLEXUNIT":0.0,"MULTIUNIT":0.0,"GQUNIT":0.0,"MH_PK_UNIT":0.0,"BLDG_USE1":"1100","BLDG_USE2":"","BLDG_USE3":"","BLDG_USE4":"","BLDG_USE5":"","BLDG_USE6":"","Photo":"https://ecommerce.matsugov.us/assessment/Pages/Photos.aspx?isDLG=1&P_ID=72380","GlobalID":"{33271159-1DE3-4D9A-BFC1-B678C78C39A0}","Shape_Length":0.004045437227217937,"Shape_Area":8.9850270162111572e-07},"geometry":{"type":"MultiPolygon","coordinates":[[[[-149.000437176999981,61.665357207000056,0.0],[-148.999987349999969,61.664827704000061,0.0],[-149.000204092999979,61.664805099000034,0.0],[-149.000418449999984,61.664777836000042,0.0],[-149.000629979999957,61.66474597000007,0.0],[-149.000838242999976,61.664709569000081,0.0],[-149.000880811999963,61.664701583000067,0.0],[-149.000902808999967,61.664698403000045,0.0],[-149.000925592999977,61.664696930000048,0.0],[-149.000948576999974,61.66469720200007,0.0],[-149.000971178999976,61.664699210000038,0.0],[-149.000992817999958,61.66470290400008,0.0],[-149.00101294199996,61.664708190000056,0.0],[-149.001031036999962,61.664714933000027,0.0],[-149.001046641999977,61.664722959000073,0.0],[-149.001059356999974,61.664732066000056,0.0],[-149.001645033999978,61.665234501000043,0.0],[-149.000738836999972,61.665712287000076,0.0],[-149.000437176999981,61.665357207000056,0.0]]]]}},
{"type":"Feature","properties":{"OBJECTID":103925,"ParcelType":1,"P_ID":58327,"ACCOUNT":"6003B04L014","TAXID_LOKI":"56003B04L014","ACRES":1.04859601,"TAXACRE":1.05,"ORIGACRE":1.05,"FTYPE":"PARCEL","GENOWN":"PRIVATE","BUYLEASE":"N","OWNER_1":"SPRINGER MARC &LINDA REV FAM TR","NAME_2":"SPRINGER MARC P & LINDA H TRES","MAILING_ADDRESS_LINE_A":"","MAILING_ADDRESS_LINE_B":"7024  SNAPDRAGON DR ","MAILING_ADDRESS_CITY":"CARLSBAD","MAILING_ADDRESS_STATE":"CA","MAILING_ADDRESS_ZIP":"92011","Buyer_Name":"","Buyer_Name_2":"","Buyer_Mailing_Address_A":"","Buyer_Mailing_Address_B":"","Buyer_Mailing_Address_City":"","Buyer_Mailing_Address_State":"","Buyer_Mailing_Address_Zip":"","MERIDIAN":"S","TWP_NUM":"18","TWP_NS":"N","RNG_NUM":"02","RNG_EW":"E","SECT_NUM":"12","GRIDNAME":"PA","GRIDNUM":"03","LANDVALUE":8900.0,"LANDASSD":8900.0,"BLDGVALUE":51100.0,"BLDGASSD":51100.0,"GENAREA":"3654","NBHD":"A1N12","TAXZONE":"0026","CITY":"","COMMCOUN":"15","FSA":"132","RSA":"019","SSA_1":"","SSA_2":"","ESN":24,"ECN":14,"ASSMBDISTRICT":"1","VOTINGPRCNT":"25-315","DFIRM":"02170C7300E","SPUD":null,"SUBDNUM":6003,"LEGAL":"ALASKA RANCHOS #1                  BLOCK 4 LOT 14","DOC1_DATE":"2019-04-29T00:00:00Z","DOC1_TYPE":"WARRANTY DEED (ALL TYPES)","DOC1_RCRD":"Palmer-Bk  Pg ","DOC2_DATE":"2018-08-17T00:00:00Z","DOC2_TYPE":"WARRANTY DEED (ALL TYPES)","DOC2_RCRD":"Palmer-Bk  Pg ","LANDUSE":"","RESUNIT":1.0,"MHUNIT":0.0,"DUPLEXUNIT":0.0,"MULTIUNIT":0.0,"GQUNIT":0.0,"MH_PK_UNIT":0.0,"BLDG_USE1":"1100","BLDG_USE2":"","BLDG_USE3":"","BLDG_USE4":"","BLDG_USE5":"","BLDG_USE6":"","Photo":"https://ecommerce.matsugov.us/assessment/Pages/Photos.aspx?isDLG=1&P_ID=58327","GlobalID":"{3947DB89-395D-4051-A806-C665A2DB7D8F}","Shape_Length":0.0036514265835739424,"Shape_Area":7.1747437344303996e-07},"geometry":{"type":"MultiPolygon","coordinates":[[[[-149.010579880999984,61.665560864000042,0.0],[-149.010642470999983,61.665481924000062,0.0],[-149.010694050999973,61.66540120600007,0.0],[-149.010734400999979,61.665319056000044,0.0],[-149.010763346999966,61.665235826000071,0.0],[-149.010780765999982,61.665151875000049,0.0],[-149.01078658299997,61.665067560000068,0.0],[-149.011853881999969,61.665074418000074,0.0],[-149.011854334999981,61.665812946000074,0.0],[-149.010579880999984,61.665560864000042,0.0]]]]}},
{"type":"Feature","properties":{"OBJECTID":103926,"ParcelType":1,"P_ID":1771,"ACCOUNT":"6003B03L014","TAXID_LOKI":"56003B03L014","ACRES":1.02497423,"TAXACRE":1.03,"ORIGACRE":1.03,"FTYPE":"PARCEL","GENOWN":"PRIVATE","BUYLEASE":"N","OWNER_1":"CREARY LEONA","NAME_2":"","MAILING_ADDRESS_LINE_A":"","MAILING_ADDRESS_LINE_B":"31044  EXIT AVE ","MAILING_ADDRESS_CITY":"SOLDOTNA","MAILING_ADDRESS_STATE":"AK","MAILING_ADDRESS_ZIP":"99669-9243","Buyer_Name":"","Buyer_Name_2":"","Buyer_Mailing_Address_A":"","Buyer_Mailing_Address_B":"","Buyer_Mailing_Address_City":"","Buyer_Mailing_Address_State":"","Buyer_Mailing_Address_Zip":"","MERIDIAN":"S","TWP_NUM":"18","TWP_NS":"N","RNG_NUM":"02","RNG_EW":"E","SECT_NUM":"12","GRIDNAME":"PA","GRIDNUM":"03","LANDVALUE":11500.0,"LANDASSD":11500.0,"BLDGVALUE":0.0,"BLDGASSD":0.0,"GENAREA":"3654","NBHD":"A1N12","TAXZONE":"0026","CITY":"","COMMCOUN":"15","FSA":"132","RSA":"019","SSA_1":"","SSA_2":"","ESN":24,"ECN":14,"ASSMBDISTRICT":"1","VOTINGPRCNT":"25-315","DFIRM":"02170C7300E","SPUD":null,"SUBDNUM":6003,"LEGAL":"ALASKA RANCHOS #1                  BLOCK 3 LOT 14","DOC1_DATE":"1900-01-01T00:00:00Z","DOC1_TYPE":"LISTING INFORMATION EXP","DOC1_RCRD":"Palmer-Bk  Pg ","DOC2_DATE":"2008-11-25T00:00:00Z","DOC2_TYPE":"QUITCLAIM DEED (ALL TYPE)","DOC2_RCRD":"Palmer-Bk  Pg ","LANDUSE":"","RESUNIT":0.0,"MHUNIT":0.0,"DUPLEXUNIT":0.0,"MULTIUNIT":0.0,"GQUNIT":0.0,"MH_PK_UNIT":0.0,"BLDG_USE1":"","BLDG_USE2":"","BLDG_USE3":"","BLDG_USE4":"","BLDG_USE5":"","BLDG_USE6":"","Photo":"https://ecommerce.matsugov.us/assessment/Pages/Photos.aspx?isDLG=1&P_ID=1771","GlobalID":"{EBB43683-4649-47DB-AA59-FBBB20688297}","Shape_Length":0.0038130502418044056,"Shape_Area":7.0346429914026421e-07},"geometry":{"type":"MultiPolygon","coordinates":[[[[-149.002028285999984,61.665226755000049,0.0],[-149.002471598999961,61.665109981000057,0.0],[-149.003670913999969,61.665110721000076,0.0],[-149.00320892299996,61.66578602800007,0.0],[-149.003060835999975,61.665763146000074,0.0],[-149.002944508999974,61.665742257000034,0.0],[-149.002832810999962,61.665716279000037,0.0],[-149.002726722999967,61.665685443000029,0.0],[-149.002627179999962,61.665650019000054,0.0],[-149.002535054999981,61.665610318000063,0.0],[-149.002451158999975,61.665566689000059,0.0],[-149.002376228999964,61.665519516000074,0.0],[-149.002310924999961,61.66546921500003,0.0],[-149.002028285999984,61.665226755000049,0.0]]]]}},
{"type":"Feature","properties":{"OBJECTID":103927,"ParcelType":1,"P_ID":64148,"ACCOUNT":"6003B02L019","TAXID_LOKI":"56003B02L019","ACRES":1.21288544,"TAXACRE":1.22,"ORIGACRE":1.22,"FTYPE":"PARCEL","GENOWN":"PRIVATE","BUYLEASE":"N","OWNER_1":"BETHMAN PAMELA J","NAME_2":"","MAILING_ADDRESS_LINE_A":"","MAILING_ADDRESS_LINE_B":"PO BOX 4723","MAILING_ADDRESS_CITY":"PALMER","MAILING_ADDRESS_STATE":"AK","MAILING_ADDRESS_ZIP":"99645","Buyer_Name":"","Buyer_Name_2":"","Buyer_Mailing_Address_A":"","Buyer_Mailing_Address_B":"","Buyer_Mailing_Address_City":"","Buyer_Mailing_Address_State":"","Buyer_Mailing_Address_Zip":"","MERIDIAN":"S","TWP_NUM":"18","TWP_NS":"N","RNG_NUM":"02","RNG_EW":"E","SECT_NUM":"12","GRIDNAME":"PA","GRIDNUM":"03","LANDVALUE":10900.0,"LANDASSD":10900.0,"BLDGVALUE":0.0,"BLDGASSD":0.0,"GENAREA":"3654","NBHD":"A1N12","TAXZONE":"0026","CITY":"","COMMCOUN":"15","FSA":"132","RSA":"019","SSA_1":"","SSA_2":"","ESN":24,"ECN":14,"ASSMBDISTRICT":"1","VOTINGPRCNT":"25-315","DFIRM":null,"SPUD":null,"SUBDNUM":6003,"LEGAL":"ALASKA RANCHOS #1                  BLOCK 2 LOT 19","DOC1_DATE":"2023-02-28T00:00:00Z","DOC1_TYPE":"WARRANTY DEED (ALL TYPES)","DOC1_RCRD":"Palmer-Bk  Pg ","DOC2_DATE":"2007-09-24T00:00:00Z","DOC2_TYPE":"WARRANTY DEED (ALL TYPES)","DOC2_RCRD":"Palmer-Bk  Pg ","LANDUSE":"","RESUNIT":0.0,"MHUNIT":0.0,"DUPLEXUNIT":0.0,"MULTIUNIT":0.0,"GQUNIT":0.0,"MH_PK_UNIT":0.0,"BLDG_USE1":"","BLDG_USE2":"","BLDG_USE3":"","BLDG_USE4":"","BLDG_USE5":"","BLDG_USE6":"","Photo":"https://ecommerce.matsugov.us/assessment/Pages/Photos.aspx?isDLG=1&P_ID=64148","GlobalID":"{CDEC09EC-B743-4240-85FF-DCEEF3BD5BE5}","Shape_Length":0.0042396415342123876,"Shape_Area":8.3158728948312436e-07},"geometry":{"type":"MultiPolygon","coordinates":[[[[-148.996899095999964,61.665222449000055,0.0],[-148.998499197999962,61.665221624000083,0.0],[-148.998498973999972,61.66574132900007,0.0],[-148.996898843999958,61.665742153000053,0.0],[-148.996899095999964,61.665222449000055,0.0]]]]}},
{"type":"Feature","properties":{"OBJECTID":103928,"ParcelType":1,"P_ID":24554,"ACCOUNT":"6003B03L016","TAXID_LOKI":"56003B03L016","ACRES":1.02520023,"TAXACRE":1.02,"ORIGACRE":1.02,"FTYPE":"PARCEL","GENOWN":"PRIVATE","BUYLEASE":"N","OWNER_1":"HARMS JAMES P & ROBIN M","NAME_2":"","MAILING_ADDRESS_LINE_A":"","MAILING_ADDRESS_LINE_B":"17635 E WOODS DR ","MAILING_ADDRESS_CITY":"PALMER","MAILING_ADDRESS_STATE":"AK","MAILING_ADDRESS_ZIP":"99645-8758","Buyer_Name":"","Buyer_Name_2":"","Buyer_Mailing_Address_A":"","Buyer_Mailing_Address_B":"","Buyer_Mailing_Address_City":"","Buyer_Mailing_Address_State":"","Buyer_Mailing_Address_Zip":"","MERIDIAN":"S","TWP_NUM":"18","TWP_NS":"N","RNG_NUM":"02","RNG_EW":"E","SECT_NUM":"12","GRIDNAME":"PA","GRIDNUM":"03","LANDVALUE":10400.0,"LANDASSD":10400.0,"BLDGVALUE":0.0,"BLDGASSD":0.0,"GENAREA":"3654","NBHD":"A1N12","TAXZONE":"0026","CITY":"","COMMCOUN":"15","FSA":"132","RSA":"019","SSA_1":"","SSA_2":"","ESN":24,"ECN":14,"ASSMBDISTRICT":"1","VOTINGPRCNT":"25-315","DFIRM":"02170C7300E","SPUD":null,"SUBDNUM":6003,"LEGAL":"ALASKA RANCHOS #1                  BLOCK 3 LOT 16","DOC1_DATE":"2012-05-11T00:00:00Z","DOC1_TYPE":"WARRANTY DEED (ALL TYPES)","DOC1_RCRD":"Palmer-Bk  Pg ","DOC2_DATE":"2005-09-06T00:00:00Z","DOC2_TYPE":"QUITCLAIM DEED (ALL TYPE)","DOC2_RCRD":"Palmer-Bk  Pg 0","LANDUSE":"","RESUNIT":0.0,"MHUNIT":0.0,"DUPLEXUNIT":0.0,"MULTIUNIT":0.0,"GQUNIT":0.0,"MH_PK_UNIT":0.0,"BLDG_USE1":"","BLDG_USE2":"","BLDG_USE3":"","BLDG_USE4":"","BLDG_USE5":"","BLDG_USE6":"","Photo":"https://ecommerce.matsugov.us/assessment/Pages/Photos.aspx?isDLG=1&P_ID=24554","GlobalID":"{DBFCDEED-F48C-4ADD-9DEC-CFB17E248D1F}","Shape_Length":0.0038100861882419891,"Shape_Area":6.9821340526423804e-07},"geometry":{"type":"MultiPolygon","coordinates":[[[[-149.004246343999966,61.665111072000059,0.0],[-149.005684923999979,61.665111939000042,0.0],[-149.005824084999972,61.665487811000048,0.0],[-149.005634800999957,61.665528793000078,0.0],[-149.005450746999969,61.665574843000059,0.0],[-149.005272520999966,61.665625810000051,0.0],[-149.005100703999972,61.66568152800005,0.0],[-149.004935854999957,61.665741817000082,0.0],[-149.004778511999973,61.665806479000082,0.0],[-149.004246343999966,61.665111072000059,0.0]]]]}},
{"type":"Feature","properties":{"OBJECTID":103929,"ParcelType":1,"P_ID":42253,"ACCOUNT":"6003B02L024","TAXID_LOKI":"56003B02L024","ACRES":1.04153285,"TAXACRE":1.03,"ORIGACRE":1.03,"FTYPE":"PARCEL","GENOWN":"PRIVATE","BUYLEASE":"N","OWNER_1":"HENINGER SAMUEL G","NAME_2":"","MAILING_ADDRESS_LINE_A":"","MAILING_ADDRESS_LINE_B":"17935 E WOODS DR ","MAILING_ADDRESS_CITY":"PALMER","MAILING_ADDRESS_STATE":"AK","MAILING_ADDRESS_ZIP":"99645","Buyer_Name":"","Buyer_Name_2":"","Buyer_Mailing_Address_A":"","Buyer_Mailing_Address_B":"","Buyer_Mailing_Address_City":"","Buyer_Mailing_Address_State":"","Buyer_Mailing_Address_Zip":"","MERIDIAN":"S","TWP_NUM":"18","TWP_NS":"N","RNG_NUM":"02","RNG_EW":"E","SECT_NUM":"12","GRIDNAME":"PA","GRIDNUM":"03","LANDVALUE":10400.0,"LANDASSD":10400.0,"BLDGVALUE":39400.0,"BLDGASSD":39400.0,"GENAREA":"3654","NBHD":"A1N12","TAXZONE":"0026","CITY":"","COMMCOUN":"15","FSA":"132","RSA":"019","SSA_1":"","SSA_2":"","ESN":24,"ECN":14,"ASSMBDISTRICT":"1","VOTINGPRCNT":"25-315","DFIRM":null,"SPUD":null,"SUBDNUM":6003,"LEGAL":"ALASKA RANCHOS #1                  BLOCK 2 LOT 24","DOC1_DATE":"1900-01-01T00:00:00Z","DOC1_TYPE":"LISTING INFORMATION ONLY","DOC1_RCRD":"Palmer-Bk  Pg ","DOC2_DATE":"2023-09-22T00:00:00Z","DOC2_TYPE":"QUITCLAIM DEED (ALL TYPE)","DOC2_RCRD":"Palmer-Bk  Pg ","LANDUSE":"","RESUNIT":1.0,"MHUNIT":0.0,"DUPLEXUNIT":0.0,"MULTIUNIT":0.0,"GQUNIT":0.0,"MH_PK_UNIT":0.0,"BLDG_USE1":"1100","BLDG_USE2":"","BLDG_USE3":"","BLDG_USE4":"","BLDG_USE5":"","BLDG_USE6":"","Photo":"https://ecommerce.matsugov.us/assessment/Pages/Photos.aspx?isDLG=1&P_ID=42253","GlobalID":"{7B5F75D2-0638-4C11-99DA-E044F941C4D0}","Shape_Length":0.004226034401497855,"Shape_Area":7.141044952172672e-07},"geometry":{"type":"MultiPolygon","coordinates":[[[[-148.998855977999966,61.665377571000079,0.0],[-149.000330461999965,61.66537769100006,0.0],[-149.000632120999967,61.665732772000069,0.0],[-149.000632090999972,61.665814830000045,0.0],[-148.998855797999965,61.66580482300003,0.0],[-148.998855977999966,61.665377571000079,0.0]]]]}},
{"type":"Feature","properties":{"OBJECTID":103930,"ParcelType":1,"P_ID":59613,"ACCOUNT":"6003B03L015","TAXID_LOKI":"56003B03L015","ACRES":1.26860207,"TAXACRE":1.27,"ORIGACRE":1.27,"FTYPE":"PARCEL","GENOWN":"PRIVATE","BUYLEASE":"N","OWNER_1":"CREARY LEONA","NAME_2":"","MAILING_ADDRESS_LINE_A":"","MAILING_ADDRESS_LINE_B":"31044  EXIT AVE ","MAILING_ADDRESS_CITY":"SOLDOTNA","MAILING_ADDRESS_STATE":"AK","MAILING_ADDRESS_ZIP":"99669-9243","Buyer_Name":"","Buyer_Name_2":"","Buyer_Mailing_Address_A":"","Buyer_Mailing_Address_B":"","Buyer_Mailing_Address_City":"","Buyer_Mailing_Address_State":"","Buyer_Mailing_Address_Zip":"","MERIDIAN":"S","TWP_NUM":"18","TWP_NS":"N","RNG_NUM":"02","RNG_EW":"E","SECT_NUM":"12","GRIDNAME":"PA","GRIDNUM":"03","LANDVALUE":12100.0,"LANDASSD":12100.0,"BLDGVALUE":0.0,"BLDGASSD":0.0,"GENAREA":"3654","NBHD":"A1N12","TAXZONE":"0026","CITY":"","COMMCOUN":"15","FSA":"132","RSA":"019","SSA_1":"","SSA_2":"","ESN":24,"ECN":14,"ASSMBDISTRICT":"1","VOTINGPRCNT":"25-315","DFIRM":"02170C7300E","SPUD":null,"SUBDNUM":6003,"LEGAL":"ALASKA RANCHOS #1                  BLOCK 3 LOT 15","DOC1_DATE":"1900-01-01T00:00:00Z","DOC1_TYPE":"LISTING INFORMATION EXP","DOC1_RCRD":"Palmer-Bk  Pg ","DOC2_DATE":"2012-10-01T00:00:00Z","DOC2_TYPE":"QUITCLAIM DEED (ALL TYPE)","DOC2_RCRD":"Palmer-Bk  Pg ","LANDUSE":"","RESUNIT":0.0,"MHUNIT":0.0,"DUPLEXUNIT":0.0,"MULTIUNIT":0.0,"GQUNIT":0.0,"MH_PK_UNIT":0.0,"BLDG_USE1":"","BLDG_USE2":"","BLDG_USE3":"","BLDG_USE4":"","BLDG_USE5":"","BLDG_USE6":"","Photo":"https://ecommerce.matsugov.us/assessment/Pages/Photos.aspx?isDLG=1&P_ID=59613","GlobalID":"{A6B01B4E-14AB-4BAC-A7B9-1DEC2C8CDF54}","Shape_Length":0.0038872803236836323,"Shape_Area":8.6927520876578401e-07},"geometry":{"type":"MultiPolygon","coordinates":[[[[-149.00320892299996,61.66578602800007,0.0],[-149.003670913999969,61.665110721000076,0.0],[-149.004246343999966,61.665111072000059,0.0],[-149.004778511999973,61.665806479000082,0.0],[-149.004635177999972,61.665872386000046,0.0],[-149.004499644999981,61.665941924000037,0.0],[-149.004482434999971,61.665949820000037,0.0],[-149.004462709999956,61.665956251000068,0.0],[-149.004441015999959,61.66596104000007,0.0],[-149.004417952999972,61.665964055000074,0.0],[-149.004394158999958,61.665965211000071,0.0],[-149.004370289999969,61.665964476000056,0.0],[-149.004347004999971,61.665961873000072,0.0],[-149.00320892299996,61.66578602800007,0.0]]]]}},
{"type":"Feature","properties":{"OBJECTID":103931,"ParcelType":1,"P_ID":3211,"ACCOUNT":"6003B03L004","TAXID_LOKI":"56003B03L004","ACRES":0.83590886,"TAXACRE":0.84,"ORIGACRE":0.84,"FTYPE":"PARCEL","GENOWN":"PRIVATE","BUYLEASE":"N","OWNER_1":"VALENTY CYNTHIA RAE","NAME_2":"","MAILING_ADDRESS_LINE_A":"","MAILING_ADDRESS_LINE_B":"PO BOX 1297","MAILING_ADDRESS_CITY":"DILLINGHAM","MAILING_ADDRESS_STATE":"AK","MAILING_ADDRESS_ZIP":"99576-1297","Buyer_Name":"","Buyer_Name_2":"","Buyer_Mailing_Address_A":"","Buyer_Mailing_Address_B":"","Buyer_Mailing_Address_City":"","Buyer_Mailing_Address_State":"","Buyer_Mailing_Address_Zip":"","MERIDIAN":"S","TWP_NUM":"18","TWP_NS":"N","RNG_NUM":"02","RNG_EW":"E","SECT_NUM":"12","GRIDNAME":"PA","GRIDNUM":"03","LANDVALUE":8300.0,"LANDASSD":8300.0,"BLDGVALUE":2000.0,"BLDGASSD":2000.0,"GENAREA":"3654","NBHD":"A1N12","TAXZONE":"0026","CITY":"","COMMCOUN":"15","FSA":"132","RSA":"019","SSA_1":"","SSA_2":"","ESN":24,"ECN":14,"ASSMBDISTRICT":"1","VOTINGPRCNT":"25-315","DFIRM":"02170C7300E","SPUD":null,"SUBDNUM":6003,"LEGAL":"ALASKA RANCHOS #1                  BLOCK 3 LOT 4","DOC1_DATE":"2016-06-20T00:00:00Z","DOC1_TYPE":"WARRANTY DEED (ALL TYPES)","DOC1_RCRD":"Palmer-Bk  Pg ","DOC2_DATE":"2013-06-11T00:00:00Z","DOC2_TYPE":"WARRANTY DEED (ALL TYPES)","DOC2_RCRD":"Palmer-Bk  Pg ","LANDUSE":"","RESUNIT":0.0,"MHUNIT":0.0,"DUPLEXUNIT":0.0,"MULTIUNIT":0.0,"GQUNIT":0.0,"MH_PK_UNIT":0.0,"BLDG_USE1":"","BLDG_USE2":"","BLDG_USE3":"","BLDG_USE4":"","BLDG_USE5":"","BLDG_USE6":"","Photo":"https://ecommerce.matsugov.us/assessment/Pages/Photos.aspx?isDLG=1&P_ID=3211","GlobalID":"{EC8C6F27-0F6C-4610-9CD3-ACBA12AF59E3}","Shape_Length":0.0035869322988870485,"Shape_Area":5.7555852392557963e-07},"geometry":{"type":"MultiPolygon","coordinates":[[[[-149.00845568699998,61.665599301000043,0.0],[-149.009031490999973,61.66544129600004,0.0],[-149.010090026999961,61.665656867000052,0.0],[-149.009997391999974,61.66572297700003,0.0],[-149.009895163999971,61.665785811000035,0.0],[-149.009783846999966,61.665845054000044,0.0],[-149.009664004999962,61.665900411000052,0.0],[-149.00953623099997,61.665951603000053,0.0],[-149.009401167999982,61.665998377000051,0.0],[-149.009259487999969,61.66604049700004,0.0],[-149.009058496999984,61.666095650000045,0.0],[-149.00845568699998,61.665599301000043,0.0]]]]}},
{"type":"Feature","properties":{"OBJECTID":103932,"ParcelType":1,"P_ID":69764,"ACCOUNT":"3966B04L015A","TAXID_LOKI":"53966B04L015A","ACRES":8.0481629,"TAXACRE":8.12,"ORIGACRE":8.12,"FTYPE":"PARCEL","GENOWN":"PRIVATE","BUYLEASE":"N","OWNER_1":"MCGIMSEY 2018 FAMILY TR","NAME_2":"","MAILING_ADDRESS_LINE_A":"","MAILING_ADDRESS_LINE_B":"18945  TIMBERLINE DR ","MAILING_ADDRESS_CITY":"EAGLE RIVER","MAILING_ADDRESS_STATE":"AK","MAILING_ADDRESS_ZIP":"99577","Buyer_Name":"","Buyer_Name_2":"","Buyer_Mailing_Address_A":"","Buyer_Mailing_Address_B":"","Buyer_Mailing_Address_City":"","Buyer_Mailing_Address_State":"","Buyer_Mailing_Address_Zip":"","MERIDIAN":"S","TWP_NUM":"18","TWP_NS":"N","RNG_NUM":"02","RNG_EW":"E","SECT_NUM":"12","GRIDNAME":"PA","GRIDNUM":"03","LANDVALUE":23800.0,"LANDASSD":23800.0,"BLDGVALUE":0.0,"BLDGASSD":0.0,"GENAREA":"3654","NBHD":"A1N10","TAXZONE":"0026","CITY":"","COMMCOUN":"15","FSA":"132","RSA":"019","SSA_1":"","SSA_2":"","ESN":24,"ECN":14,"ASSMBDISTRICT":"1","VOTINGPRCNT":"25-315","DFIRM":"02170C7300E","SPUD":null,"SUBDNUM":3966,"LEGAL":"ALASKA RANCHOS #1 RSB B/4 L/15     BLOCK 4 LOT 15A","DOC1_DATE":"2018-08-01T00:00:00Z","DOC1_TYPE":"WARRANTY DEED (ALL TYPES)","DOC1_RCRD":"Palmer-Bk  Pg ","DOC2_DATE":"1996-05-16T00:00:00Z","DOC2_TYPE":"QUITCLAIM DEED (ALL TYPE)","DOC2_RCRD":"Palmer-Bk 848 Pg 259","LANDUSE":"","RESUNIT":0.0,"MHUNIT":0.0,"DUPLEXUNIT":0.0,"MULTIUNIT":0.0,"GQUNIT":0.0,"MH_PK_UNIT":0.0,"BLDG_USE1":"","BLDG_USE2":"","BLDG_USE3":"","BLDG_USE4":"","BLDG_USE5":"","BLDG_USE6":"","Photo":"https://ecommerce.matsugov.us/assessment/Pages/Photos.aspx?isDLG=1&P_ID=69764","GlobalID":"{033A69BB-569C-41C1-9FC7-D6CF2B7F0523}","Shape_Length":0.015569355000511039,"Shape_Area":5.5177982848996829e-06},"geometry":{"type":"MultiPolygon","coordinates":[[[[-149.01196961399998,61.666120454000065,0.0],[-149.01196896899998,61.665075157000047,0.0],[-149.011853881999969,61.665074418000074,0.0],[-149.01078658299997,61.665067560000068,0.0],[-149.010786602999957,61.664431031000049,0.0],[-149.012015069999961,61.664431714000045,0.0],[-149.013873813999965,61.664432728000065,0.0],[-149.017607346999966,61.66443468500006,0.0],[-149.01196961399998,61.666120454000065,0.0]]]]}},
{"type":"Feature","properties":{"OBJECTID":103933,"ParcelType":1,"P_ID":77217,"ACCOUNT":"6003B02L027","TAXID_LOKI":"56003B02L027","ACRES":1.30208002,"TAXACRE":1.3,"ORIGACRE":1.3,"FTYPE":"PARCEL","GENOWN":"PRIVATE","BUYLEASE":"N","OWNER_1":"BROOKS SHARON S","NAME_2":"STOLTENBERG RANDALL W","MAILING_ADDRESS_LINE_A":"","MAILING_ADDRESS_LINE_B":"3440  LUNAR CIR ","MAILING_ADDRESS_CITY":"ANCHORAGE","MAILING_ADDRESS_STATE":"AK","MAILING_ADDRESS_ZIP":"99504-3966","Buyer_Name":"","Buyer_Name_2":"","Buyer_Mailing_Address_A":"","Buyer_Mailing_Address_B":"","Buyer_Mailing_Address_City":"","Buyer_Mailing_Address_State":"","Buyer_Mailing_Address_Zip":"","MERIDIAN":"S","TWP_NUM":"18","TWP_NS":"N","RNG_NUM":"02","RNG_EW":"E","SECT_NUM":"12","GRIDNAME":"PA","GRIDNUM":"03","LANDVALUE":10900.0,"LANDASSD":10900.0,"BLDGVALUE":10500.0,"BLDGASSD":10500.0,"GENAREA":"3654","NBHD":"A1N12","TAXZONE":"0026","CITY":"","COMMCOUN":"15","FSA":"132","RSA":"019","SSA_1":"","SSA_2":"","ESN":24,"ECN":14,"ASSMBDISTRICT":"1","VOTINGPRCNT":"25-315","DFIRM":"02170C7300E","SPUD":null,"SUBDNUM":6003,"LEGAL":"ALASKA RANCHOS #1                  BLOCK 2 LOT 27","DOC1_DATE":"1997-05-19T00:00:00Z","DOC1_TYPE":"QUITCLAIM DEED (ALL TYPE)","DOC1_RCRD":"Palmer-Bk 893 Pg 953","DOC2_DATE":"1997-05-19T00:00:00Z","DOC2_TYPE":"WARRANTY DEED (ALL TYPES)","DOC2_RCRD":"Palmer-Bk 893 Pg 946","LANDUSE":"","RESUNIT":1.0,"MHUNIT":0.0,"DUPLEXUNIT":0.0,"MULTIUNIT":0.0,"GQUNIT":0.0,"MH_PK_UNIT":0.0,"BLDG_USE1":"1100","BLDG_USE2":"","BLDG_USE3":"","BLDG_USE4":"","BLDG_USE5":"","BLDG_USE6":"","Photo":"https://ecommerce.matsugov.us/assessment/Pages/Photos.aspx?isDLG=1&P_ID=77217","GlobalID":"{F7D274E9-28FA-49B5-8E52-CFA3114C7442}","Shape_Length":0.0042563490476399211,"Shape_Area":8.9197210493116113e-07},"geometry":{"type":"MultiPolygon","coordinates":[[[[-149.000738836999972,61.665712287000076,0.0],[-149.001645033999978,61.665234501000043,0.0],[-149.002007685999956,61.665545602000066,0.0],[-149.002080415999984,61.665602269000033,0.0],[-149.002162843999969,61.665655852000043,0.0],[-149.002254394999966,61.665705976000083,0.0],[-149.002354430999958,61.665752293000082,0.0],[-149.000738610999974,61.666341403000047,0.0],[-149.000738836999972,61.665712287000076,0.0]]]]}},
{"type":"Feature","properties":{"OBJECTID":103934,"ParcelType":2,"P_ID":71411,"ACCOUNT":"18N03E07C018","TAXID_LOKI":"118N03E07C018","ACRES":35.50136683,"TAXACRE":35.24,"ORIGACRE":35.24,"FTYPE":"PARCEL","GENOWN":"PRIVATE","BUYLEASE":"N","OWNER_1":"BETHMAN PAMELA J","NAME_2":"MATANUSKA-SUSITNA BOROUGH","MAILING_ADDRESS_LINE_A":"","MAILING_ADDRESS_LINE_B":"PO BOX 4723","MAILING_ADDRESS_CITY":"PALMER","MAILING_ADDRESS_STATE":"AK","MAILING_ADDRESS_ZIP":"99645","Buyer_Name":"","Buyer_Name_2":"","Buyer_Mailing_Address_A":"","Buyer_Mailing_Address_B":"","Buyer_Mailing_Address_City":"","Buyer_Mailing_Address_State":"","Buyer_Mailing_Address_Zip":"","MERIDIAN":"S","TWP_NUM":"18","TWP_NS":"N","RNG_NUM":"03","RNG_EW":"E","SECT_NUM":"07","GRIDNAME":"PA","GRIDNUM":"02","LANDVALUE":8800.0,"LANDASSD":0.0,"BLDGVALUE":411400.0,"BLDGASSD":134941.0,"GENAREA":"3654","NBHD":"AG_LAND","TAXZONE":"0026","CITY":"","COMMCOUN":"15","FSA":"132","RSA":"019","SSA_1":"","SSA_2":"","ESN":24,"ECN":14,"ASSMBDISTRICT":"1","VOTINGPRCNT":"25-315","DFIRM":null,"SPUD":null,"SUBDNUM":0,"LEGAL":"TOWNSHIP 18N RANGE 3E              SECTION 7 LOT C18","DOC1_DATE":"2022-09-06T00:00:00Z","DOC1_TYPE":"PERSONAL REPRESENTATIVE","DOC1_RCRD":"Palmer-Bk  Pg ","DOC2_DATE":"2005-05-05T00:00:00Z","DOC2_TYPE":"WARRANTY DEED (ALL TYPES)","DOC2_RCRD":"Palmer-Bk  Pg 0","LANDUSE":"","RESUNIT":1.0,"MHUNIT":0.0,"DUPLEXUNIT":0.0,"MULTIUNIT":0.0,"GQUNIT":0.0,"MH_PK_UNIT":0.0,"BLDG_USE1":"1100","BLDG_USE2":"","BLDG_USE3":"","BLDG_USE4":"","BLDG_USE5":"","BLDG_USE6":"","Photo":"https://ecommerce.matsugov.us/assessment/Pages/Photos.aspx?isDLG=1&P_ID=71411","GlobalID":"{C961629B-5721-4E4A-B55A-866D58A2BB7D}","Shape_Length":0.020707509041079566,"Shape_Area":2.4341290579848137e-05},"geometry":{"type":"MultiPolygon","coordinates":[[[[-148.990000618999971,61.664477137000063,0.0],[-148.996783851999965,61.664432895000061,0.0],[-148.996782101999969,61.66803139700005,0.0],[-148.996782094999958,61.66804361800007,0.0],[-148.990076778999963,61.668084302000068,0.0],[-148.990000618999971,61.664477137000063,0.0]]]]}},
{"type":"Feature","properties":{"OBJECTID":103935,"ParcelType":2,"P_ID":51034,"ACCOUNT":"18N02E12B002","TAXID_LOKI":"118N02E12B002","ACRES":73.57771542,"TAXACRE":69.43,"ORIGACRE":69.43,"FTYPE":"PARCEL","GENOWN":"PRIVATE","BUYLEASE":"N","OWNER_1":"DEVILBISS JOINT REV TR","NAME_2":"","MAILING_ADDRESS_LINE_A":"","MAILING_ADDRESS_LINE_B":"17855 E HARDING DR ","MAILING_ADDRESS_CITY":"PALMER","MAILING_ADDRESS_STATE":"AK","MAILING_ADDRESS_ZIP":"99645-8714","Buyer_Name":"","Buyer_Name_2":"","Buyer_Mailing_Address_A":"","Buyer_Mailing_Address_B":"","Buyer_Mailing_Address_City":"","Buyer_Mailing_Address_State":"","Buyer_Mailing_Address_Zip":"","MERIDIAN":"S","TWP_NUM":"18","TWP_NS":"N","RNG_NUM":"02","RNG_EW":"E","SECT_NUM":"12","GRIDNAME":"PA","GRIDNUM":"03","LANDVALUE":37800.0,"LANDASSD":37800.0,"BLDGVALUE":0.0,"BLDGASSD":0.0,"GENAREA":"3654","NBHD":"A1N10","TAXZONE":"0025","CITY":"","COMMCOUN":"15","FSA":"900","RSA":"019","SSA_1":"","SSA_2":"","ESN":23,"ECN":14,"ASSMBDISTRICT":"1","VOTINGPRCNT":"25-315","DFIRM":"02170C7300E","SPUD":null,"SUBDNUM":0,"LEGAL":"TOWNSHIP 18N RANGE 2E              SECTION 12 LOT B2","DOC1_DATE":"2018-03-12T00:00:00Z","DOC1_TYPE":"QUITCLAIM DEED (ALL TYPE)","DOC1_RCRD":"Palmer-Bk  Pg ","DOC2_DATE":"2017-05-17T00:00:00Z","DOC2_TYPE":"QUITCLAIM DEED (ALL TYPE)","DOC2_RCRD":"Palmer-Bk  Pg ","LANDUSE":"","RESUNIT":0.0,"MHUNIT":0.0,"DUPLEXUNIT":0.0,"MULTIUNIT":0.0,"GQUNIT":0.0,"MH_PK_UNIT":0.0,"BLDG_USE1":"","BLDG_USE2":"","BLDG_USE3":"","BLDG_USE4":"","BLDG_USE5":"","BLDG_USE6":"","Photo":"https://ecommerce.matsugov.us/assessment/Pages/Photos.aspx?isDLG=1&P_ID=51034","GlobalID":"{682F88EE-8367-489E-AE82-C932916BCC71}","Shape_Length":0.036825060801958603,"Shape_Area":5.0448633232093459e-05},"geometry":{"type":"MultiPolygon","coordinates":[[[[-149.01197080999998,61.668042314000047,0.0],[-149.011970797999965,61.668042269000068,0.0],[-149.01196961399998,61.666120454000065,0.0],[-149.017607346999966,61.66443468500006,0.0],[-149.019619876999968,61.66443569900008,0.0],[-149.027197212999965,61.664445966000073,0.0],[-149.027200535999981,61.668401887000073,0.0],[-149.019620765999974,61.667968675000054,0.0],[-149.017325441999958,61.667854310000052,0.0],[-149.015797599999956,61.667681162000065,0.0],[-149.012201317999967,61.668352736000031,0.0],[-149.01197080999998,61.668042314000047,0.0]]]]}},
{"type":"Feature","properties":{"OBJECTID":103936,"ParcelType":2,"P_ID":38578,"ACCOUNT":"18N02E12D008","TAXID_LOKI":"118N02E12D008","ACRES":39.89420292,"TAXACRE":38.48,"ORIGACRE":38.48,"FTYPE":"PARCEL","GENOWN":"PRIVATE","BUYLEASE":"N","OWNER_1":"SUNDERLAND FARMS LLC","NAME_2":"","MAILING_ADDRESS_LINE_A":"","MAILING_ADDRESS_LINE_B":"10120 N WOLVERINE RD ","MAILING_ADDRESS_CITY":"PALMER","MAILING_ADDRESS_STATE":"AK","MAILING_ADDRESS_ZIP":"99645","Buyer_Name":"","Buyer_Name_2":"","Buyer_Mailing_Address_A":"","Buyer_Mailing_Address_B":"","Buyer_Mailing_Address_City":"","Buyer_Mailing_Address_State":"","Buyer_Mailing_Address_Zip":"","MERIDIAN":"S","TWP_NUM":"18","TWP_NS":"N","RNG_NUM":"02","RNG_EW":"E","SECT_NUM":"13","GRIDNAME":"PA","GRIDNUM":"03","LANDVALUE":199200.0,"LANDASSD":199200.0,"BLDGVALUE":314700.0,"BLDGASSD":314700.0,"GENAREA":"3654","NBHD":"A1N10","TAXZONE":"0026","CITY":"","COMMCOUN":"15","FSA":"132","RSA":"019","SSA_1":"","SSA_2":"","ESN":24,"ECN":14,"ASSMBDISTRICT":"1","VOTINGPRCNT":"25-315","DFIRM":"02170C7300E","SPUD":null,"SUBDNUM":0,"LEGAL":"TOWNSHIP 18N RANGE 2E              SECTION 12 LOT D8","DOC1_DATE":"2020-01-28T00:00:00Z","DOC1_TYPE":"WARRANTY DEED (ALL TYPES)","DOC1_RCRD":"Palmer-Bk  Pg ","DOC2_DATE":"2011-10-26T00:00:00Z","DOC2_TYPE":"WARRANTY DEED (ALL TYPES)","DOC2_RCRD":"Palmer-Bk  Pg ","LANDUSE":"","RESUNIT":1.0,"MHUNIT":0.0,"DUPLEXUNIT":0.0,"MULTIUNIT":0.0,"GQUNIT":0.0,"MH_PK_UNIT":0.0,"BLDG_USE1":"1100","BLDG_USE2":"","BLDG_USE3":"","BLDG_USE4":"","BLDG_USE5":"","BLDG_USE6":"","Photo":"https://ecommerce.matsugov.us/assessment/Pages/Photos.aspx?isDLG=1&P_ID=38578","GlobalID":"{B8432FC0-819C-44CD-90F4-91C423BCF6BD}","Shape_Length":0.022422457573778507,"Shape_Area":2.7347141260049801e-05},"geometry":{"type":"MultiPolygon","coordinates":[[[[-149.004381117999969,61.657208345000072,0.0],[-149.011991067999958,61.657204818000082,0.0],[-149.012014947999972,61.660798022000051,0.0],[-149.01007636099996,61.660795678000056,0.0],[-149.008195445999974,61.66079337900004,0.0],[-149.006284930999982,61.660791017000065,0.0],[-149.004376018999977,61.66078863000007,0.0],[-149.004381117999969,61.657208345000072,0.0]]]]}},
{"type":"Feature","properties":{"OBJECTID":103937,"ParcelType":2,"P_ID":77449,"ACCOUNT":"18N02E12D004","TAXID_LOKI":"118N02E12D004","ACRES":5.06550775,"TAXACRE":4.62,"ORIGACRE":4.62,"FTYPE":"PARCEL","GENOWN":"PRIVATE","BUYLEASE":"N","OWNER_1":"LIGHTSHINE INTL MINISTRIES","NAME_2":"","MAILING_ADDRESS_LINE_A":"","MAILING_ADDRESS_LINE_B":"PO BOX 777","MAILING_ADDRESS_CITY":"MOUNT JOY","MAILING_ADDRESS_STATE":"PA","MAILING_ADDRESS_ZIP":"17552","Buyer_Name":"","Buyer_Name_2":"","Buyer_Mailing_Address_A":"","Buyer_Mailing_Address_B":"","Buyer_Mailing_Address_City":"","Buyer_Mailing_Address_State":"","Buyer_Mailing_Address_Zip":"","MERIDIAN":"S","TWP_NUM":"18","TWP_NS":"N","RNG_NUM":"02","RNG_EW":"E","SECT_NUM":"12","GRIDNAME":"PA","GRIDNUM":"03","LANDVALUE":52600.0,"LANDASSD":52600.0,"BLDGVALUE":838600.0,"BLDGASSD":838600.0,"GENAREA":"3654","NBHD":"A1N10","TAXZONE":"0026","CITY":"","COMMCOUN":"15","FSA":"132","RSA":"019","SSA_1":"","SSA_2":"","ESN":24,"ECN":14,"ASSMBDISTRICT":"1","VOTINGPRCNT":"25-315","DFIRM":"02170C7300E","SPUD":null,"SUBDNUM":0,"LEGAL":"TOWNSHIP 18N RANGE 2E              SECTION 12 LOT D4","DOC1_DATE":"2017-11-03T00:00:00Z","DOC1_TYPE":"WARRANTY DEED (ALL TYPES)","DOC1_RCRD":"Palmer-Bk  Pg ","DOC2_DATE":"2013-09-03T00:00:00Z","DOC2_TYPE":"QUITCLAIM DEED (ALL TYPE)","DOC2_RCRD":"Palmer-Bk  Pg ","LANDUSE":"","RESUNIT":1.0,"MHUNIT":0.0,"DUPLEXUNIT":0.0,"MULTIUNIT":0.0,"GQUNIT":0.0,"MH_PK_UNIT":0.0,"BLDG_USE1":"1100","BLDG_USE2":"1110","BLDG_USE3":"","BLDG_USE4":"","BLDG_USE5":"","BLDG_USE6":"","Photo":"https://ecommerce.matsugov.us/assessment/Pages/Photos.aspx?isDLG=1&P_ID=77449","GlobalID":"{666AB63F-E66C-4F20-87C2-0A12D14F3CD9}","Shape_Length":0.0074561766315583908,"Shape_Area":3.4726300368334306e-06},"geometry":{"type":"MultiPolygon","coordinates":[[[[-149.004376018999977,61.66078863000007,0.0],[-149.006284930999982,61.660791017000065,0.0],[-149.006285829999968,61.662609733000068,0.0],[-149.00437661999996,61.662607966000053,0.0],[-149.004376018999977,61.66078863000007,0.0]]]]}},
{"type":"Feature","properties":{"OBJECTID":108444,"ParcelType":1,"P_ID":548253,"ACCOUNT":"8727000L002","TAXID_LOKI":"58727000L002","ACRES":10.125041,"TAXACRE":9.59,"ORIGACRE":9.97,"FTYPE":"PARCEL","GENOWN":"PRIVATE","BUYLEASE":"N","OWNER_1":"ROBERTS DANIEL J","NAME_2":"ASHMORE-ROBERTS KATHLEEN","MAILING_ADDRESS_LINE_A":"","MAILING_ADDRESS_LINE_B":"9520 N WOLVERINE RD ","MAILING_ADDRESS_CITY":"PALMER","MAILING_ADDRESS_STATE":"AK","MAILING_ADDRESS_ZIP":"99645","Buyer_Name":"","Buyer_Name_2":"","Buyer_Mailing_Address_A":"","Buyer_Mailing_Address_B":"","Buyer_Mailing_Address_City":"","Buyer_Mailing_Address_State":"","Buyer_Mailing_Address_Zip":"","MERIDIAN":"S","TWP_NUM":"18","TWP_NS":"N","RNG_NUM":"02","RNG_EW":"E","SECT_NUM":"12","GRIDNAME":"PA","GRIDNUM":"03","LANDVALUE":0.0,"LANDASSD":0.0,"BLDGVALUE":0.0,"BLDGASSD":0.0,"GENAREA":"3654","NBHD":"A1N10","TAXZONE":"0026","CITY":"","COMMCOUN":"15","FSA":"132","RSA":"019","SSA_1":"","SSA_2":"","ESN":24,"ECN":14,"ASSMBDISTRICT":"1","VOTINGPRCNT":"25-315","DFIRM":"02170C7300E","SPUD":null,"SUBDNUM":8727,"LEGAL":"WOLVERINE WDS                 LOT 2","DOC1_DATE":null,"DOC1_TYPE":"","DOC1_RCRD":"","DOC2_DATE":null,"DOC2_TYPE":"","DOC2_RCRD":"","LANDUSE":"","RESUNIT":0.0,"MHUNIT":0.0,"DUPLEXUNIT":0.0,"MULTIUNIT":0.0,"GQUNIT":0.0,"MH_PK_UNIT":0.0,"BLDG_USE1":"","BLDG_USE2":"","BLDG_USE3":"","BLDG_USE4":"","BLDG_USE5":"","BLDG_USE6":"","Photo":"https://ecommerce.matsugov.us/assessment/Pages/Photos.aspx?isDLG=1&P_ID=548253","GlobalID":"{16281E2F-9955-440C-BBB7-40C22B6FEBA2}","Shape_Length":0.013092443847446008,"Shape_Area":6.9412937684931995e-06},"geometry":{"type":"MultiPolygon","coordinates":[[[[-149.006284930999982,61.660791017000065,0.0],[-149.008195445999974,61.66079337900004,0.0],[-149.008195808999972,61.662611472000037,0.0],[-149.008195989999962,61.663517512000055,0.0],[-149.004376958999984,61.663517631000047,0.0],[-149.004376567999969,61.663517631000047,0.0],[-149.004375839999966,61.662607966000053,0.0],[-149.00437661999996,61.662607966000053,0.0],[-149.006285829999968,61.662609733000068,0.0],[-149.006284930999982,61.660791017000065,0.0]]]]}},
{"type":"Feature","properties":{"OBJECTID":108445,"ParcelType":1,"P_ID":548252,"ACCOUNT":"8727000L001","TAXID_LOKI":"58727000L001","ACRES":5.07394398,"TAXACRE":4.55,"ORIGACRE":5.0,"FTYPE":"PARCEL","GENOWN":"PRIVATE","BUYLEASE":"N","OWNER_1":"ASHMORE SEAN K & ERIN E","NAME_2":"","MAILING_ADDRESS_LINE_A":"","MAILING_ADDRESS_LINE_B":"5300 N NODDING CT ","MAILING_ADDRESS_CITY":"PALMER","MAILING_ADDRESS_STATE":"AK","MAILING_ADDRESS_ZIP":"99645","Buyer_Name":"","Buyer_Name_2":"","Buyer_Mailing_Address_A":"","Buyer_Mailing_Address_B":"","Buyer_Mailing_Address_City":"","Buyer_Mailing_Address_State":"","Buyer_Mailing_Address_Zip":"","MERIDIAN":"S","TWP_NUM":"18","TWP_NS":"N","RNG_NUM":"02","RNG_EW":"E","SECT_NUM":"12","GRIDNAME":"PA","GRIDNUM":"03","LANDVALUE":0.0,"LANDASSD":0.0,"BLDGVALUE":0.0,"BLDGASSD":0.0,"GENAREA":"3654","NBHD":"A1N10","TAXZONE":"0026","CITY":"","COMMCOUN":"15","FSA":"132","RSA":"019","SSA_1":"","SSA_2":"","ESN":24,"ECN":14,"ASSMBDISTRICT":"1","VOTINGPRCNT":"25-315","DFIRM":"02170C7300E","SPUD":null,"SUBDNUM":8727,"LEGAL":"WOLVERINE WDS              LOT 1","DOC1_DATE":"2026-03-09T00:00:00Z","DOC1_TYPE":"WARRANTY DEED (ALL TYPES)","DOC1_RCRD":"Palmer-Bk  Pg ","DOC2_DATE":null,"DOC2_TYPE":"","DOC2_RCRD":"","LANDUSE":"","RESUNIT":0.0,"MHUNIT":0.0,"DUPLEXUNIT":0.0,"MULTIUNIT":0.0,"GQUNIT":0.0,"MH_PK_UNIT":0.0,"BLDG_USE1":"","BLDG_USE2":"","BLDG_USE3":"","BLDG_USE4":"","BLDG_USE5":"","BLDG_USE6":"","Photo":"https://ecommerce.matsugov.us/assessment/Pages/Photos.aspx?isDLG=1&P_ID=548252","GlobalID":"{A44B41DA-9B49-421F-9067-9E0E719BF500}","Shape_Length":0.0094599989842421538,"Shape_Area":3.4786713780713752e-06},"geometry":{"type":"MultiPolygon","coordinates":[[[[-149.004376567999969,61.663517631000047,0.0],[-149.008195989999962,61.663517512000055,0.0],[-149.00819617199997,61.664429555000083,0.0],[-149.004377295999973,61.66442728800007,0.0],[-149.004376567999969,61.663517631000047,0.0]]]]}},
{"type":"Feature","properties":{"OBJECTID":109403,"ParcelType":5,"P_ID":0,"ACCOUNT":null,"TAXID_LOKI":null,"ACRES":0.99524765,"TAXACRE":null,"ORIGACRE":null,"FTYPE":null,"GENOWN":null,"BUYLEASE":"N","OWNER_1":null,"NAME_2":null,"MAILING_ADDRESS_LINE_A":null,"MAILING_ADDRESS_LINE_B":null,"MAILING_ADDRESS_CITY":null,"MAILING_ADDRESS_STATE":null,"MAILING_ADDRESS_ZIP":null,"Buyer_Name":null,"Buyer_Name_2":null,"Buyer_Mailing_Address_A":null,"Buyer_Mailing_Address_B":null,"Buyer_Mailing_Address_City":null,"Buyer_Mailing_Address_State":null,"Buyer_Mailing_Address_Zip":null,"MERIDIAN":"S","TWP_NUM":"18","TWP_NS":"N","RNG_NUM":"02","RNG_EW":"E","SECT_NUM":"14","GRIDNAME":"PA","GRIDNUM":"03","LANDVALUE":null,"LANDASSD":null,"BLDGVALUE":null,"BLDGASSD":null,"GENAREA":null,"NBHD":null,"TAXZONE":null,"CITY":null,"COMMCOUN":"15","FSA":null,"RSA":null,"SSA_1":null,"SSA_2":null,"ESN":24,"ECN":14,"ASSMBDISTRICT":"1","VOTINGPRCNT":"25-315","DFIRM":"02170C7300E","SPUD":null,"SUBDNUM":null,"LEGAL":null,"DOC1_DATE":null,"DOC1_TYPE":null,"DOC1_RCRD":null,"DOC2_DATE":null,"DOC2_TYPE":null,"DOC2_RCRD":null,"LANDUSE":null,"RESUNIT":null,"MHUNIT":null,"DUPLEXUNIT":null,"MULTIUNIT":null,"GQUNIT":null,"MH_PK_UNIT":null,"BLDG_USE1":null,"BLDG_USE2":null,"BLDG_USE3":null,"BLDG_USE4":null,"BLDG_USE5":null,"BLDG_USE6":null,"Photo":"https://ecommerce.matsugov.us/assessment/Pages/Photos.aspx?isDLG=1&P_ID=0","GlobalID":"{E527DD0C-C592-4792-A3AD-86065B29108E}","Shape_Length":0.013136158321376264,"Shape_Area":6.8176364092870546e-07},"geometry":{"type":"MultiPolygon","coordinates":[[[[-149.045782109999976,61.651015447000077,0.0],[-149.045959550999982,61.651015614000073,0.0],[-149.045984405999974,61.651079243000083,0.0],[-149.045998779999962,61.651143598000033,0.0],[-149.046002585999958,61.651208290000056,0.0],[-149.045995797999979,61.651272926000047,0.0],[-149.045978461999965,61.651337116000036,0.0],[-149.045886013999962,61.651598970000066,0.0],[-149.045878991999956,61.651635917000078,0.0],[-149.045883857999968,61.651672942000062,0.0],[-149.045900496999963,61.651709185000072,0.0],[-149.045928522999958,61.65174380600007,0.0],[-149.045967285999978,61.651776,0.0],[-149.046015883999956,61.651805019000051,0.0],[-149.04611660499998,61.651861301000054,0.0],[-149.046206601999984,61.651921552000033,0.0],[-149.046285187999956,61.651985311000033,0.0],[-149.046351759999965,61.65205209100003,0.0],[-149.046405812999978,61.652121382000075,0.0],[-149.046446929999973,61.652192652000053,0.0],[-149.046579634999972,61.652469618000055,0.0],[-149.046600101999957,61.652500220000036,0.0],[-149.046631037999958,61.652528766000046,0.0],[-149.046671569999972,61.652554451000071,0.0],[-149.046720560999972,61.652576553000074,0.0],[-149.046776629999982,61.652594452000073,0.0],[-149.046838199999968,61.652607642000078,0.0],[-149.04690353899997,61.652615754000067,0.0],[-149.047023295999963,61.652628413000059,0.0],[-149.047139992999973,61.65264641300007,0.0],[-149.047252574999959,61.652669590000073,0.0],[-149.047360032999961,61.65269773700004,0.0],[-149.047461398999957,61.652730600000041,0.0],[-149.047555758999977,61.652767882000035,0.0],[-149.04811553899998,61.65301117000007,0.0],[-149.048206403999984,61.653046213000039,0.0],[-149.048305284999969,61.653075947000048,0.0],[-149.048410816999962,61.653099961000066,0.0],[-149.048521541999975,61.653117924000071,0.0],[-149.048635933999975,61.65312958700008,0.0],[-149.048752413999978,61.65313479100007,0.0],[-149.050318516999965,61.653160684000056,0.0],[-149.050462219999957,61.653165804000082,0.0],[-149.050604599999957,61.653176373000065,0.0],[-149.050744744999975,61.653192323000042,0.0],[-149.050881760999971,61.653213551000078,0.0],[-149.051014767999959,61.653239923000058,0.0],[-149.05103138299998,61.653243640000028,0.0],[-149.050958092999963,61.653317933000039,0.0],[-149.050942179999964,61.653314370000032,0.0],[-149.050821897999981,61.653290515000037,0.0],[-149.050697987999968,61.653271313000062,0.0],[-149.050571244999958,61.653256885000076,0.0],[-149.050442481999966,61.653247325000052,0.0],[-149.050312522999974,61.653242693000038,0.0],[-149.048746414999982,61.653216800000052,0.0],[-149.048629158999972,61.653212034000035,0.0],[-149.048513505999978,61.653201684000067,0.0],[-149.048400628999957,61.653185854000071,0.0],[-149.048291672999966,61.653164705000052,0.0],[-149.048187744999979,61.653138450000029,0.0],[-149.048089896999983,61.653107358000057,0.0],[-149.047999121999965,61.653071743000055,0.0],[-149.047879217999963,61.653019631000063,0.0],[-149.047677626999956,61.652932016000079,0.0],[-149.047439342999979,61.65282845400003,0.0],[-149.047340459999958,61.652790130000028,0.0],[-149.047233059999968,61.652757399000052,0.0],[-149.047118530999967,61.652730685000051,0.0],[-149.046998359999975,61.652710334000062,0.0],[-149.046874103999983,61.652696611000067,0.0],[-149.046792186999966,61.652686877000065,0.0],[-149.046714148999968,61.652671544000043,0.0],[-149.046641673999972,61.652650944000072,0.0],[-149.046576319999957,61.652625521000061,0.0],[-149.046519497999981,61.652595821000034,0.0],[-149.046472428999977,61.652562486000079,0.0],[-149.046436130999979,61.652526234000049,0.0],[-149.04641138599996,61.652487845000053,0.0],[-149.046278683999958,61.652210882000077,0.0],[-149.046241558999981,61.652146531000028,0.0],[-149.046192755999982,61.652083967000067,0.0],[-149.046132645999961,61.652023671000052,0.0],[-149.046061689999959,61.651966102000074,0.0],[-149.045980430999975,61.651911700000028,0.0],[-149.045889489999979,61.65186088300004,0.0],[-149.045833018999957,61.65182790700004,0.0],[-149.045786070999981,61.651791712000033,0.0],[-149.045749445999974,61.651752915000031,0.0],[-149.045723769999967,61.651712179000072,0.0],[-149.045709479999971,61.651670198000033,0.0],[-149.045706823999978,61.651627689000065,0.0],[-149.045715840999975,61.651585379000039,0.0],[-149.045808290999958,61.651323528000034,0.0],[-149.045824600999964,61.65126192300005,0.0],[-149.045830139999964,61.651199887000075,0.0],[-149.045824866999965,61.65113784600004,0.0],[-149.04580882099998,61.651076226000043,0.0],[-149.045782109999976,61.651015447000077,0.0]]]]}},
{"type":"Feature","properties":{"OBJECTID":109417,"ParcelType":1,"P_ID":545516,"ACCOUNT":"9253000U001","TAXID_LOKI":"59253000U001","ACRES":2.63872689,"TAXACRE":2.64,"ORIGACRE":2.64,"FTYPE":"PARCEL","GENOWN":"PRIVATE","BUYLEASE":"N","OWNER_1":"DONATELLI BARBARA","NAME_2":"","MAILING_ADDRESS_LINE_A":"","MAILING_ADDRESS_LINE_B":"6285 N WOLVERINE RD ","MAILING_ADDRESS_CITY":"PALMER","MAILING_ADDRESS_STATE":"AK","MAILING_ADDRESS_ZIP":"99645","Buyer_Name":"","Buyer_Name_2":"","Buyer_Mailing_Address_A":"","Buyer_Mailing_Address_B":"","Buyer_Mailing_Address_City":"","Buyer_Mailing_Address_State":"","Buyer_Mailing_Address_Zip":"","MERIDIAN":"S","TWP_NUM":"18","TWP_NS":"N","RNG_NUM":"02","RNG_EW":"E","SECT_NUM":"14","GRIDNAME":"PA","GRIDNUM":"03","LANDVALUE":35500.0,"LANDASSD":35500.0,"BLDGVALUE":516800.0,"BLDGASSD":516800.0,"GENAREA":"3654","NBHD":"A1N10","TAXZONE":"0026","CITY":"","COMMCOUN":"15","FSA":"132","RSA":"019","SSA_1":"","SSA_2":"","ESN":24,"ECN":14,"ASSMBDISTRICT":"1","VOTINGPRCNT":"25-315","DFIRM":"02170C7300E","SPUD":null,"SUBDNUM":9253,"LEGAL":"LAZY MTN AC CONDO                      UNIT 1","DOC1_DATE":null,"DOC1_TYPE":"","DOC1_RCRD":"","DOC2_DATE":null,"DOC2_TYPE":"","DOC2_RCRD":"","LANDUSE":"","RESUNIT":0.0,"MHUNIT":0.0,"DUPLEXUNIT":0.0,"MULTIUNIT":0.0,"GQUNIT":0.0,"MH_PK_UNIT":0.0,"BLDG_USE1":"6590","BLDG_USE2":"8100","BLDG_USE3":"8200","BLDG_USE4":"","BLDG_USE5":"","BLDG_USE6":"","Photo":"https://ecommerce.matsugov.us/assessment/Pages/Photos.aspx?isDLG=1&P_ID=545516","GlobalID":"{72D7A5FE-3D17-4883-AEA7-018637525C13}","Shape_Length":0.0064505317838383291,"Shape_Area":1.8084897130547399e-06},"geometry":{"type":"MultiPolygon","coordinates":[[[[-149.045333031999974,61.65293170800004,0.0],[-149.047677626999956,61.652932016000079,0.0],[-149.047879217999963,61.653019631000063,0.0],[-149.047879035999983,61.653597878000028,0.0],[-149.047879019999982,61.653646124000034,0.0],[-149.046176031999977,61.653645426000082,0.0],[-149.045332749999972,61.653645074000053,0.0],[-149.045332765999973,61.653602267000053,0.0],[-149.045333031999974,61.65293170800004,0.0]]]]}},
{"type":"Feature","properties":{"OBJECTID":109418,"ParcelType":1,"P_ID":545517,"ACCOUNT":"9253000U002","TAXID_LOKI":"59253000U002","ACRES":34.76848298,"TAXACRE":35.84,"ORIGACRE":35.91,"FTYPE":"PARCEL","GENOWN":"PRIVATE","BUYLEASE":"N","OWNER_1":"DONATELLI BARBARA","NAME_2":"","MAILING_ADDRESS_LINE_A":"","MAILING_ADDRESS_LINE_B":"6285 N WOLVERINE RD ","MAILING_ADDRESS_CITY":"PALMER","MAILING_ADDRESS_STATE":"AK","MAILING_ADDRESS_ZIP":"99645","Buyer_Name":"","Buyer_Name_2":"","Buyer_Mailing_Address_A":"","Buyer_Mailing_Address_B":"","Buyer_Mailing_Address_City":"","Buyer_Mailing_Address_State":"","Buyer_Mailing_Address_Zip":"","MERIDIAN":"S","TWP_NUM":"18","TWP_NS":"N","RNG_NUM":"02","RNG_EW":"E","SECT_NUM":"15","GRIDNAME":"PA","GRIDNUM":"03","LANDVALUE":204400.0,"LANDASSD":204400.0,"BLDGVALUE":1185600.0,"BLDGASSD":1185600.0,"GENAREA":"3654","NBHD":"A1N10","TAXZONE":"0026","CITY":"","COMMCOUN":"15","FSA":"132","RSA":"019","SSA_1":"","SSA_2":"","ESN":24,"ECN":14,"ASSMBDISTRICT":"1","VOTINGPRCNT":"25-315","DFIRM":"02170C7300E","SPUD":null,"SUBDNUM":9253,"LEGAL":"LAZY MTN AC CONDO                           UNIT 2","DOC1_DATE":null,"DOC1_TYPE":"","DOC1_RCRD":"","DOC2_DATE":null,"DOC2_TYPE":"","DOC2_RCRD":"","LANDUSE":"","RESUNIT":1.0,"MHUNIT":0.0,"DUPLEXUNIT":0.0,"MULTIUNIT":0.0,"GQUNIT":0.0,"MH_PK_UNIT":0.0,"BLDG_USE1":"1100","BLDG_USE2":"","BLDG_USE3":"","BLDG_USE4":"","BLDG_USE5":"","BLDG_USE6":"","Photo":"https://ecommerce.matsugov.us/assessment/Pages/Photos.aspx?isDLG=1&P_ID=545517","GlobalID":"{C2A68FC0-3745-43E3-BE50-EC6450E34612}","Shape_Length":0.052954759006937156,"Shape_Area":2.382923325115673e-05},"geometry":{"type":"MultiPolygon","coordinates":[[[[-149.05339478099998,61.65102240300007,0.0],[-149.053461216999978,61.651022462000071,0.0],[-149.052540608999976,61.651713693000033,0.0],[-149.05103138299998,61.653243640000028,0.0],[-149.051014767999959,61.653239923000058,0.0],[-149.050881760999971,61.653213551000078,0.0],[-149.050744744999975,61.653192323000042,0.0],[-149.050604599999957,61.653176373000065,0.0],[-149.050462219999957,61.653165804000082,0.0],[-149.050318516999965,61.653160684000056,0.0],[-149.048752413999978,61.65313479100007,0.0],[-149.048635933999975,61.65312958700008,0.0],[-149.048521541999975,61.653117924000071,0.0],[-149.048410816999962,61.653099961000066,0.0],[-149.048305284999969,61.653075947000048,0.0],[-149.048206403999984,61.653046213000039,0.0],[-149.04811553899998,61.65301117000007,0.0],[-149.047555758999977,61.652767882000035,0.0],[-149.047461398999957,61.652730600000041,0.0],[-149.047360032999961,61.65269773700004,0.0],[-149.047252574999959,61.652669590000073,0.0],[-149.047139992999973,61.65264641300007,0.0],[-149.047023295999963,61.652628413000059,0.0],[-149.04690353899997,61.652615754000067,0.0],[-149.046838199999968,61.652607642000078,0.0],[-149.046776629999982,61.652594452000073,0.0],[-149.046720560999972,61.652576553000074,0.0],[-149.046671569999972,61.652554451000071,0.0],[-149.046631037999958,61.652528766000046,0.0],[-149.046600101999957,61.652500220000036,0.0],[-149.046579634999972,61.652469618000055,0.0],[-149.046446929999973,61.652192652000053,0.0],[-149.046405812999978,61.652121382000075,0.0],[-149.046351759999965,61.65205209100003,0.0],[-149.046285187999956,61.651985311000033,0.0],[-149.046206601999984,61.651921552000033,0.0],[-149.04611660499998,61.651861301000054,0.0],[-149.046015883999956,61.651805019000051,0.0],[-149.045967285999978,61.651776,0.0],[-149.045928522999958,61.65174380600007,0.0],[-149.045900496999963,61.651709185000072,0.0],[-149.045883857999968,61.651672942000062,0.0],[-149.045878991999956,61.651635917000078,0.0],[-149.045886013999962,61.651598970000066,0.0],[-149.045978461999965,61.651337116000036,0.0],[-149.045995797999979,61.651272926000047,0.0],[-149.046002585999958,61.651208290000056,0.0],[-149.045998779999962,61.651143598000033,0.0],[-149.045984405999974,61.651079243000083,0.0],[-149.045959550999982,61.651015614000073,0.0],[-149.05339478099998,61.65102240300007,0.0]]],[[[-149.047879035999983,61.653597878000028,0.0],[-149.047879217999963,61.653019631000063,0.0],[-149.047999121999965,61.653071743000055,0.0],[-149.048089896999983,61.653107358000057,0.0],[-149.048187744999979,61.653138450000029,0.0],[-149.048291672999966,61.653164705000052,0.0],[-149.048400628999957,61.653185854000071,0.0],[-149.048513505999978,61.653201684000067,0.0],[-149.048629158999972,61.653212034000035,0.0],[-149.048746414999982,61.653216800000052,0.0],[-149.050312522999974,61.653242693000038,0.0],[-149.050442481999966,61.653247325000052,0.0],[-149.050571244999958,61.653256885000076,0.0],[-149.050697987999968,61.653271313000062,0.0],[-149.050821897999981,61.653290515000037,0.0],[-149.050942179999964,61.653314370000032,0.0],[-149.050958092999963,61.653317933000039,0.0],[-149.050857750999967,61.653419646000032,0.0],[-149.050804013999965,61.653474118000076,0.0],[-149.051793831999959,61.653474278000033,0.0],[-149.052005721999961,61.653498626000044,0.0],[-149.052220072999972,61.653517485000066,0.0],[-149.052436255999964,61.653530801000045,0.0],[-149.052653637999981,61.653538532000027,0.0],[-149.052871581999966,61.653540659000043,0.0],[-149.05308944899997,61.653537172000028,0.0],[-149.053306597999978,61.653528085000062,0.0],[-149.054280605999963,61.653474648000042,0.0],[-149.057547767999978,61.653475065000066,0.0],[-149.057547665999977,61.653580434000048,0.0],[-149.057547601999971,61.653649330000064,0.0],[-149.049954645999975,61.653646945000048,0.0],[-149.047879019999982,61.653646124000034,0.0],[-149.047879035999983,61.653597878000028,0.0]]],[[[-149.045091105999973,61.651014795000037,0.0],[-149.045782109999976,61.651015447000077,0.0],[-149.04580882099998,61.651076226000043,0.0],[-149.045824866999965,61.65113784600004,0.0],[-149.045830139999964,61.651199887000075,0.0],[-149.045824600999964,61.65126192300005,0.0],[-149.045808290999958,61.651323528000034,0.0],[-149.045715840999975,61.651585379000039,0.0],[-149.045706823999978,61.651627689000065,0.0],[-149.045709479999971,61.651670198000033,0.0],[-149.045723769999967,61.651712179000072,0.0],[-149.045749445999974,61.651752915000031,0.0],[-149.045786070999981,61.651791712000033,0.0],[-149.045833018999957,61.65182790700004,0.0],[-149.045889489999979,61.65186088300004,0.0],[-149.045980430999975,61.651911700000028,0.0],[-149.046061689999959,61.651966102000074,0.0],[-149.046132645999961,61.652023671000052,0.0],[-149.046192755999982,61.652083967000067,0.0],[-149.046241558999981,61.652146531000028,0.0],[-149.046278683999958,61.652210882000077,0.0],[-149.04641138599996,61.652487845000053,0.0],[-149.046436130999979,61.652526234000049,0.0],[-149.046472428999977,61.652562486000079,0.0],[-149.046519497999981,61.652595821000034,0.0],[-149.046576319999957,61.652625521000061,0.0],[-149.046641673999972,61.652650944000072,0.0],[-149.046714148999968,61.652671544000043,0.0],[-149.046792186999966,61.652686877000065,0.0],[-149.046874103999983,61.652696611000067,0.0],[-149.046998359999975,61.652710334000062,0.0],[-149.047118530999967,61.652730685000051,0.0],[-149.047233059999968,61.652757399000052,0.0],[-149.047340459999958,61.652790130000028,0.0],[-149.047439342999979,61.65282845400003,0.0],[-149.047677626999956,61.652932016000079,0.0],[-149.045333031999974,61.65293170800004,0.0],[-149.045332765999973,61.653602267000053,0.0],[-149.045332749999972,61.653645074000053,0.0],[-149.042360758999962,61.653643788000068,0.0],[-149.042362375999971,61.651012184000081,0.0],[-149.042380900999973,61.65101220300005,0.0],[-149.045091105999973,61.651014795000037,0.0]]]]}},
{"type":"Feature","properties":{"OBJECTID":109420,"ParcelType":5,"P_ID":0,"ACCOUNT":null,"TAXID_LOKI":null,"ACRES":0.14787075,"TAXACRE":null,"ORIGACRE":null,"FTYPE":null,"GENOWN":null,"BUYLEASE":"N","OWNER_1":null,"NAME_2":null,"MAILING_ADDRESS_LINE_A":null,"MAILING_ADDRESS_LINE_B":null,"MAILING_ADDRESS_CITY":null,"MAILING_ADDRESS_STATE":null,"MAILING_ADDRESS_ZIP":null,"Buyer_Name":null,"Buyer_Name_2":null,"Buyer_Mailing_Address_A":null,"Buyer_Mailing_Address_B":null,"Buyer_Mailing_Address_City":null,"Buyer_Mailing_Address_State":null,"Buyer_Mailing_Address_Zip":null,"MERIDIAN":"S","TWP_NUM":"18","TWP_NS":"N","RNG_NUM":"02","RNG_EW":"E","SECT_NUM":"14","GRIDNAME":"PA","GRIDNUM":"03","LANDVALUE":null,"LANDASSD":null,"BLDGVALUE":null,"BLDGASSD":null,"GENAREA":null,"NBHD":null,"TAXZONE":null,"CITY":null,"COMMCOUN":"15","FSA":null,"RSA":null,"SSA_1":null,"SSA_2":null,"ESN":24,"ECN":14,"ASSMBDISTRICT":"1","VOTINGPRCNT":"25-315","DFIRM":"02170C7300E","SPUD":null,"SUBDNUM":null,"LEGAL":null,"DOC1_DATE":null,"DOC1_TYPE":null,"DOC1_RCRD":null,"DOC2_DATE":null,"DOC2_TYPE":null,"DOC2_RCRD":null,"LANDUSE":null,"RESUNIT":null,"MHUNIT":null,"DUPLEXUNIT":null,"MULTIUNIT":null,"GQUNIT":null,"MH_PK_UNIT":null,"BLDG_USE1":null,"BLDG_USE2":null,"BLDG_USE3":null,"BLDG_USE4":null,"BLDG_USE5":null,"BLDG_USE6":null,"Photo":"https://ecommerce.matsugov.us/assessment/Pages/Photos.aspx?isDLG=1&P_ID=0","GlobalID":"{EDFA0A14-973C-4DF9-9C26-B672ACE04F83}","Shape_Length":0.0049780105969840531,"Shape_Area":1.006401786621374e-07},"geometry":{"type":"MultiPolygon","coordinates":[[[[-149.051793831999959,61.653474278000033,0.0],[-149.054280605999963,61.653474648000042,0.0],[-149.053306597999978,61.653528085000062,0.0],[-149.05308944899997,61.653537172000028,0.0],[-149.052871581999966,61.653540659000043,0.0],[-149.052653637999981,61.653538532000027,0.0],[-149.052436255999964,61.653530801000045,0.0],[-149.052220072999972,61.653517485000066,0.0],[-149.052005721999961,61.653498626000044,0.0],[-149.051793831999959,61.653474278000033,0.0]]]]}}
]
}
